-- MariaDB dump 10.19  Distrib 10.6.4-MariaDB, for osx10.16 (x86_64)
--
-- Host: localhost    Database: protiling
-- ------------------------------------------------------
-- Server version	10.6.4-MariaDB

/*!40101 SET @OLD_CHARACTER_SET_CLIENT=@@CHARACTER_SET_CLIENT */;
/*!40101 SET @OLD_CHARACTER_SET_RESULTS=@@CHARACTER_SET_RESULTS */;
/*!40101 SET @OLD_COLLATION_CONNECTION=@@COLLATION_CONNECTION */;
/*!40101 SET NAMES utf8mb4 */;
/*!40103 SET @OLD_TIME_ZONE=@@TIME_ZONE */;
/*!40103 SET TIME_ZONE='+00:00' */;
/*!40014 SET @OLD_UNIQUE_CHECKS=@@UNIQUE_CHECKS, UNIQUE_CHECKS=0 */;
/*!40014 SET @OLD_FOREIGN_KEY_CHECKS=@@FOREIGN_KEY_CHECKS, FOREIGN_KEY_CHECKS=0 */;
/*!40101 SET @OLD_SQL_MODE=@@SQL_MODE, SQL_MODE='NO_AUTO_VALUE_ON_ZERO' */;
/*!40111 SET @OLD_SQL_NOTES=@@SQL_NOTES, SQL_NOTES=0 */;

--
-- Table structure for table `announcements`
--

DROP TABLE IF EXISTS `announcements`;
/*!40101 SET @saved_cs_client     = @@character_set_client */;
/*!40101 SET character_set_client = utf8 */;
CREATE TABLE `announcements` (
  `id` int(11) NOT NULL AUTO_INCREMENT,
  `userId` int(11) NOT NULL,
  `pluginId` int(11) DEFAULT NULL,
  `heading` varchar(255) COLLATE utf8mb3_unicode_ci NOT NULL,
  `body` text COLLATE utf8mb3_unicode_ci NOT NULL,
  `unread` tinyint(1) NOT NULL DEFAULT 1,
  `dateRead` datetime DEFAULT NULL,
  `dateCreated` datetime NOT NULL,
  PRIMARY KEY (`id`),
  KEY `idx_hefqytsqsbzlrrfnmtdjlzyiatefrsllnhtp` (`userId`,`unread`,`dateRead`,`dateCreated`),
  KEY `idx_kgbtrmspzcgepgelvjjgboasfeigndidunxk` (`dateRead`),
  KEY `fk_pzgccxoetrdgkzkqsahsjvmfyxzkivwonxap` (`pluginId`),
  CONSTRAINT `fk_ojwqmlqjtfzoedndkfiwtifmmonduweeklxo` FOREIGN KEY (`userId`) REFERENCES `users` (`id`) ON DELETE CASCADE,
  CONSTRAINT `fk_pzgccxoetrdgkzkqsahsjvmfyxzkivwonxap` FOREIGN KEY (`pluginId`) REFERENCES `plugins` (`id`) ON DELETE CASCADE
) ENGINE=InnoDB DEFAULT CHARSET=utf8mb3 COLLATE=utf8mb3_unicode_ci;
/*!40101 SET character_set_client = @saved_cs_client */;

--
-- Dumping data for table `announcements`
--

LOCK TABLES `announcements` WRITE;
/*!40000 ALTER TABLE `announcements` DISABLE KEYS */;
/*!40000 ALTER TABLE `announcements` ENABLE KEYS */;
UNLOCK TABLES;

--
-- Table structure for table `assetindexdata`
--

DROP TABLE IF EXISTS `assetindexdata`;
/*!40101 SET @saved_cs_client     = @@character_set_client */;
/*!40101 SET character_set_client = utf8 */;
CREATE TABLE `assetindexdata` (
  `id` int(11) NOT NULL AUTO_INCREMENT,
  `sessionId` varchar(36) COLLATE utf8mb3_unicode_ci NOT NULL DEFAULT '',
  `volumeId` int(11) NOT NULL,
  `uri` text COLLATE utf8mb3_unicode_ci DEFAULT NULL,
  `size` bigint(20) unsigned DEFAULT NULL,
  `timestamp` datetime DEFAULT NULL,
  `recordId` int(11) DEFAULT NULL,
  `inProgress` tinyint(1) DEFAULT 0,
  `completed` tinyint(1) DEFAULT 0,
  `dateCreated` datetime NOT NULL,
  `dateUpdated` datetime NOT NULL,
  `uid` char(36) COLLATE utf8mb3_unicode_ci NOT NULL DEFAULT '0',
  PRIMARY KEY (`id`),
  KEY `idx_uepviyjxeahxusmzbdkhhyrevudeczrunufi` (`sessionId`,`volumeId`),
  KEY `idx_ayxvlepfpdinxnotpnmnonkhoqnyvccpycld` (`volumeId`),
  CONSTRAINT `fk_kfxodlbzgrslylhzefoolqwcynsqgfdltsni` FOREIGN KEY (`volumeId`) REFERENCES `volumes` (`id`) ON DELETE CASCADE
) ENGINE=InnoDB DEFAULT CHARSET=utf8mb3 COLLATE=utf8mb3_unicode_ci;
/*!40101 SET character_set_client = @saved_cs_client */;

--
-- Dumping data for table `assetindexdata`
--

LOCK TABLES `assetindexdata` WRITE;
/*!40000 ALTER TABLE `assetindexdata` DISABLE KEYS */;
/*!40000 ALTER TABLE `assetindexdata` ENABLE KEYS */;
UNLOCK TABLES;

--
-- Table structure for table `assets`
--

DROP TABLE IF EXISTS `assets`;
/*!40101 SET @saved_cs_client     = @@character_set_client */;
/*!40101 SET character_set_client = utf8 */;
CREATE TABLE `assets` (
  `id` int(11) NOT NULL,
  `volumeId` int(11) DEFAULT NULL,
  `folderId` int(11) NOT NULL,
  `uploaderId` int(11) DEFAULT NULL,
  `filename` varchar(255) COLLATE utf8mb3_unicode_ci NOT NULL,
  `kind` varchar(50) COLLATE utf8mb3_unicode_ci NOT NULL DEFAULT 'unknown',
  `width` int(11) unsigned DEFAULT NULL,
  `height` int(11) unsigned DEFAULT NULL,
  `size` bigint(20) unsigned DEFAULT NULL,
  `focalPoint` varchar(13) COLLATE utf8mb3_unicode_ci DEFAULT NULL,
  `deletedWithVolume` tinyint(1) DEFAULT NULL,
  `keptFile` tinyint(1) DEFAULT NULL,
  `dateModified` datetime DEFAULT NULL,
  `dateCreated` datetime NOT NULL,
  `dateUpdated` datetime NOT NULL,
  `uid` char(36) COLLATE utf8mb3_unicode_ci NOT NULL DEFAULT '0',
  PRIMARY KEY (`id`),
  KEY `idx_qetbbzkvhbpunrhttqtnhnypzrrkdsrosdsj` (`filename`,`folderId`),
  KEY `idx_sawowmwricuoouthtxfbdcvhbdjzbltopmqt` (`folderId`),
  KEY `idx_vukbpturczryprdysvpcnxwnykurihghirsq` (`volumeId`),
  KEY `fk_plowugfwrhbnhjtfxqepcsxfauwjomhzneie` (`uploaderId`),
  CONSTRAINT `fk_iegqfregoktkmrmdlmvobmhgwsptgkohsiwl` FOREIGN KEY (`id`) REFERENCES `elements` (`id`) ON DELETE CASCADE,
  CONSTRAINT `fk_nzzoyukwyfsyzhjdmllpmzqdcsgnfbbnjsrq` FOREIGN KEY (`folderId`) REFERENCES `volumefolders` (`id`) ON DELETE CASCADE,
  CONSTRAINT `fk_plowugfwrhbnhjtfxqepcsxfauwjomhzneie` FOREIGN KEY (`uploaderId`) REFERENCES `users` (`id`) ON DELETE SET NULL,
  CONSTRAINT `fk_scngjubonyibvincozgdzfaqmetugzqtmbai` FOREIGN KEY (`volumeId`) REFERENCES `volumes` (`id`) ON DELETE CASCADE
) ENGINE=InnoDB DEFAULT CHARSET=utf8mb3 COLLATE=utf8mb3_unicode_ci;
/*!40101 SET character_set_client = @saved_cs_client */;

--
-- Dumping data for table `assets`
--

LOCK TABLES `assets` WRITE;
/*!40000 ALTER TABLE `assets` DISABLE KEYS */;
INSERT INTO `assets` VALUES (14,1,4,1,'ProTilingLogo.svg','image',300,125,45919,NULL,NULL,NULL,'2022-02-20 12:39:33','2022-02-20 12:39:33','2022-02-20 12:39:33','3d06b93c-3456-4e28-a1ae-a59df13b55ea'),(15,1,4,1,'ProTiling8.png','image',1200,1200,78972,NULL,NULL,NULL,'2022-02-20 12:39:49','2022-02-20 12:39:49','2022-02-20 12:39:49','07f17c4f-675c-4f03-84cc-cf93b5114aae'),(24,1,8,1,'pexels-joey-342800.jpg','image',2561,2000,1014802,NULL,NULL,NULL,'2022-02-20 13:13:19','2022-02-20 13:06:19','2022-02-20 13:13:19','b8f2de54-7edf-4e2f-a53e-951cdd5990dd'),(25,1,8,1,'pexels-karolina-grabowska-4239013.jpg','image',6670,4447,2288566,NULL,NULL,NULL,'2022-02-20 13:13:19','2022-02-20 13:06:26','2022-02-20 13:13:19','11c3d73e-8328-4a90-bce8-6285ddcc45c8'),(26,1,8,1,'pexels-monstera-6373479.jpg','image',5760,3840,6744701,NULL,NULL,NULL,'2022-02-20 13:13:18','2022-02-20 13:06:34','2022-02-20 13:13:19','c321fb60-1be0-449d-a2a8-fa7957cfc263'),(60,1,10,NULL,'CaArtQXsDWZ.jpg','image',1080,1346,140865,NULL,NULL,NULL,'2022-02-20 13:19:36','2022-02-20 13:19:36','2022-02-20 13:19:36','9ccc5490-2faa-4c55-94aa-25bff157ea27'),(61,1,10,NULL,'CZcK2MVMngL.jpg','image',1080,1346,251799,NULL,NULL,NULL,'2022-02-20 13:19:36','2022-02-20 13:19:36','2022-02-20 13:19:36','1e9f26b1-26f5-4d51-8f15-ce6384c68d1f'),(62,1,10,NULL,'CZcDCeruvFQ.jpg','image',720,897,49517,NULL,NULL,NULL,'2022-02-20 13:19:37','2022-02-20 13:19:37','2022-02-20 13:19:37','453710d0-d94c-4252-8294-8b33faacddb2'),(63,1,10,NULL,'CZPCG8IsY4d.jpg','image',1080,810,116388,NULL,NULL,NULL,'2022-02-20 13:19:37','2022-02-20 13:19:37','2022-02-20 13:19:37','9ef72d02-ee5e-4815-9012-77e1b80c4254'),(64,1,10,NULL,'CZADkk6Moc.jpg','image',1080,1346,146933,NULL,NULL,NULL,'2022-02-20 13:19:38','2022-02-20 13:19:38','2022-02-20 13:19:38','a7db1c07-5cbe-45e9-acec-b15c367eb76f'),(65,1,10,NULL,'CYhXheeMAhH.jpg','image',1080,1350,98949,NULL,NULL,NULL,'2022-02-20 13:19:38','2022-02-20 13:19:38','2022-02-20 13:19:38','81a85f04-4a54-4aa6-b37d-c7cde7212c88'),(66,1,10,NULL,'CX33OYgM8AP.jpg','image',1003,861,106948,NULL,NULL,NULL,'2022-02-20 13:19:39','2022-02-20 13:19:39','2022-02-20 13:19:39','2a5df50a-4e3a-4257-b174-2be460e01e96'),(67,1,10,NULL,'CXqNmCZsbpg.jpg','image',1080,1348,206798,NULL,NULL,NULL,'2022-02-20 13:19:40','2022-02-20 13:19:40','2022-02-20 13:19:40','a6dd2995-bccf-41ae-b08a-21b6e84272b8'),(68,1,10,NULL,'CWYYj64MdCd.jpg','image',1080,1350,64206,NULL,NULL,NULL,'2022-02-20 13:19:40','2022-02-20 13:19:40','2022-02-20 13:19:40','8c5027aa-6a59-4749-80cd-1a662eed52f5'),(81,1,9,1,'pexels-nugroho-wahyu-3148596.jpg','image',4794,4794,3368113,NULL,NULL,NULL,'2022-02-20 18:18:19','2022-02-20 18:18:19','2022-02-20 18:18:19','ad4e5cfc-3b41-48b8-b123-e5ce073631ac'),(167,1,6,1,'pexels-kinga-longa-1652544.jpg','image',5563,3713,5695493,NULL,NULL,NULL,'2022-02-20 19:10:11','2022-02-20 19:10:12','2022-02-20 19:10:12','45dabf5a-d578-4ea6-86ce-17e645593ede'),(171,1,6,1,'pexels-henry-co-1144871.jpg','image',4896,3264,931756,NULL,NULL,NULL,'2022-02-20 19:11:26','2022-02-20 19:11:27','2022-02-20 19:11:27','afa118f6-7093-4bcd-b6b7-b9d8b8e05804'),(181,1,5,1,'like.png','image',512,512,11748,NULL,NULL,NULL,'2022-02-20 20:59:47','2022-02-20 20:59:47','2022-02-20 20:59:47','0bb86abc-d213-4e26-af49-ea35827e8148'),(184,1,5,1,'clock.png','image',512,512,14524,NULL,NULL,NULL,'2022-02-20 21:00:06','2022-02-20 21:00:06','2022-02-20 21:00:06','349bf486-ddbc-4402-a88a-30f60412f892'),(187,1,5,1,'clipart1696957.png','image',1391,1400,81893,NULL,0,0,'2022-02-20 21:00:23','2022-02-20 21:00:23','2022-02-20 21:00:23','7f6297bf-59ec-4197-9364-49d2912a658e'),(189,1,5,1,'star.png','image',512,512,11737,NULL,NULL,NULL,'2022-02-20 21:00:42','2022-02-20 21:00:42','2022-02-20 21:00:42','158d9327-ab05-4598-9a05-1c39fb269d0d'),(191,1,5,1,'stopwatch.png','image',512,512,12567,NULL,NULL,NULL,'2022-02-20 21:01:04','2022-02-20 21:01:04','2022-02-20 21:01:04','457aba74-d566-4755-800d-ad3ee354489b'),(210,1,10,NULL,'CaNuyoaNTIN.jpg','image',1253,1253,463687,NULL,NULL,NULL,'2022-02-20 21:40:55','2022-02-20 21:40:55','2022-02-20 21:40:55','c0831a6d-ea6a-4e03-84cd-ccd0d1c36fe0'),(211,1,10,NULL,'CaNuxMSsGnF.jpg','image',1080,1352,399417,NULL,NULL,NULL,'2022-02-20 21:40:56','2022-02-20 21:40:56','2022-02-20 21:40:56','36c9c935-991c-4d27-92d8-6d4e838f38e8'),(212,1,10,NULL,'CaNuxz3NODG.jpg','image',1440,1013,314868,NULL,NULL,NULL,'2022-02-20 21:40:57','2022-02-20 21:40:57','2022-02-20 21:40:57','249f6202-b03f-4b26-9323-de8596e96d67'),(213,1,10,NULL,'CaNuxNqP17P.jpg','image',1440,1800,379683,NULL,NULL,NULL,'2022-02-20 21:40:58','2022-02-20 21:40:58','2022-02-20 21:40:58','0e362aac-e09b-4a56-b647-3182b7658e15'),(214,1,10,NULL,'CaNuxOMvb5Z.jpg','image',1440,1533,854554,NULL,NULL,NULL,'2022-02-20 21:40:59','2022-02-20 21:41:00','2022-02-20 21:41:00','2c331d74-36e3-4598-83e0-838caf09eaf8'),(215,1,10,NULL,'CaNux5mM3No.jpg','image',1440,1800,914935,NULL,NULL,NULL,'2022-02-20 21:41:02','2022-02-20 21:41:02','2022-02-20 21:41:02','7d51f7d1-7be7-43dc-97b2-898ab7c08b44'),(216,1,10,NULL,'CaNujooNUcC.jpg','image',1080,1080,42737,NULL,NULL,NULL,'2022-02-20 21:41:02','2022-02-20 21:41:02','2022-02-20 21:41:02','f8c69b39-0782-4a22-8c0c-b5a4ab9a72ad'),(217,1,10,NULL,'CaNukJOr5KL.jpg','image',1080,1080,66685,NULL,NULL,NULL,'2022-02-20 21:41:03','2022-02-20 21:41:03','2022-02-20 21:41:03','f99d61cd-021d-4830-bd83-9841585c2e07'),(218,1,10,NULL,'CaNujX5PreO.jpg','image',1440,1440,720912,NULL,NULL,NULL,'2022-02-20 21:41:04','2022-02-20 21:41:04','2022-02-20 21:41:04','2c2285ca-eb67-43d8-96e3-5d0dc2693af5'),(219,1,10,NULL,'CaNuo6JvL0Y.jpg','image',1280,1600,152786,NULL,NULL,NULL,'2022-02-20 21:41:05','2022-02-20 21:41:05','2022-02-20 21:41:05','a154e49a-0111-4ab3-8d87-2fc0da565083'),(220,1,10,NULL,'CaNurnGoK2q.jpg','image',1440,1080,671320,NULL,NULL,NULL,'2022-02-20 21:41:06','2022-02-20 21:41:06','2022-02-20 21:41:06','316e0fd2-a338-4daf-aa5d-9d5db1fb0417'),(221,1,10,NULL,'CaNumE6tXeu.jpg','image',960,960,72937,NULL,NULL,NULL,'2022-02-20 21:41:07','2022-02-20 21:41:07','2022-02-20 21:41:07','39de8fe2-de55-49fe-a2ed-ecb64898ed68'),(222,1,10,NULL,'CaNunTGKEy1.jpg','image',1440,1440,209158,NULL,NULL,NULL,'2022-02-20 21:41:08','2022-02-20 21:41:08','2022-02-20 21:41:08','fa206f94-87af-4789-b0a4-d532d6af09c4'),(223,1,10,NULL,'CaNut14KWe7.jpg','image',1080,1080,364756,NULL,NULL,NULL,'2022-02-20 21:41:09','2022-02-20 21:41:09','2022-02-20 21:41:09','d2d9865c-8d82-490c-b89d-767a6a212f4c'),(224,1,10,NULL,'CaNuurBsphB.jpg','image',1440,1800,573247,NULL,NULL,NULL,'2022-02-20 21:41:10','2022-02-20 21:41:10','2022-02-20 21:41:10','0feb07e5-ff9f-42a6-a775-8cfc89ae7ad7'),(225,1,10,NULL,'CaNurLyA6HC.jpg','image',1440,1440,502993,NULL,NULL,NULL,'2022-02-20 21:41:11','2022-02-20 21:41:11','2022-02-20 21:41:11','936ab71a-8632-45ce-b362-ad3bfca9dd5d'),(226,1,10,NULL,'CaNuoDytCLS.jpg','image',1440,1796,671818,NULL,NULL,NULL,'2022-02-20 21:41:13','2022-02-20 21:41:13','2022-02-20 21:41:13','4ad37068-b736-445a-9b68-8212911a8fbc'),(227,1,10,NULL,'CaNujaQgFZT.jpg','image',1440,1800,276302,NULL,NULL,NULL,'2022-02-20 21:41:14','2022-02-20 21:41:14','2022-02-20 21:41:14','d2b9bbbc-d819-4614-870f-3f4eb5c21f63'),(228,1,10,NULL,'CaNunqlq7za.jpg','image',754,754,148521,NULL,NULL,NULL,'2022-02-20 21:41:14','2022-02-20 21:41:14','2022-02-20 21:41:14','fd4aa084-500c-44fb-ace2-890c5a669365'),(229,1,10,NULL,'CaNuoQfPwRc.jpg','image',1123,1123,386931,NULL,NULL,NULL,'2022-02-20 21:41:15','2022-02-20 21:41:15','2022-02-20 21:41:15','5a106a07-0435-4b5e-96ec-c276306e39a9'),(230,1,10,NULL,'CaNunDluitd.jpg','image',1440,1794,141094,NULL,NULL,NULL,'2022-02-20 21:41:16','2022-02-20 21:41:16','2022-02-20 21:41:16','3e80604a-8d22-473c-8acf-f4c189027a97'),(231,1,10,NULL,'CaNun50IoTe.jpg','image',1080,1350,485598,NULL,NULL,NULL,'2022-02-20 21:41:17','2022-02-20 21:41:17','2022-02-20 21:41:17','4564fb14-07ea-40d3-bb42-ca71da8b3508'),(232,1,10,NULL,'CaNuqo6PSpm.jpg','image',1440,1800,893983,NULL,NULL,NULL,'2022-02-20 21:41:19','2022-02-20 21:41:19','2022-02-20 21:41:19','8dbf1d95-621d-41f1-9e10-01820e68a077'),(233,1,10,NULL,'CaNuqc1NrXr.jpg','image',1080,1350,275493,NULL,NULL,NULL,'2022-02-20 21:41:20','2022-02-20 21:41:20','2022-02-20 21:41:20','234eed41-72aa-40c9-a6d5-7685ae69c722'),(234,1,10,NULL,'CaNuqWwMlzw.jpg','image',1440,961,241717,NULL,NULL,NULL,'2022-02-20 21:41:21','2022-02-20 21:41:21','2022-02-20 21:41:21','c92eacaa-4111-4d79-a9a8-83e33473f153'),(235,1,10,NULL,'CaNs3C9rwr7.jpg','image',1440,1800,1338431,NULL,NULL,NULL,'2022-02-20 21:41:23','2022-02-20 21:41:23','2022-02-20 21:41:23','d1708313-5115-404c-8dfe-369a540ec77a'),(236,1,10,NULL,'CaLWridNcNa.jpg','image',1440,1478,410845,NULL,NULL,NULL,'2022-02-20 21:41:24','2022-02-20 21:41:24','2022-02-20 21:41:24','415047b7-5765-41c5-a09f-648384d2ee45'),(237,1,10,NULL,'CZ4kNLOqasM.jpg','image',1440,1440,530097,NULL,NULL,NULL,'2022-02-20 21:41:25','2022-02-20 21:41:25','2022-02-20 21:41:25','fe98b4fb-71c4-4605-80b8-d53bfe4ab9a1'),(238,1,10,NULL,'BbtWjVqh-TA.jpg','image',1080,1080,349994,NULL,NULL,NULL,'2022-02-20 21:41:25','2022-02-20 21:41:26','2022-02-20 21:41:26','1eaeed1c-c819-441b-9311-bc9cfc0c3348'),(239,1,10,NULL,'BV5MykHBlsT.jpg','image',1080,1080,265082,NULL,NULL,NULL,'2022-02-20 21:41:26','2022-02-20 21:41:26','2022-02-20 21:41:26','980661e5-e37e-498f-9510-67ec5b836076'),(264,1,6,1,'pexels-i.jpg','image',3648,2687,3402573,NULL,NULL,NULL,'2022-02-20 21:50:48','2022-02-20 21:50:48','2022-02-20 21:50:48','4e32e7b4-b4c4-4685-a8b6-2e9bc38fdcca'),(299,1,10,NULL,'CaQTTbaIIeI.jpg','image',1440,1800,640270,NULL,NULL,NULL,'2022-02-21 21:40:10','2022-02-21 21:40:10','2022-02-21 21:40:10','4c336218-a1b5-4d04-be0c-5d543687e746'),(300,1,10,NULL,'CaQTgQAr4Ir.jpg','image',739,739,114448,NULL,NULL,NULL,'2022-02-21 21:40:11','2022-02-21 21:40:11','2022-02-21 21:40:11','46e9a30f-944c-475d-b148-12216486f979'),(301,1,10,NULL,'CaQTehuvT4u.jpg','image',1034,1293,217145,NULL,NULL,NULL,'2022-02-21 21:40:12','2022-02-21 21:40:12','2022-02-21 21:40:12','2e32f7a4-dfb4-42f2-a753-39a178cb3754'),(302,1,10,NULL,'CaQTVaSLGKy.jpg','image',1080,1080,206939,NULL,NULL,NULL,'2022-02-21 21:40:12','2022-02-21 21:40:12','2022-02-21 21:40:12','94e5500a-fb17-4870-b718-0f36605f6c85'),(303,1,10,NULL,'CaQTbEPOd4.jpg','image',1440,1440,600636,NULL,NULL,NULL,'2022-02-21 21:40:13','2022-02-21 21:40:13','2022-02-21 21:40:13','6c7fc836-2d71-41d0-8b0d-90ade4900fb4'),(304,1,10,NULL,'CaQTfopNw.jpg','image',1080,1080,25669,NULL,NULL,NULL,'2022-02-21 21:40:14','2022-02-21 21:40:14','2022-02-21 21:40:14','2fb90e07-01da-4730-aec6-e52b34f011d5'),(305,1,10,NULL,'CaQTbeOphBD.jpg','image',1440,1440,100094,NULL,NULL,NULL,'2022-02-21 21:40:14','2022-02-21 21:40:14','2022-02-21 21:40:14','6b66a65d-6458-4e1e-937e-50ad2cb2c9b4'),(306,1,10,NULL,'CaQTWvFKk_N.jpg','image',720,720,23462,NULL,NULL,NULL,'2022-02-21 21:40:15','2022-02-21 21:40:15','2022-02-21 21:40:15','fd09ba84-f8b6-48ab-b0ba-86ad57913f47'),(307,1,10,NULL,'CaQTbHdrWxl.jpg','image',1440,1801,429066,NULL,NULL,NULL,'2022-02-21 21:40:16','2022-02-21 21:40:16','2022-02-21 21:40:16','bcb6cc2b-9da7-4fd3-8469-3044c1ce9db2'),(308,1,10,NULL,'CaQTahpFhtr.jpg','image',1440,960,432420,NULL,NULL,NULL,'2022-02-21 21:40:17','2022-02-21 21:40:17','2022-02-21 21:40:17','586ccc81-e110-47fa-b992-f0877722323c'),(309,1,10,NULL,'CaQTUxxOXBt.jpg','image',1170,1463,440353,NULL,NULL,NULL,'2022-02-21 21:40:18','2022-02-21 21:40:18','2022-02-21 21:40:18','90783731-0248-43f6-a9a5-1049a820149e'),(310,1,10,NULL,'CaQTUFiq6t8.jpg','image',1440,1800,1105520,NULL,NULL,NULL,'2022-02-21 21:40:19','2022-02-21 21:40:19','2022-02-21 21:40:19','95593ce9-e2cf-469b-a85f-5ffe97d10b70'),(311,1,10,NULL,'CaQTN3zP6wD.jpg','image',1440,1800,478856,NULL,NULL,NULL,'2022-02-21 21:40:21','2022-02-21 21:40:21','2022-02-21 21:40:21','413b7258-3391-4043-82a6-35e2b24b06a8'),(312,1,10,NULL,'CaQTLw-M6YI.jpg','image',1440,1440,501157,NULL,NULL,NULL,'2022-02-21 21:40:21','2022-02-21 21:40:21','2022-02-21 21:40:21','0edddc4c-c8c1-4286-a334-6bb3be70bb17'),(313,1,10,NULL,'CaQTNTUvE-M.jpg','image',1440,1080,478593,NULL,NULL,NULL,'2022-02-21 21:40:22','2022-02-21 21:40:23','2022-02-21 21:40:23','c676584d-826d-47a0-89f4-aff74dc95461'),(314,1,10,NULL,'CaQTRR0tZwd.jpg','image',1440,1080,357693,NULL,NULL,NULL,'2022-02-21 21:40:23','2022-02-21 21:40:23','2022-02-21 21:40:23','492efc90-7f85-481e-9296-d2d30580276c'),(315,1,10,NULL,'CaQTN_rMlKe.jpg','image',1440,1440,447546,NULL,NULL,NULL,'2022-02-21 21:40:25','2022-02-21 21:40:25','2022-02-21 21:40:25','7a485f29-a8bf-4703-a0bb-2fb25aacf6d2'),(316,1,10,NULL,'CaQTQqML1-h.jpg','image',1440,1818,367012,NULL,NULL,NULL,'2022-02-21 21:40:26','2022-02-21 21:40:26','2022-02-21 21:40:26','ceb9d805-0f6d-4f4f-926d-24910729033c'),(317,1,10,NULL,'CaQTH9hsoar.jpg','image',1440,1080,47686,NULL,NULL,NULL,'2022-02-21 21:40:27','2022-02-21 21:40:27','2022-02-21 21:40:27','c0ce3616-d06f-42a6-9512-53c610f6479e'),(318,1,10,NULL,'CaQTKZKp-DB.jpg','image',1440,1440,834281,NULL,NULL,NULL,'2022-02-21 21:40:29','2022-02-21 21:40:29','2022-02-21 21:40:29','9c12d635-534d-4eb3-887e-db58063e6cdb'),(319,1,10,NULL,'CaQTHCmgUvD.jpg','image',1440,1800,683937,NULL,NULL,NULL,'2022-02-21 21:40:30','2022-02-21 21:40:30','2022-02-21 21:40:30','2bd35447-2b91-41aa-98f0-2a571c5efe0e'),(320,1,10,NULL,'CaQTLanssjF.jpg','image',1080,1350,213609,NULL,NULL,NULL,'2022-02-21 21:40:31','2022-02-21 21:40:31','2022-02-21 21:40:31','4a445a3a-7a22-4a09-9d45-0b36810d9002'),(321,1,10,NULL,'CaQTI0trKPM.jpg','image',1080,1080,231313,NULL,NULL,NULL,'2022-02-21 21:40:31','2022-02-21 21:40:31','2022-02-21 21:40:31','ef7c21bd-02fa-4234-8223-2f1b5117a759'),(322,1,10,NULL,'CaQTDJzqa7S.jpg','image',1080,1350,216607,NULL,NULL,NULL,'2022-02-21 21:40:32','2022-02-21 21:40:32','2022-02-21 21:40:32','abe6345b-a171-4048-9f2f-e2a5681ffa8e'),(323,1,10,NULL,'CaQTSKpP9ff.jpg','image',1080,1080,90538,NULL,NULL,NULL,'2022-02-21 21:40:32','2022-02-21 21:40:32','2022-02-21 21:40:32','286780f9-b3a0-4409-a5f8-f6fcc1b7f4d6'),(324,1,10,NULL,'CaQTSh6OJlg.jpg','image',1440,1800,1011861,NULL,NULL,NULL,'2022-02-21 21:40:34','2022-02-21 21:40:34','2022-02-21 21:40:34','a3b1f43f-647d-433a-9fa1-30a28cf3e2ee'),(325,1,10,NULL,'CaNbBMIs14g.jpg','image',1440,1800,680659,NULL,NULL,NULL,'2022-02-21 21:40:35','2022-02-21 21:40:35','2022-02-21 21:40:35','a744f4f0-e044-4e15-a66f-30ac32d3f6e2'),(326,1,10,NULL,'CaHCTlpIBPU.jpg','image',1080,1080,182790,NULL,NULL,NULL,'2022-02-21 21:40:36','2022-02-21 21:40:36','2022-02-21 21:40:36','dcf09964-57e0-40f3-8f7c-32eb9f361f45'),(327,1,10,NULL,'CZ-F1IYIpp0.jpg','image',1440,1800,155956,NULL,NULL,NULL,'2022-02-21 21:40:37','2022-02-21 21:40:37','2022-02-21 21:40:37','d1d30521-9731-4fff-b485-de305412a44d'),(328,1,10,NULL,'CZm5h4tI4Z.jpg','image',1440,1800,309695,NULL,NULL,NULL,'2022-02-21 21:40:38','2022-02-21 21:40:38','2022-02-21 21:40:38','c55651d3-1c1a-43ad-b5b3-7ab4aeb7a7c2'),(395,1,11,1,'pexels-daria-shevtsova-1583653.jpg','image',5383,3589,782892,NULL,NULL,NULL,'2022-02-21 22:13:53','2022-02-21 22:13:53','2022-02-21 22:13:53','b784aa9c-ffce-4fc8-8a6a-a1e1c6bb3753'),(406,1,13,1,'pexels-pixabay-279648.jpg','image',2125,2096,1065048,NULL,NULL,NULL,'2022-02-26 11:25:57','2022-02-26 11:25:56','2022-02-26 11:25:57','8446f9c7-c09e-4aff-b5b4-b12f5e37910b'),(439,1,14,1,'pexels-philipp-deus-2233992.jpg','image',6000,4000,7973888,NULL,NULL,NULL,'2022-02-26 11:56:16','2022-02-26 11:56:07','2022-02-26 11:56:17','d36f9e56-e9ec-4007-a85b-dbc979d2cdc1'),(440,1,14,1,'pexels-pixabay-279648.jpg','image',2125,2096,1065048,NULL,NULL,NULL,'2022-02-26 11:56:16','2022-02-26 11:56:08','2022-02-26 11:56:16','5107a04b-908b-49cd-8db1-7055bb3816f6'),(441,1,14,1,'pexels-vedanti-242616.jpg','image',2912,1936,1495012,NULL,NULL,NULL,'2022-02-26 11:56:16','2022-02-26 11:56:10','2022-02-26 11:56:16','304a47ec-7e80-4105-ab78-7a2d4e247fec'),(471,1,6,1,'pexels-mitchell-luo-3707669.jpg','image',5742,3943,6778598,NULL,NULL,NULL,'2022-02-26 12:46:33','2022-02-26 12:46:33','2022-02-26 12:46:33','6958d52b-0737-479c-b25f-5b6833893b57');
/*!40000 ALTER TABLE `assets` ENABLE KEYS */;
UNLOCK TABLES;

--
-- Table structure for table `assettransformindex`
--

DROP TABLE IF EXISTS `assettransformindex`;
/*!40101 SET @saved_cs_client     = @@character_set_client */;
/*!40101 SET character_set_client = utf8 */;
CREATE TABLE `assettransformindex` (
  `id` int(11) NOT NULL AUTO_INCREMENT,
  `assetId` int(11) NOT NULL,
  `filename` varchar(255) COLLATE utf8mb3_unicode_ci DEFAULT NULL,
  `format` varchar(255) COLLATE utf8mb3_unicode_ci DEFAULT NULL,
  `location` varchar(255) COLLATE utf8mb3_unicode_ci NOT NULL,
  `volumeId` int(11) DEFAULT NULL,
  `fileExists` tinyint(1) NOT NULL DEFAULT 0,
  `inProgress` tinyint(1) NOT NULL DEFAULT 0,
  `error` tinyint(1) NOT NULL DEFAULT 0,
  `dateIndexed` datetime DEFAULT NULL,
  `dateCreated` datetime NOT NULL,
  `dateUpdated` datetime NOT NULL,
  `uid` char(36) COLLATE utf8mb3_unicode_ci NOT NULL DEFAULT '0',
  PRIMARY KEY (`id`),
  KEY `idx_elvhqdkfumggtjzkymfekppmqeucwltxeoqv` (`volumeId`,`assetId`,`location`),
  KEY `idx_ttliicdnrayephanqmplohnggygieojsqgur` (`assetId`,`format`,`location`)
) ENGINE=InnoDB DEFAULT CHARSET=utf8mb3 COLLATE=utf8mb3_unicode_ci;
/*!40101 SET character_set_client = @saved_cs_client */;

--
-- Dumping data for table `assettransformindex`
--

LOCK TABLES `assettransformindex` WRITE;
/*!40000 ALTER TABLE `assettransformindex` DISABLE KEYS */;
/*!40000 ALTER TABLE `assettransformindex` ENABLE KEYS */;
UNLOCK TABLES;

--
-- Table structure for table `assettransforms`
--

DROP TABLE IF EXISTS `assettransforms`;
/*!40101 SET @saved_cs_client     = @@character_set_client */;
/*!40101 SET character_set_client = utf8 */;
CREATE TABLE `assettransforms` (
  `id` int(11) NOT NULL AUTO_INCREMENT,
  `name` varchar(255) COLLATE utf8mb3_unicode_ci NOT NULL,
  `handle` varchar(255) COLLATE utf8mb3_unicode_ci NOT NULL,
  `mode` enum('stretch','fit','crop') COLLATE utf8mb3_unicode_ci NOT NULL DEFAULT 'crop',
  `position` enum('top-left','top-center','top-right','center-left','center-center','center-right','bottom-left','bottom-center','bottom-right') COLLATE utf8mb3_unicode_ci NOT NULL DEFAULT 'center-center',
  `width` int(11) unsigned DEFAULT NULL,
  `height` int(11) unsigned DEFAULT NULL,
  `format` varchar(255) COLLATE utf8mb3_unicode_ci DEFAULT NULL,
  `quality` int(11) DEFAULT NULL,
  `interlace` enum('none','line','plane','partition') COLLATE utf8mb3_unicode_ci NOT NULL DEFAULT 'none',
  `dimensionChangeTime` datetime DEFAULT NULL,
  `dateCreated` datetime NOT NULL,
  `dateUpdated` datetime NOT NULL,
  `uid` char(36) COLLATE utf8mb3_unicode_ci NOT NULL DEFAULT '0',
  PRIMARY KEY (`id`),
  KEY `idx_tyylouypeyrooraavytvppilhoyndnvpkrzt` (`name`),
  KEY `idx_wfjkttpinphbtxevfliulpdtupxklnxxjqwo` (`handle`)
) ENGINE=InnoDB DEFAULT CHARSET=utf8mb3 COLLATE=utf8mb3_unicode_ci;
/*!40101 SET character_set_client = @saved_cs_client */;

--
-- Dumping data for table `assettransforms`
--

LOCK TABLES `assettransforms` WRITE;
/*!40000 ALTER TABLE `assettransforms` DISABLE KEYS */;
/*!40000 ALTER TABLE `assettransforms` ENABLE KEYS */;
UNLOCK TABLES;

--
-- Table structure for table `categories`
--

DROP TABLE IF EXISTS `categories`;
/*!40101 SET @saved_cs_client     = @@character_set_client */;
/*!40101 SET character_set_client = utf8 */;
CREATE TABLE `categories` (
  `id` int(11) NOT NULL,
  `groupId` int(11) NOT NULL,
  `parentId` int(11) DEFAULT NULL,
  `deletedWithGroup` tinyint(1) DEFAULT NULL,
  `dateCreated` datetime NOT NULL,
  `dateUpdated` datetime NOT NULL,
  `uid` char(36) COLLATE utf8mb3_unicode_ci NOT NULL DEFAULT '0',
  PRIMARY KEY (`id`),
  KEY `idx_yucimlvlvarqpqycjortrckglsvxymxgpybe` (`groupId`),
  KEY `fk_jxstgcquxvcdqpnxvrnuunbtizeyzkdbzzbx` (`parentId`),
  CONSTRAINT `fk_iooxgivrlqyddvyronucmoldfxllcvepzzxr` FOREIGN KEY (`groupId`) REFERENCES `categorygroups` (`id`) ON DELETE CASCADE,
  CONSTRAINT `fk_jxstgcquxvcdqpnxvrnuunbtizeyzkdbzzbx` FOREIGN KEY (`parentId`) REFERENCES `categories` (`id`) ON DELETE SET NULL,
  CONSTRAINT `fk_mxxlqwetfxluzxtmdrlnkzujbnultjwhkdge` FOREIGN KEY (`id`) REFERENCES `elements` (`id`) ON DELETE CASCADE
) ENGINE=InnoDB DEFAULT CHARSET=utf8mb3 COLLATE=utf8mb3_unicode_ci;
/*!40101 SET character_set_client = @saved_cs_client */;

--
-- Dumping data for table `categories`
--

LOCK TABLES `categories` WRITE;
/*!40000 ALTER TABLE `categories` DISABLE KEYS */;
/*!40000 ALTER TABLE `categories` ENABLE KEYS */;
UNLOCK TABLES;

--
-- Table structure for table `categorygroups`
--

DROP TABLE IF EXISTS `categorygroups`;
/*!40101 SET @saved_cs_client     = @@character_set_client */;
/*!40101 SET character_set_client = utf8 */;
CREATE TABLE `categorygroups` (
  `id` int(11) NOT NULL AUTO_INCREMENT,
  `structureId` int(11) NOT NULL,
  `fieldLayoutId` int(11) DEFAULT NULL,
  `name` varchar(255) COLLATE utf8mb3_unicode_ci NOT NULL,
  `handle` varchar(255) COLLATE utf8mb3_unicode_ci NOT NULL,
  `defaultPlacement` enum('beginning','end') COLLATE utf8mb3_unicode_ci NOT NULL DEFAULT 'end',
  `dateCreated` datetime NOT NULL,
  `dateUpdated` datetime NOT NULL,
  `dateDeleted` datetime DEFAULT NULL,
  `uid` char(36) COLLATE utf8mb3_unicode_ci NOT NULL DEFAULT '0',
  PRIMARY KEY (`id`),
  KEY `idx_djluqmqoiqhxdfsirmuucrllelwcrvqkbclr` (`name`),
  KEY `idx_gmrorefgtmidvcnggqziiplryvugnxgrjnio` (`handle`),
  KEY `idx_xjfoprigjxgfzcdpxqfvzctwxbwgnabbqfqb` (`structureId`),
  KEY `idx_gnfdejftwmgrttiasqcsvwqlcwjvaxiqblwt` (`fieldLayoutId`),
  KEY `idx_znsrpxiquqzibogqalywqmbwlylsohqmbkgp` (`dateDeleted`),
  CONSTRAINT `fk_mekwqznttbqfbupjsossgrhfvwqchdkhzmrx` FOREIGN KEY (`structureId`) REFERENCES `structures` (`id`) ON DELETE CASCADE,
  CONSTRAINT `fk_slnfduievsxasdxodrldrbzofjhtvgaqmykz` FOREIGN KEY (`fieldLayoutId`) REFERENCES `fieldlayouts` (`id`) ON DELETE SET NULL
) ENGINE=InnoDB DEFAULT CHARSET=utf8mb3 COLLATE=utf8mb3_unicode_ci;
/*!40101 SET character_set_client = @saved_cs_client */;

--
-- Dumping data for table `categorygroups`
--

LOCK TABLES `categorygroups` WRITE;
/*!40000 ALTER TABLE `categorygroups` DISABLE KEYS */;
/*!40000 ALTER TABLE `categorygroups` ENABLE KEYS */;
UNLOCK TABLES;

--
-- Table structure for table `categorygroups_sites`
--

DROP TABLE IF EXISTS `categorygroups_sites`;
/*!40101 SET @saved_cs_client     = @@character_set_client */;
/*!40101 SET character_set_client = utf8 */;
CREATE TABLE `categorygroups_sites` (
  `id` int(11) NOT NULL AUTO_INCREMENT,
  `groupId` int(11) NOT NULL,
  `siteId` int(11) NOT NULL,
  `hasUrls` tinyint(1) NOT NULL DEFAULT 1,
  `uriFormat` text COLLATE utf8mb3_unicode_ci DEFAULT NULL,
  `template` varchar(500) COLLATE utf8mb3_unicode_ci DEFAULT NULL,
  `dateCreated` datetime NOT NULL,
  `dateUpdated` datetime NOT NULL,
  `uid` char(36) COLLATE utf8mb3_unicode_ci NOT NULL DEFAULT '0',
  PRIMARY KEY (`id`),
  UNIQUE KEY `idx_ajxzevgyivepcbdfvfigzagrlhtpkiephyqo` (`groupId`,`siteId`),
  KEY `idx_ksyprtrmxkybiuwxymxkrfohialxtcpcvobh` (`siteId`),
  CONSTRAINT `fk_vaduuapefxddfrhrpmrcinyjyybiiuzplnbu` FOREIGN KEY (`groupId`) REFERENCES `categorygroups` (`id`) ON DELETE CASCADE,
  CONSTRAINT `fk_yupkrtxgqfcxqllkvxjtmcprrflcstgtscyg` FOREIGN KEY (`siteId`) REFERENCES `sites` (`id`) ON DELETE CASCADE ON UPDATE CASCADE
) ENGINE=InnoDB DEFAULT CHARSET=utf8mb3 COLLATE=utf8mb3_unicode_ci;
/*!40101 SET character_set_client = @saved_cs_client */;

--
-- Dumping data for table `categorygroups_sites`
--

LOCK TABLES `categorygroups_sites` WRITE;
/*!40000 ALTER TABLE `categorygroups_sites` DISABLE KEYS */;
/*!40000 ALTER TABLE `categorygroups_sites` ENABLE KEYS */;
UNLOCK TABLES;

--
-- Table structure for table `changedattributes`
--

DROP TABLE IF EXISTS `changedattributes`;
/*!40101 SET @saved_cs_client     = @@character_set_client */;
/*!40101 SET character_set_client = utf8 */;
CREATE TABLE `changedattributes` (
  `elementId` int(11) NOT NULL,
  `siteId` int(11) NOT NULL,
  `attribute` varchar(255) COLLATE utf8mb3_unicode_ci NOT NULL,
  `dateUpdated` datetime NOT NULL,
  `propagated` tinyint(1) NOT NULL,
  `userId` int(11) DEFAULT NULL,
  PRIMARY KEY (`elementId`,`siteId`,`attribute`),
  KEY `idx_adeafsjffzfooqfgtqidwhwysnukbxhjgwyq` (`elementId`,`siteId`,`dateUpdated`),
  KEY `fk_fssquixfbmxsdfposvcmjcvlmziqwujmchte` (`siteId`),
  KEY `fk_whmawtisnhvenicupnzchlelkxuttdcqujqx` (`userId`),
  CONSTRAINT `fk_fssquixfbmxsdfposvcmjcvlmziqwujmchte` FOREIGN KEY (`siteId`) REFERENCES `sites` (`id`) ON DELETE CASCADE ON UPDATE CASCADE,
  CONSTRAINT `fk_vlxkwcmfyqczavlinijanckuryfrcwjksvyr` FOREIGN KEY (`elementId`) REFERENCES `elements` (`id`) ON DELETE CASCADE ON UPDATE CASCADE,
  CONSTRAINT `fk_whmawtisnhvenicupnzchlelkxuttdcqujqx` FOREIGN KEY (`userId`) REFERENCES `users` (`id`) ON DELETE SET NULL ON UPDATE CASCADE
) ENGINE=InnoDB DEFAULT CHARSET=utf8mb3 COLLATE=utf8mb3_unicode_ci;
/*!40101 SET character_set_client = @saved_cs_client */;

--
-- Dumping data for table `changedattributes`
--

LOCK TABLES `changedattributes` WRITE;
/*!40000 ALTER TABLE `changedattributes` DISABLE KEYS */;
INSERT INTO `changedattributes` VALUES (5,1,'slug','2022-02-19 21:54:17',0,1),(5,1,'title','2022-02-19 21:54:17',0,1),(5,1,'uri','2022-02-19 21:54:17',0,1),(20,1,'slug','2022-02-20 12:56:28',0,1),(20,1,'title','2022-02-20 12:56:28',0,1),(20,1,'uri','2022-02-20 12:56:28',0,1),(22,1,'slug','2022-02-20 12:56:45',0,1),(22,1,'title','2022-02-20 12:56:45',0,1),(22,1,'uri','2022-02-20 12:56:45',0,1),(147,1,'slug','2022-02-20 18:32:01',0,1),(147,1,'title','2022-02-20 18:32:01',0,1),(149,1,'slug','2022-02-20 19:08:19',0,1),(149,1,'title','2022-02-20 19:08:19',0,1),(151,1,'slug','2022-02-20 19:08:28',0,1),(151,1,'title','2022-02-20 19:08:28',0,1),(170,1,'slug','2022-02-20 19:10:45',0,1),(170,1,'title','2022-02-20 19:10:45',0,1),(404,1,'slug','2022-02-26 11:08:08',0,1),(404,1,'title','2022-02-26 11:08:08',0,1),(404,1,'uri','2022-02-26 11:08:08',0,1),(405,1,'slug','2022-02-26 11:26:01',0,1),(405,1,'title','2022-02-26 11:26:01',0,1),(405,1,'uri','2022-02-26 11:26:01',0,1);
/*!40000 ALTER TABLE `changedattributes` ENABLE KEYS */;
UNLOCK TABLES;

--
-- Table structure for table `changedfields`
--

DROP TABLE IF EXISTS `changedfields`;
/*!40101 SET @saved_cs_client     = @@character_set_client */;
/*!40101 SET character_set_client = utf8 */;
CREATE TABLE `changedfields` (
  `elementId` int(11) NOT NULL,
  `siteId` int(11) NOT NULL,
  `fieldId` int(11) NOT NULL,
  `dateUpdated` datetime NOT NULL,
  `propagated` tinyint(1) NOT NULL,
  `userId` int(11) DEFAULT NULL,
  PRIMARY KEY (`elementId`,`siteId`,`fieldId`),
  KEY `idx_okkeulxkputpstyshzoqdiynnrckeinjyaek` (`elementId`,`siteId`,`dateUpdated`),
  KEY `fk_droqfnqmzhwffemnicwentgsvkibufyunvpr` (`siteId`),
  KEY `fk_jduunlyswmtxhrhqgpmobmhypujscqpwbutt` (`fieldId`),
  KEY `fk_isjenxokpiirsmelhkbrquoywjaxjtztbzqd` (`userId`),
  CONSTRAINT `fk_droqfnqmzhwffemnicwentgsvkibufyunvpr` FOREIGN KEY (`siteId`) REFERENCES `sites` (`id`) ON DELETE CASCADE ON UPDATE CASCADE,
  CONSTRAINT `fk_isjenxokpiirsmelhkbrquoywjaxjtztbzqd` FOREIGN KEY (`userId`) REFERENCES `users` (`id`) ON DELETE SET NULL ON UPDATE CASCADE,
  CONSTRAINT `fk_jduunlyswmtxhrhqgpmobmhypujscqpwbutt` FOREIGN KEY (`fieldId`) REFERENCES `fields` (`id`) ON DELETE CASCADE ON UPDATE CASCADE,
  CONSTRAINT `fk_lnmcuqzpgztejqhirxidrcpmvhfbxjemfvjh` FOREIGN KEY (`elementId`) REFERENCES `elements` (`id`) ON DELETE CASCADE ON UPDATE CASCADE
) ENGINE=InnoDB DEFAULT CHARSET=utf8mb3 COLLATE=utf8mb3_unicode_ci;
/*!40101 SET character_set_client = @saved_cs_client */;

--
-- Dumping data for table `changedfields`
--

LOCK TABLES `changedfields` WRITE;
/*!40000 ALTER TABLE `changedfields` DISABLE KEYS */;
INSERT INTO `changedfields` VALUES (2,1,2,'2022-02-26 13:03:55',0,1),(10,1,3,'2022-02-26 12:55:28',0,1),(10,1,20,'2022-02-20 21:40:42',0,1),(39,1,6,'2022-02-20 20:59:50',0,1),(44,1,11,'2022-02-20 19:10:16',0,1),(50,1,39,'2022-02-26 11:41:45',0,1),(51,1,16,'2022-02-20 18:18:25',0,1),(51,1,17,'2022-02-20 18:19:27',0,1),(51,1,18,'2022-02-20 18:19:27',0,1),(52,1,5,'2022-02-21 21:39:57',0,1),(53,1,9,'2022-02-26 12:47:15',0,1),(121,1,19,'2022-02-26 12:50:05',0,1),(121,1,21,'2022-02-26 12:50:05',0,1),(122,1,21,'2022-02-20 21:46:48',0,1),(147,1,6,'2022-02-20 21:01:07',0,1),(149,1,6,'2022-02-20 21:00:48',0,1),(151,1,6,'2022-02-20 21:00:09',0,1),(170,1,10,'2022-02-20 19:10:48',0,1),(170,1,11,'2022-02-20 19:11:48',0,1),(170,1,12,'2022-02-20 19:10:59',0,1),(362,1,26,'2022-02-21 22:14:00',0,1),(362,1,27,'2022-02-21 22:11:47',0,1),(405,1,34,'2022-02-26 11:25:57',0,1),(405,1,35,'2022-02-26 11:26:04',0,1),(405,1,36,'2022-02-26 11:26:06',0,1),(405,1,37,'2022-02-26 11:28:32',0,1),(405,1,38,'2022-02-26 11:28:30',0,1),(443,1,41,'2022-02-26 12:51:46',0,1),(651,1,19,'2022-02-26 13:02:56',0,1),(651,1,21,'2022-02-26 13:03:55',0,1),(652,1,19,'2022-02-26 13:03:09',0,1),(652,1,21,'2022-02-26 13:03:55',0,1);
/*!40000 ALTER TABLE `changedfields` ENABLE KEYS */;
UNLOCK TABLES;

--
-- Table structure for table `content`
--

DROP TABLE IF EXISTS `content`;
/*!40101 SET @saved_cs_client     = @@character_set_client */;
/*!40101 SET character_set_client = utf8 */;
CREATE TABLE `content` (
  `id` int(11) NOT NULL AUTO_INCREMENT,
  `elementId` int(11) NOT NULL,
  `siteId` int(11) NOT NULL,
  `title` varchar(255) COLLATE utf8mb3_unicode_ci DEFAULT NULL,
  `dateCreated` datetime NOT NULL,
  `dateUpdated` datetime NOT NULL,
  `uid` char(36) COLLATE utf8mb3_unicode_ci NOT NULL DEFAULT '0',
  `field_featureDescription_ooknthon` text COLLATE utf8mb3_unicode_ci DEFAULT NULL,
  `field_linkText_ohhtbvst` text COLLATE utf8mb3_unicode_ci DEFAULT NULL,
  `field_startDate_vdwfdbny` datetime DEFAULT NULL,
  `field_finishDate_uphgztpk` datetime DEFAULT NULL,
  `field_externalLink_fxbiiicp` varchar(255) COLLATE utf8mb3_unicode_ci DEFAULT NULL,
  `field_externalLinkDescriptor_xmdtxgrl` text COLLATE utf8mb3_unicode_ci DEFAULT NULL,
  PRIMARY KEY (`id`),
  UNIQUE KEY `idx_eworppiufdvewvtujwwpcsnvrwplxecwdrhm` (`elementId`,`siteId`),
  KEY `idx_etxdbqfqwaelspifnsltvgtlgyqcbaksubhu` (`siteId`),
  KEY `idx_smzamwpsafsqylmvacoscwaobawnebeqjqmz` (`title`),
  CONSTRAINT `fk_saezxqlazdkgjgoujgrvjtfgnatzjtjjfhxs` FOREIGN KEY (`elementId`) REFERENCES `elements` (`id`) ON DELETE CASCADE,
  CONSTRAINT `fk_ybbltajibvhscqwercvsofeijhcgkvgjohhs` FOREIGN KEY (`siteId`) REFERENCES `sites` (`id`) ON DELETE CASCADE ON UPDATE CASCADE
) ENGINE=InnoDB AUTO_INCREMENT=200 DEFAULT CHARSET=utf8mb3 COLLATE=utf8mb3_unicode_ci;
/*!40101 SET character_set_client = @saved_cs_client */;

--
-- Dumping data for table `content`
--

LOCK TABLES `content` WRITE;
/*!40000 ALTER TABLE `content` DISABLE KEYS */;
INSERT INTO `content` VALUES (1,1,1,NULL,'2022-02-19 14:10:02','2022-02-19 14:10:02','59af1f6d-86cb-407b-b07d-b8fcff2473a8',NULL,NULL,NULL,NULL,NULL,NULL),(2,2,1,'Home','2022-02-19 14:28:34','2022-02-26 13:03:55','c3a2d1d4-1c22-42c7-8ead-0c638b98b2b5',NULL,NULL,NULL,NULL,NULL,NULL),(3,3,1,'Home','2022-02-19 14:28:34','2022-02-19 14:28:34','7e521846-2ede-44a7-98a5-e96f7016ba82',NULL,NULL,NULL,NULL,NULL,NULL),(4,4,1,'Home','2022-02-19 21:47:00','2022-02-19 21:47:00','cd747ee9-db3a-40c5-ae0b-d31b837ef7df',NULL,NULL,NULL,NULL,NULL,NULL),(5,5,1,'Contact','2022-02-19 21:54:12','2022-02-19 21:54:20','ca7f4a23-6df8-4d0c-bf30-b54374dbde7d',NULL,NULL,NULL,NULL,NULL,NULL),(6,6,1,'Contact','2022-02-19 21:54:20','2022-02-19 21:54:20','b5c41762-969c-4961-a661-cd0120decbef',NULL,NULL,NULL,NULL,NULL,NULL),(8,11,1,'Home','2022-02-19 21:54:53','2022-02-19 21:54:53','3a9c1db8-7e8e-493c-a79e-ad22b826faa3',NULL,NULL,NULL,NULL,NULL,NULL),(9,13,1,NULL,'2022-02-20 12:30:43','2022-02-20 12:52:18','53ef4587-73ec-4736-bdc2-fc2c20c8e7d7',NULL,NULL,NULL,NULL,NULL,NULL),(10,14,1,'Pro Tiling Logo','2022-02-20 12:39:33','2022-02-20 12:39:33','b52e2761-674b-4b47-93e7-05dfea5bb2b8',NULL,NULL,NULL,NULL,NULL,NULL),(11,15,1,'Pro Tiling8','2022-02-20 12:39:49','2022-02-20 12:39:49','a022a7f7-4a33-4b2b-b537-a94b921f23c4',NULL,NULL,NULL,NULL,NULL,NULL),(13,20,1,'About Us','2022-02-20 12:56:22','2022-02-20 12:56:30','4bd355c4-954f-47fb-aa1d-ce119a0c679a',NULL,NULL,NULL,NULL,NULL,NULL),(14,21,1,'About Us','2022-02-20 12:56:30','2022-02-20 12:56:30','941c2c21-c618-46fa-b19c-0a8ba9eba5e1',NULL,NULL,NULL,NULL,NULL,NULL),(15,22,1,'Portfolio','2022-02-20 12:56:32','2022-02-20 12:56:46','4d4dc733-8119-4d91-8afa-6e620e2213e1',NULL,NULL,NULL,NULL,NULL,NULL),(16,23,1,'Portfolio','2022-02-20 12:56:46','2022-02-20 12:56:46','cbc6fe67-d145-4805-8f22-ae5620bcc45f',NULL,NULL,NULL,NULL,NULL,NULL),(17,24,1,'Pexels joey 342800','2022-02-20 13:06:18','2022-02-20 13:13:19','7e00b27c-5976-4cb5-8bc6-a6c8cb9d1352',NULL,NULL,NULL,NULL,NULL,NULL),(18,25,1,'Pexels karolina grabowska 4239013','2022-02-20 13:06:19','2022-02-20 13:13:19','4f4bb689-2dbb-4087-ab13-d802c2964f17',NULL,NULL,NULL,NULL,NULL,NULL),(19,26,1,'Pexels monstera 6373479','2022-02-20 13:06:26','2022-02-20 13:13:18','ca3712dd-8dbd-440e-ba5d-d4dcbba0aaba',NULL,NULL,NULL,NULL,NULL,NULL),(20,39,1,'Business Feature 1','2022-02-20 13:07:37','2022-02-20 20:59:50','f31872c5-ed95-457b-87eb-65838de42f18','<p>Duis mollis, est non commodo luctus, nisi erat porttitor ligula, eget lacinia odio sem nec elit. Nullam quis risus eget urna mollis ornare vel eu leo. Praesent commodo cursus magna, vel scelerisque nisl consectetur et.</p>',NULL,NULL,NULL,NULL,NULL),(21,40,1,'Business Feature 1','2022-02-20 13:07:38','2022-02-20 13:07:38','29ed4661-98c9-4f86-a454-1085d618a971','<p>Duis mollis, est non commodo luctus, nisi erat porttitor ligula, eget lacinia odio sem nec elit. Nullam quis risus eget urna mollis ornare vel eu leo. Praesent commodo cursus magna, vel scelerisque nisl consectetur et.</p>',NULL,NULL,NULL,NULL,NULL),(22,44,1,'Contact Page link','2022-02-20 13:09:18','2022-02-20 19:10:16','84d60c8a-f4af-4ed8-8c66-81f0136184bc',NULL,'This is a link to a page on your site',NULL,NULL,NULL,NULL),(23,45,1,'Contact Page link','2022-02-20 13:09:18','2022-02-20 13:09:18','c57b9991-e529-4bbd-8c26-e0dd519e2efb',NULL,'This is a link to a page on your site',NULL,NULL,NULL,NULL),(24,54,1,'Home','2022-02-20 13:13:19','2022-02-20 13:13:19','06da93f0-7857-4de6-b67c-c6d67c261a26',NULL,NULL,NULL,NULL,NULL,NULL),(25,60,1,'Ca Art Q Xs DWZ','2022-02-20 13:19:35','2022-02-20 13:19:35','3cac751e-5d45-4cef-a3ad-2382c980c8c7',NULL,NULL,NULL,NULL,NULL,NULL),(26,61,1,'C Zc K2 MV Mng L','2022-02-20 13:19:36','2022-02-20 13:19:36','919e1043-4baa-42b3-bf22-c9f634731c05',NULL,NULL,NULL,NULL,NULL,NULL),(27,62,1,'C Zc D Ceruv FQ','2022-02-20 13:19:37','2022-02-20 13:19:37','a160c2f7-1ab0-4201-9084-4f51a156e72f',NULL,NULL,NULL,NULL,NULL,NULL),(28,63,1,'CZPCG8 Is Y4d','2022-02-20 13:19:37','2022-02-20 13:19:37','7fb2d647-4ad4-4025-bda5-b402bf0bb667',NULL,NULL,NULL,NULL,NULL,NULL),(29,64,1,'CZA Dkk6 Moc','2022-02-20 13:19:38','2022-02-20 13:19:38','874fd482-3c32-4819-b93d-169ff7a9d53e',NULL,NULL,NULL,NULL,NULL,NULL),(30,65,1,'C Yh Xhee M Ah H','2022-02-20 13:19:38','2022-02-20 13:19:38','8167e9a7-7d44-49b5-959b-b990497b68c2',NULL,NULL,NULL,NULL,NULL,NULL),(31,66,1,'CX33 O Yg M8 AP','2022-02-20 13:19:39','2022-02-20 13:19:39','62134415-cbc0-4bb8-a8cd-ccd2a53ac183',NULL,NULL,NULL,NULL,NULL,NULL),(32,67,1,'C Xq Nm C Zsbpg','2022-02-20 13:19:40','2022-02-20 13:19:40','331b9fd9-964c-4323-8ace-f272c586c800',NULL,NULL,NULL,NULL,NULL,NULL),(33,68,1,'CWY Yj64 Md Cd','2022-02-20 13:19:40','2022-02-20 13:19:40','acd8c31f-8d70-4648-aa56-1fc9d9b71303',NULL,NULL,NULL,NULL,NULL,NULL),(35,75,1,'Home','2022-02-20 17:09:30','2022-02-20 17:09:30','60e317bb-6051-48dc-baae-67341f38aba2',NULL,NULL,NULL,NULL,NULL,NULL),(36,81,1,'Pexels nugroho wahyu 3148596','2022-02-20 18:18:14','2022-02-20 18:18:14','bab0b539-a1a8-4bba-a99d-b5e106f0f283',NULL,NULL,NULL,NULL,NULL,NULL),(38,88,1,'Home','2022-02-20 18:18:25','2022-02-20 18:18:25','e7559ae9-016e-4c2e-b882-f1db732a243c',NULL,NULL,NULL,NULL,NULL,NULL),(40,100,1,'Home','2022-02-20 18:19:27','2022-02-20 18:19:27','ba3c6002-42d8-4528-a0f0-003d88aa4b2f',NULL,NULL,NULL,NULL,NULL,NULL),(42,123,1,'Home','2022-02-20 18:28:12','2022-02-20 18:28:12','567cae47-ad7d-41ea-8498-d50eb99ef0ac',NULL,NULL,NULL,NULL,NULL,NULL),(44,139,1,'Home','2022-02-20 18:28:30','2022-02-20 18:28:30','f34be4d3-a8bf-42c0-848a-378f7cdea010',NULL,NULL,NULL,NULL,NULL,NULL),(45,147,1,'Business Feature 2','2022-02-20 18:31:37','2022-02-20 21:01:07','ab3d40d2-f85d-4ccb-8d0f-25f1bff6e4a4','<p>Duis mollis, est non commodo luctus, nisi erat porttitor ligula, eget lacinia odio sem nec elit. Nullam quis risus eget urna mollis ornare vel eu leo. Praesent commodo cursus magna, vel scelerisque nisl consectetur et.</p>',NULL,NULL,NULL,NULL,NULL),(46,148,1,'Business Feature 1 copy','2022-02-20 18:31:37','2022-02-20 18:31:37','4ed100cc-418c-4243-b697-d1312daa301d','<p>Duis mollis, est non commodo luctus, nisi erat porttitor ligula, eget lacinia odio sem nec elit. Nullam quis risus eget urna mollis ornare vel eu leo. Praesent commodo cursus magna, vel scelerisque nisl consectetur et.</p>',NULL,NULL,NULL,NULL,NULL),(47,149,1,'Business Feature 3','2022-02-20 18:31:39','2022-02-20 21:00:48','eb51dd8a-93bb-495f-b429-77694cb85716','<p>Duis mollis, est non commodo luctus, nisi erat porttitor ligula, eget lacinia odio sem nec elit. Nullam quis risus eget urna mollis ornare vel eu leo. Praesent commodo cursus magna, vel scelerisque nisl consectetur et.</p>',NULL,NULL,NULL,NULL,NULL),(48,150,1,'Business Feature 1 copy','2022-02-20 18:31:40','2022-02-20 18:31:40','299a766a-f022-48f8-b5a4-b9249085d73b','<p>Duis mollis, est non commodo luctus, nisi erat porttitor ligula, eget lacinia odio sem nec elit. Nullam quis risus eget urna mollis ornare vel eu leo. Praesent commodo cursus magna, vel scelerisque nisl consectetur et.</p>',NULL,NULL,NULL,NULL,NULL),(49,151,1,'Business Feature 4','2022-02-20 18:31:41','2022-02-20 21:00:09','4491785e-224d-411e-a36d-12573cb391dc','<p>Duis mollis, est non commodo luctus, nisi erat porttitor ligula, eget lacinia odio sem nec elit. Nullam quis risus eget urna mollis ornare vel eu leo. Praesent commodo cursus magna, vel scelerisque nisl consectetur et.</p>',NULL,NULL,NULL,NULL,NULL),(50,152,1,'Business Feature 1 copy','2022-02-20 18:31:41','2022-02-20 18:31:41','17b19a92-0331-4cf8-9893-c2434780df98','<p>Duis mollis, est non commodo luctus, nisi erat porttitor ligula, eget lacinia odio sem nec elit. Nullam quis risus eget urna mollis ornare vel eu leo. Praesent commodo cursus magna, vel scelerisque nisl consectetur et.</p>',NULL,NULL,NULL,NULL,NULL),(52,154,1,'Business Feature 2','2022-02-20 18:32:01','2022-02-20 18:32:01','6df0ea3b-8bf6-40c0-822c-38ae49b32f30','<p>Duis mollis, est non commodo luctus, nisi erat porttitor ligula, eget lacinia odio sem nec elit. Nullam quis risus eget urna mollis ornare vel eu leo. Praesent commodo cursus magna, vel scelerisque nisl consectetur et.</p>',NULL,NULL,NULL,NULL,NULL),(55,164,1,'Business Feature 3','2022-02-20 19:08:19','2022-02-20 19:08:19','bb50af5a-09e6-4a19-9e51-adbbee4ef8bb','<p>Duis mollis, est non commodo luctus, nisi erat porttitor ligula, eget lacinia odio sem nec elit. Nullam quis risus eget urna mollis ornare vel eu leo. Praesent commodo cursus magna, vel scelerisque nisl consectetur et.</p>',NULL,NULL,NULL,NULL,NULL),(57,166,1,'Business Feature 4','2022-02-20 19:08:29','2022-02-20 19:08:29','463b1eb4-7fa6-4247-9f59-5b5a091e1bb9','<p>Duis mollis, est non commodo luctus, nisi erat porttitor ligula, eget lacinia odio sem nec elit. Nullam quis risus eget urna mollis ornare vel eu leo. Praesent commodo cursus magna, vel scelerisque nisl consectetur et.</p>',NULL,NULL,NULL,NULL,NULL),(58,167,1,'Pexels kinga longa 1652544','2022-02-20 19:10:06','2022-02-20 19:10:06','5a454ccd-5f63-4aae-9862-a243f170eba0',NULL,NULL,NULL,NULL,NULL,NULL),(60,169,1,'Contact Page link','2022-02-20 19:10:16','2022-02-20 19:10:16','875bad85-2e37-4a89-a690-b54976d5aca2',NULL,'This is a link to a page on your site',NULL,NULL,NULL,NULL),(61,170,1,'About Us Page Link','2022-02-20 19:10:24','2022-02-20 19:11:52','7d467798-2709-4b43-9378-95a8e4981266',NULL,'Find out more about us',NULL,NULL,NULL,NULL),(62,171,1,'Pexels henry co 1144871','2022-02-20 19:11:23','2022-02-20 19:11:23','40e1d91f-784c-4aca-9fe9-1a191d2ad451',NULL,NULL,NULL,NULL,NULL,NULL),(63,172,1,'About Us Page Link','2022-02-20 19:11:52','2022-02-20 19:11:52','9af10578-aaf7-43eb-affd-201118d21791',NULL,'Find out more about us',NULL,NULL,NULL,NULL),(64,173,1,'Home','2022-02-20 19:15:28','2022-02-20 19:15:28','a9784efd-e49e-4feb-8582-cfcf6b1c7bd8',NULL,NULL,NULL,NULL,NULL,NULL),(65,181,1,'Like','2022-02-20 20:59:47','2022-02-20 20:59:47','49d76161-2111-46b1-8193-40bc9a620484',NULL,NULL,NULL,NULL,NULL,NULL),(67,183,1,'Business Feature 1','2022-02-20 20:59:50','2022-02-20 20:59:50','92b56109-b3e3-44e2-b130-408105858a33','<p>Duis mollis, est non commodo luctus, nisi erat porttitor ligula, eget lacinia odio sem nec elit. Nullam quis risus eget urna mollis ornare vel eu leo. Praesent commodo cursus magna, vel scelerisque nisl consectetur et.</p>',NULL,NULL,NULL,NULL,NULL),(68,184,1,'Clock','2022-02-20 21:00:05','2022-02-20 21:00:05','e92f4f6c-4c7e-4872-954b-fef84e1c5f8d',NULL,NULL,NULL,NULL,NULL,NULL),(70,186,1,'Business Feature 4','2022-02-20 21:00:09','2022-02-20 21:00:09','61e06f0b-f037-4e85-a3a8-ef8b141d11d9','<p>Duis mollis, est non commodo luctus, nisi erat porttitor ligula, eget lacinia odio sem nec elit. Nullam quis risus eget urna mollis ornare vel eu leo. Praesent commodo cursus magna, vel scelerisque nisl consectetur et.</p>',NULL,NULL,NULL,NULL,NULL),(71,187,1,'Clipart1696957','2022-02-20 21:00:22','2022-02-20 21:00:22','d2d3329b-7b04-4b83-b49c-1ced1ec1a130',NULL,NULL,NULL,NULL,NULL,NULL),(73,189,1,'Star','2022-02-20 21:00:41','2022-02-20 21:00:41','c3e82743-7869-43c4-85a6-534806d01b78',NULL,NULL,NULL,NULL,NULL,NULL),(74,190,1,'Business Feature 3','2022-02-20 21:00:48','2022-02-20 21:00:48','8a34c4cf-3e51-47ec-b7fb-1f4928f761fa','<p>Duis mollis, est non commodo luctus, nisi erat porttitor ligula, eget lacinia odio sem nec elit. Nullam quis risus eget urna mollis ornare vel eu leo. Praesent commodo cursus magna, vel scelerisque nisl consectetur et.</p>',NULL,NULL,NULL,NULL,NULL),(75,191,1,'Stopwatch','2022-02-20 21:01:03','2022-02-20 21:01:03','e94aa7ed-42a1-466f-8b4f-4e06f8412cbf',NULL,NULL,NULL,NULL,NULL,NULL),(77,193,1,'Business Feature 2','2022-02-20 21:01:07','2022-02-20 21:01:07','5b9e80bc-9a55-4c2d-a6b3-643ad1d24c69','<p>Duis mollis, est non commodo luctus, nisi erat porttitor ligula, eget lacinia odio sem nec elit. Nullam quis risus eget urna mollis ornare vel eu leo. Praesent commodo cursus magna, vel scelerisque nisl consectetur et.</p>',NULL,NULL,NULL,NULL,NULL),(79,202,1,'Home','2022-02-20 21:40:42','2022-02-20 21:40:42','0040936c-b40d-4705-9089-57a51ef2da84',NULL,NULL,NULL,NULL,NULL,NULL),(80,210,1,'Ca Nuyoa NTIN','2022-02-20 21:40:55','2022-02-20 21:40:55','1d522181-f44a-4169-918e-523563413bc8',NULL,NULL,NULL,NULL,NULL,NULL),(81,211,1,'Ca Nux M Ss Gn F','2022-02-20 21:40:56','2022-02-20 21:40:56','febc73ab-0e15-4d04-9e4b-2d5f2a84687d',NULL,NULL,NULL,NULL,NULL,NULL),(82,212,1,'Ca Nuxz3 NODG','2022-02-20 21:40:56','2022-02-20 21:40:56','314a4a4d-d138-4c23-8ee0-0b0969b17581',NULL,NULL,NULL,NULL,NULL,NULL),(83,213,1,'Ca Nux Nq P17 P','2022-02-20 21:40:57','2022-02-20 21:40:57','f6d8605e-e59b-47a7-8dc1-42099d01863d',NULL,NULL,NULL,NULL,NULL,NULL),(84,214,1,'Ca Nux O Mvb5 Z','2022-02-20 21:40:59','2022-02-20 21:40:59','05981b9e-c6bc-407a-ba51-44ac0cf6499f',NULL,NULL,NULL,NULL,NULL,NULL),(85,215,1,'Ca Nux5m M3 No','2022-02-20 21:41:00','2022-02-20 21:41:00','d05b09e8-363b-4fa4-870e-a8d753c95f74',NULL,NULL,NULL,NULL,NULL,NULL),(86,216,1,'Ca Nujoo N Uc C','2022-02-20 21:41:02','2022-02-20 21:41:02','9734943d-76df-48da-8209-38fb1cd1d0aa',NULL,NULL,NULL,NULL,NULL,NULL),(87,217,1,'Ca Nuk J Or5 KL','2022-02-20 21:41:02','2022-02-20 21:41:02','ccb83768-9465-4fa3-baee-0747d76e82b2',NULL,NULL,NULL,NULL,NULL,NULL),(88,218,1,'Ca Nuj X5 Pre O','2022-02-20 21:41:03','2022-02-20 21:41:03','58278833-ddd4-4873-86a8-e2805c283480',NULL,NULL,NULL,NULL,NULL,NULL),(89,219,1,'Ca Nuo6 Jv L0 Y','2022-02-20 21:41:04','2022-02-20 21:41:04','c349e60c-a9a1-42e9-8897-5e474f1153d1',NULL,NULL,NULL,NULL,NULL,NULL),(90,220,1,'Ca Nurn Go K2q','2022-02-20 21:41:06','2022-02-20 21:41:06','5a7150b6-d58e-4fc8-b5d8-a34d49023912',NULL,NULL,NULL,NULL,NULL,NULL),(91,221,1,'Ca Num E6t Xeu','2022-02-20 21:41:07','2022-02-20 21:41:07','34811129-e1dc-4cc4-be39-43934dae905f',NULL,NULL,NULL,NULL,NULL,NULL),(92,222,1,'Ca Nun TGK Ey1','2022-02-20 21:41:07','2022-02-20 21:41:07','16447f8b-e7fb-4341-a8c2-83c81aae7cbe',NULL,NULL,NULL,NULL,NULL,NULL),(93,223,1,'Ca Nut14 K We7','2022-02-20 21:41:09','2022-02-20 21:41:09','775fc15b-1dbf-4642-bb13-dc9388f56b97',NULL,NULL,NULL,NULL,NULL,NULL),(94,224,1,'Ca Nuur Bsph B','2022-02-20 21:41:09','2022-02-20 21:41:09','e0ed4831-97a0-4649-bd95-f9c6c682b889',NULL,NULL,NULL,NULL,NULL,NULL),(95,225,1,'Ca Nur Ly A6 HC','2022-02-20 21:41:11','2022-02-20 21:41:11','651ef8ed-4529-44cf-aa1f-361e1a731a06',NULL,NULL,NULL,NULL,NULL,NULL),(96,226,1,'Ca Nuo Dyt CLS','2022-02-20 21:41:12','2022-02-20 21:41:12','e928ecba-9aa3-49e1-b703-044758c14a1f',NULL,NULL,NULL,NULL,NULL,NULL),(97,227,1,'Ca Nuja Qg FZT','2022-02-20 21:41:13','2022-02-20 21:41:13','f90e4379-b651-4887-bb21-ce0c87a569c9',NULL,NULL,NULL,NULL,NULL,NULL),(98,228,1,'Ca Nunqlq7za','2022-02-20 21:41:14','2022-02-20 21:41:14','84c0e95a-19f0-480b-817f-52ff5ee336ad',NULL,NULL,NULL,NULL,NULL,NULL),(99,229,1,'Ca Nuo Qf Pw Rc','2022-02-20 21:41:15','2022-02-20 21:41:15','fad02f15-9c41-44f8-bae6-29a4e661348c',NULL,NULL,NULL,NULL,NULL,NULL),(100,230,1,'Ca Nun Dluitd','2022-02-20 21:41:16','2022-02-20 21:41:16','a1069100-07a1-4705-965a-36eca69366b9',NULL,NULL,NULL,NULL,NULL,NULL),(101,231,1,'Ca Nun50 Io Te','2022-02-20 21:41:17','2022-02-20 21:41:17','a478d472-5bca-48d5-87a5-15b519c6e973',NULL,NULL,NULL,NULL,NULL,NULL),(102,232,1,'Ca Nuqo6 P Spm','2022-02-20 21:41:18','2022-02-20 21:41:18','189bd12b-88fa-4704-9271-217a486af2a2',NULL,NULL,NULL,NULL,NULL,NULL),(103,233,1,'Ca Nuqc1 Nr Xr','2022-02-20 21:41:19','2022-02-20 21:41:19','ff751212-9d02-49c8-92d3-b660e1a0a045',NULL,NULL,NULL,NULL,NULL,NULL),(104,234,1,'Ca Nuq Ww Mlzw','2022-02-20 21:41:20','2022-02-20 21:41:20','e9851e06-fd61-4165-af8d-2578e920ad3a',NULL,NULL,NULL,NULL,NULL,NULL),(105,235,1,'Ca Ns3 C9rwr7','2022-02-20 21:41:21','2022-02-20 21:41:21','152ebb24-3c9c-4891-81b4-91665e3e262a',NULL,NULL,NULL,NULL,NULL,NULL),(106,236,1,'Ca L Wrid Nc Na','2022-02-20 21:41:23','2022-02-20 21:41:23','b03c2882-3380-4d7f-8e80-efa62854a127',NULL,NULL,NULL,NULL,NULL,NULL),(107,237,1,'CZ4k NL Oqas M','2022-02-20 21:41:24','2022-02-20 21:41:24','82e7b98f-a053-4ad2-91c1-1ed60ec8cf09',NULL,NULL,NULL,NULL,NULL,NULL),(108,238,1,'Bbt Wj Vqh TA','2022-02-20 21:41:25','2022-02-20 21:41:25','e8949b56-1843-45b8-a75e-f19ab586b21b',NULL,NULL,NULL,NULL,NULL,NULL),(109,239,1,'BV5 Myk H Bls T','2022-02-20 21:41:26','2022-02-20 21:41:26','40e2ec5a-3a43-4410-b15d-722e3eaddc4c',NULL,NULL,NULL,NULL,NULL,NULL),(112,256,1,'Home','2022-02-20 21:46:48','2022-02-20 21:46:48','999e33cd-16e2-4d2d-87d9-b53176976db1',NULL,NULL,NULL,NULL,NULL,NULL),(113,264,1,'Pexels i','2022-02-20 21:50:44','2022-02-20 21:50:44','aa66458f-a8bd-4651-aed0-c39814be2fc5',NULL,NULL,NULL,NULL,NULL,NULL),(114,265,1,'Portfolio Block','2022-02-20 21:51:09','2022-02-20 21:51:09','e1e429cd-068c-40d3-894a-620924965589',NULL,'Check out our portfolio',NULL,NULL,NULL,NULL),(115,266,1,'Portfolio Block','2022-02-20 21:51:09','2022-02-20 21:51:09','31fcbd28-e77a-4edd-9a7c-e5ab75d6cde9',NULL,'Check out our portfolio',NULL,NULL,NULL,NULL),(117,275,1,'Home','2022-02-20 21:51:30','2022-02-20 21:51:30','d0522d10-571e-4040-92eb-6e4f940cf00f',NULL,NULL,NULL,NULL,NULL,NULL),(119,291,1,'Home','2022-02-21 21:39:58','2022-02-21 21:39:58','eb17e190-8786-4b70-8264-4befb5e4cdf2',NULL,NULL,NULL,NULL,NULL,NULL),(120,299,1,'Ca QT Tba I Ie I','2022-02-21 21:40:10','2022-02-21 21:40:10','fbc138ed-85c3-43d0-a3ed-a3ac42c64b5d',NULL,NULL,NULL,NULL,NULL,NULL),(121,300,1,'Ca Q Tg Q Ar4 Ir','2022-02-21 21:40:11','2022-02-21 21:40:11','84ded95e-5602-4b89-a531-ba02a1f1ab10',NULL,NULL,NULL,NULL,NULL,NULL),(122,301,1,'Ca Q Tehuv T4u','2022-02-21 21:40:11','2022-02-21 21:40:11','9ad6232c-4fba-42bf-8d71-3a3717639eda',NULL,NULL,NULL,NULL,NULL,NULL),(123,302,1,'Ca QT Va SLG Ky','2022-02-21 21:40:12','2022-02-21 21:40:12','acd88efb-2a8b-40d0-8894-1d5cc65ee0ad',NULL,NULL,NULL,NULL,NULL,NULL),(124,303,1,'Ca Q Tb EP Od4','2022-02-21 21:40:13','2022-02-21 21:40:13','a9bd70a0-7fe8-47de-b517-499506dff29e',NULL,NULL,NULL,NULL,NULL,NULL),(125,304,1,'Ca Q Tfop Nw','2022-02-21 21:40:14','2022-02-21 21:40:14','b70dafa4-8072-41a8-b109-20e7b8924969',NULL,NULL,NULL,NULL,NULL,NULL),(126,305,1,'Ca Q Tbe Oph BD','2022-02-21 21:40:14','2022-02-21 21:40:14','729910a2-2d0f-4052-8bf3-d795795eccde',NULL,NULL,NULL,NULL,NULL,NULL),(127,306,1,'Ca QT Wv F Kk N','2022-02-21 21:40:15','2022-02-21 21:40:15','3eb030a1-1f97-4827-bd32-636e767f0f12',NULL,NULL,NULL,NULL,NULL,NULL),(128,307,1,'Ca Q Tb Hdr Wxl','2022-02-21 21:40:15','2022-02-21 21:40:15','0d0e9efb-ba00-4c50-93e1-d011bccaf969',NULL,NULL,NULL,NULL,NULL,NULL),(129,308,1,'Ca Q Tahp Fhtr','2022-02-21 21:40:16','2022-02-21 21:40:16','76e240fa-6532-40c6-8d91-a91942d76dc9',NULL,NULL,NULL,NULL,NULL,NULL),(130,309,1,'Ca QT Uxx OX Bt','2022-02-21 21:40:17','2022-02-21 21:40:17','f6876bdd-0c6c-4b05-965e-2d6af897eb7b',NULL,NULL,NULL,NULL,NULL,NULL),(131,310,1,'Ca QTU Fiq6t8','2022-02-21 21:40:18','2022-02-21 21:40:18','11bcbf03-4d75-4f8d-a2e4-14469b1fa260',NULL,NULL,NULL,NULL,NULL,NULL),(132,311,1,'Ca QTN3z P6w D','2022-02-21 21:40:20','2022-02-21 21:40:20','7aae98a9-91c9-4706-a802-09a5c814bff8',NULL,NULL,NULL,NULL,NULL,NULL),(133,312,1,'Ca QT Lw M6 YI','2022-02-21 21:40:21','2022-02-21 21:40:21','bd36cd83-0d8f-43d2-8f6c-804b988e3e8c',NULL,NULL,NULL,NULL,NULL,NULL),(134,313,1,'Ca QTNT Uv E M','2022-02-21 21:40:22','2022-02-21 21:40:22','5c4e29d6-c988-4917-b15f-ffdc4c853706',NULL,NULL,NULL,NULL,NULL,NULL),(135,314,1,'Ca QTRR0t Zwd','2022-02-21 21:40:23','2022-02-21 21:40:23','92c464a5-9e98-4f90-8a6d-86c8625cf2f3',NULL,NULL,NULL,NULL,NULL,NULL),(136,315,1,'Ca QTN r Ml Ke','2022-02-21 21:40:24','2022-02-21 21:40:24','0898893e-5556-4aec-9d79-501b14cee96d',NULL,NULL,NULL,NULL,NULL,NULL),(137,316,1,'Ca QT Qq ML1 h','2022-02-21 21:40:25','2022-02-21 21:40:25','311b4c62-ea22-4cf9-95d9-8150cc88e613',NULL,NULL,NULL,NULL,NULL,NULL),(138,317,1,'Ca QTH9hsoar','2022-02-21 21:40:26','2022-02-21 21:40:26','b863dc9e-96e6-4695-8e3f-6cf3e7707770',NULL,NULL,NULL,NULL,NULL,NULL),(139,318,1,'Ca QTKZ Kp DB','2022-02-21 21:40:28','2022-02-21 21:40:28','e15d484e-4d99-4651-aff6-505cd4234a9d',NULL,NULL,NULL,NULL,NULL,NULL),(140,319,1,'Ca QTH Cmg Uv D','2022-02-21 21:40:29','2022-02-21 21:40:29','5ed90a3f-e388-4aaf-b74b-75f1853b3378',NULL,NULL,NULL,NULL,NULL,NULL),(141,320,1,'Ca QT Lanssj F','2022-02-21 21:40:31','2022-02-21 21:40:31','40f144b6-4259-498d-9c0b-47f848f67ca5',NULL,NULL,NULL,NULL,NULL,NULL),(142,321,1,'Ca QTI0tr KPM','2022-02-21 21:40:31','2022-02-21 21:40:31','9276de6e-dde2-4fb6-b875-1e6bce833b01',NULL,NULL,NULL,NULL,NULL,NULL),(143,322,1,'Ca QTD Jzqa7 S','2022-02-21 21:40:32','2022-02-21 21:40:32','4dca1c73-2752-4ce3-8289-e5ccf4135269',NULL,NULL,NULL,NULL,NULL,NULL),(144,323,1,'Ca QTS Kp P9ff','2022-02-21 21:40:32','2022-02-21 21:40:32','d0b62793-315b-450c-a402-849b4b0105b8',NULL,NULL,NULL,NULL,NULL,NULL),(145,324,1,'Ca QT Sh6 O Jlg','2022-02-21 21:40:33','2022-02-21 21:40:33','81cd041a-4935-49d0-a53a-c3f437884a6a',NULL,NULL,NULL,NULL,NULL,NULL),(146,325,1,'Ca Nb BM Is14g','2022-02-21 21:40:35','2022-02-21 21:40:35','9e855409-821c-44eb-ac66-ff575d9a89cf',NULL,NULL,NULL,NULL,NULL,NULL),(147,326,1,'Ca HC Tlp IBPU','2022-02-21 21:40:36','2022-02-21 21:40:36','76edeff0-a709-4fa4-88cd-a5b21f22331a',NULL,NULL,NULL,NULL,NULL,NULL),(148,327,1,'CZ F1 IY Ipp0','2022-02-21 21:40:36','2022-02-21 21:40:36','aba01d57-9ec4-4385-ac38-0cf11380ec36',NULL,NULL,NULL,NULL,NULL,NULL),(149,328,1,'C Zm5h4t I4 Z','2022-02-21 21:40:37','2022-02-21 21:40:37','9e9b6ca7-8a39-4659-a6a4-29a816ab2373',NULL,NULL,NULL,NULL,NULL,NULL),(151,337,1,'Home','2022-02-21 21:48:44','2022-02-21 21:48:44','ea29b353-ec4f-40c0-b223-c11bdc80225a',NULL,NULL,NULL,NULL,NULL,NULL),(153,363,1,'Home','2022-02-21 22:05:54','2022-02-21 22:05:54','d026662a-b673-4009-b56d-8a8cb1525ee4',NULL,NULL,NULL,NULL,NULL,NULL),(155,379,1,'Home','2022-02-21 22:11:47','2022-02-21 22:11:47','84018547-44d1-430f-9ebf-4cbe98b52670',NULL,NULL,NULL,NULL,NULL,NULL),(157,395,1,'Pexels daria shevtsova 1583653','2022-02-21 22:13:50','2022-02-21 22:13:50','24e2654d-b126-46e8-8006-d41f57728772',NULL,NULL,NULL,NULL,NULL,NULL),(158,396,1,'Home','2022-02-21 22:14:00','2022-02-21 22:14:00','e558f986-ea6f-4a87-af23-5e69ba06df2d',NULL,NULL,NULL,NULL,NULL,NULL),(159,404,1,'Testimonials','2022-02-26 11:07:59','2022-02-26 11:29:46','561065f8-7b74-4075-8a78-86cfd7f8fcfa',NULL,NULL,NULL,NULL,NULL,NULL),(160,405,1,'Kitchen Project','2022-02-26 11:21:59','2022-02-26 11:28:32','26e5e58b-2c14-4537-b2e8-2f12c4aa35e4',NULL,NULL,'2022-02-01 08:00:00','2022-02-03 08:00:00','https://www.toppstiles.co.uk/durba/durba-stone-wave-tile','Used in this project was the DURBA™ Stone Wave Tile. It contrast the colour of this kitchen beautifully'),(161,406,1,'Pexels pixabay 279648','2022-02-26 11:25:54','2022-02-26 11:25:57','8fecd968-e770-4e12-b9e3-d656c20fe79b',NULL,NULL,NULL,NULL,NULL,NULL),(162,407,1,'Kitchen Project','2022-02-26 11:28:32','2022-02-26 11:28:32','df640f26-1c23-4405-b1b7-d88bc0ba9aac',NULL,NULL,'2022-02-01 08:00:00','2022-02-03 08:00:00','https://www.toppstiles.co.uk/durba/durba-stone-wave-tile','Used in this project was the DURBA™ Stone Wave Tile. It contrast the colour of this kitchen beautifully'),(163,408,1,'Testimonials','2022-02-26 11:29:46','2022-02-26 11:29:46','6c876708-4e9e-4b3e-9c99-92c25f2efa2a',NULL,NULL,NULL,NULL,NULL,NULL),(165,417,1,'Home','2022-02-26 11:41:46','2022-02-26 11:41:46','224ec0bd-4013-450f-8299-f16e8a33dd74',NULL,NULL,NULL,NULL,NULL,NULL),(167,439,1,'Pexels philipp deus 2233992','2022-02-26 11:56:00','2022-02-26 11:56:16','b5ca6a70-8004-4ae4-8e23-42314634fb8e',NULL,NULL,NULL,NULL,NULL,NULL),(168,440,1,'Pexels pixabay 279648','2022-02-26 11:56:07','2022-02-26 11:56:16','f98a3d74-a6eb-426a-931c-062f912fa447',NULL,NULL,NULL,NULL,NULL,NULL),(169,441,1,'Pexels vedanti 242616','2022-02-26 11:56:09','2022-02-26 11:56:16','a42080a0-6984-43e2-ba90-f9e9a84dc7c3',NULL,NULL,NULL,NULL,NULL,NULL),(170,444,1,'Home','2022-02-26 11:56:24','2022-02-26 11:56:24','e11431ec-aa79-4e5a-b074-ed6e0b70cd35',NULL,NULL,NULL,NULL,NULL,NULL),(172,462,1,'Home','2022-02-26 12:24:48','2022-02-26 12:24:48','a4ff37ba-2119-4557-9728-faf179eaf593',NULL,NULL,NULL,NULL,NULL,NULL),(173,471,1,'Pexels mitchell luo 3707669','2022-02-26 12:46:27','2022-02-26 12:46:27','00df522f-9596-4f22-87a7-6fdf80b0afb6',NULL,NULL,NULL,NULL,NULL,NULL),(174,472,1,'Testimonial Page','2022-02-26 12:47:10','2022-02-26 12:47:10','f2d3269d-77dc-4711-ad7a-701326d6310d',NULL,'Check out our Testimonials',NULL,NULL,NULL,NULL),(175,473,1,'Testimonial Page','2022-02-26 12:47:10','2022-02-26 12:47:10','27915862-388f-407d-a996-cac043e27cb5',NULL,'Check out our Testimonials',NULL,NULL,NULL,NULL),(177,483,1,'Home','2022-02-26 12:47:16','2022-02-26 12:47:16','dc354fb7-2005-4caf-8878-7f582f81c0c5',NULL,NULL,NULL,NULL,NULL,NULL),(179,501,1,'Home','2022-02-26 12:48:58','2022-02-26 12:48:58','c248e084-2349-40a9-9af6-aacd85d6fe32',NULL,NULL,NULL,NULL,NULL,NULL),(181,519,1,'Home','2022-02-26 12:49:13','2022-02-26 12:49:13','21e2b08d-b414-48f7-9235-40b52d5a019f',NULL,NULL,NULL,NULL,NULL,NULL),(183,537,1,'Home','2022-02-26 12:50:06','2022-02-26 12:50:06','cc15c8e3-9ab2-4f3f-bb12-b0132f038740',NULL,NULL,NULL,NULL,NULL,NULL),(185,561,1,'Home','2022-02-26 12:51:10','2022-02-26 12:51:10','dcc261bd-470f-4cb2-b5a5-3c28eb4013f3',NULL,NULL,NULL,NULL,NULL,NULL),(187,581,1,'Home','2022-02-26 12:51:27','2022-02-26 12:51:27','51a8aca7-dafb-4914-8edb-a16bd9e80c6a',NULL,NULL,NULL,NULL,NULL,NULL),(189,601,1,'Home','2022-02-26 12:51:46','2022-02-26 12:51:46','7fab4805-bf7d-4baa-a196-46c5aeb8c00e',NULL,NULL,NULL,NULL,NULL,NULL),(191,621,1,'Home','2022-02-26 12:55:28','2022-02-26 12:55:28','09202c03-5491-4ed9-bd27-e64e70ec0151',NULL,NULL,NULL,NULL,NULL,NULL),(193,653,1,'Home','2022-02-26 13:02:39','2022-02-26 13:02:39','6169d257-3232-49ef-8e36-a354dcf898fd',NULL,NULL,NULL,NULL,NULL,NULL),(195,677,1,'Home','2022-02-26 13:02:56','2022-02-26 13:02:56','c2ce4de7-9206-4c68-af19-077a93be3cfc',NULL,NULL,NULL,NULL,NULL,NULL),(197,701,1,'Home','2022-02-26 13:03:10','2022-02-26 13:03:10','9054a5d7-099a-4ff2-98a6-240ad2f0c518',NULL,NULL,NULL,NULL,NULL,NULL),(199,725,1,'Home','2022-02-26 13:03:55','2022-02-26 13:03:55','f2859a9f-b1ec-409d-84e7-55ede8161439',NULL,NULL,NULL,NULL,NULL,NULL);
/*!40000 ALTER TABLE `content` ENABLE KEYS */;
UNLOCK TABLES;

--
-- Table structure for table `craftidtokens`
--

DROP TABLE IF EXISTS `craftidtokens`;
/*!40101 SET @saved_cs_client     = @@character_set_client */;
/*!40101 SET character_set_client = utf8 */;
CREATE TABLE `craftidtokens` (
  `id` int(11) NOT NULL AUTO_INCREMENT,
  `userId` int(11) NOT NULL,
  `accessToken` text COLLATE utf8mb3_unicode_ci NOT NULL,
  `expiryDate` datetime DEFAULT NULL,
  `dateCreated` datetime NOT NULL,
  `dateUpdated` datetime NOT NULL,
  `uid` char(36) COLLATE utf8mb3_unicode_ci NOT NULL DEFAULT '0',
  PRIMARY KEY (`id`),
  KEY `fk_fqppfloeuamojroatenqsxfjuwpvarbnppfq` (`userId`),
  CONSTRAINT `fk_fqppfloeuamojroatenqsxfjuwpvarbnppfq` FOREIGN KEY (`userId`) REFERENCES `users` (`id`) ON DELETE CASCADE
) ENGINE=InnoDB DEFAULT CHARSET=utf8mb3 COLLATE=utf8mb3_unicode_ci;
/*!40101 SET character_set_client = @saved_cs_client */;

--
-- Dumping data for table `craftidtokens`
--

LOCK TABLES `craftidtokens` WRITE;
/*!40000 ALTER TABLE `craftidtokens` DISABLE KEYS */;
/*!40000 ALTER TABLE `craftidtokens` ENABLE KEYS */;
UNLOCK TABLES;

--
-- Table structure for table `deprecationerrors`
--

DROP TABLE IF EXISTS `deprecationerrors`;
/*!40101 SET @saved_cs_client     = @@character_set_client */;
/*!40101 SET character_set_client = utf8 */;
CREATE TABLE `deprecationerrors` (
  `id` int(11) NOT NULL AUTO_INCREMENT,
  `key` varchar(255) COLLATE utf8mb3_unicode_ci NOT NULL,
  `fingerprint` varchar(255) COLLATE utf8mb3_unicode_ci NOT NULL,
  `lastOccurrence` datetime NOT NULL,
  `file` varchar(255) COLLATE utf8mb3_unicode_ci NOT NULL,
  `line` smallint(6) unsigned DEFAULT NULL,
  `message` text COLLATE utf8mb3_unicode_ci DEFAULT NULL,
  `traces` text COLLATE utf8mb3_unicode_ci DEFAULT NULL,
  `dateCreated` datetime NOT NULL,
  `dateUpdated` datetime NOT NULL,
  `uid` char(36) COLLATE utf8mb3_unicode_ci NOT NULL DEFAULT '0',
  PRIMARY KEY (`id`),
  UNIQUE KEY `idx_alkalscybghbixoamkkhdinknciuzybxqkmm` (`key`,`fingerprint`)
) ENGINE=InnoDB AUTO_INCREMENT=2 DEFAULT CHARSET=utf8mb3 COLLATE=utf8mb3_unicode_ci;
/*!40101 SET character_set_client = @saved_cs_client */;

--
-- Dumping data for table `deprecationerrors`
--

LOCK TABLES `deprecationerrors` WRITE;
/*!40000 ALTER TABLE `deprecationerrors` DISABLE KEYS */;
/*!40000 ALTER TABLE `deprecationerrors` ENABLE KEYS */;
UNLOCK TABLES;

--
-- Table structure for table `drafts`
--

DROP TABLE IF EXISTS `drafts`;
/*!40101 SET @saved_cs_client     = @@character_set_client */;
/*!40101 SET character_set_client = utf8 */;
CREATE TABLE `drafts` (
  `id` int(11) NOT NULL AUTO_INCREMENT,
  `sourceId` int(11) DEFAULT NULL,
  `creatorId` int(11) DEFAULT NULL,
  `provisional` tinyint(1) NOT NULL DEFAULT 0,
  `name` varchar(255) COLLATE utf8mb3_unicode_ci NOT NULL,
  `notes` text COLLATE utf8mb3_unicode_ci DEFAULT NULL,
  `trackChanges` tinyint(1) NOT NULL DEFAULT 0,
  `dateLastMerged` datetime DEFAULT NULL,
  `saved` tinyint(1) NOT NULL DEFAULT 1,
  PRIMARY KEY (`id`),
  KEY `idx_mdohuhuywgpojhbypsvrejpkmczqqljzmtjf` (`creatorId`,`provisional`),
  KEY `idx_hbevscshdgeiqrbcqmjshptiajpztrurgcdq` (`saved`),
  KEY `fk_lruvzahxkynlvocfxgvbiycvhobekmcsatpd` (`sourceId`),
  CONSTRAINT `fk_lruvzahxkynlvocfxgvbiycvhobekmcsatpd` FOREIGN KEY (`sourceId`) REFERENCES `elements` (`id`) ON DELETE CASCADE,
  CONSTRAINT `fk_oaxjmyaqubsbffhtrfzltouymymfvasvhrir` FOREIGN KEY (`creatorId`) REFERENCES `users` (`id`) ON DELETE SET NULL
) ENGINE=InnoDB AUTO_INCREMENT=47 DEFAULT CHARSET=utf8mb3 COLLATE=utf8mb3_unicode_ci;
/*!40101 SET character_set_client = @saved_cs_client */;

--
-- Dumping data for table `drafts`
--

LOCK TABLES `drafts` WRITE;
/*!40000 ALTER TABLE `drafts` DISABLE KEYS */;
/*!40000 ALTER TABLE `drafts` ENABLE KEYS */;
UNLOCK TABLES;

--
-- Table structure for table `elementindexsettings`
--

DROP TABLE IF EXISTS `elementindexsettings`;
/*!40101 SET @saved_cs_client     = @@character_set_client */;
/*!40101 SET character_set_client = utf8 */;
CREATE TABLE `elementindexsettings` (
  `id` int(11) NOT NULL AUTO_INCREMENT,
  `type` varchar(255) COLLATE utf8mb3_unicode_ci NOT NULL,
  `settings` text COLLATE utf8mb3_unicode_ci DEFAULT NULL,
  `dateCreated` datetime NOT NULL,
  `dateUpdated` datetime NOT NULL,
  `uid` char(36) COLLATE utf8mb3_unicode_ci NOT NULL DEFAULT '0',
  PRIMARY KEY (`id`),
  UNIQUE KEY `idx_aoloqlykfdlwuuasxolanojzzxuvdayyksck` (`type`)
) ENGINE=InnoDB AUTO_INCREMENT=4 DEFAULT CHARSET=utf8mb3 COLLATE=utf8mb3_unicode_ci;
/*!40101 SET character_set_client = @saved_cs_client */;

--
-- Dumping data for table `elementindexsettings`
--

LOCK TABLES `elementindexsettings` WRITE;
/*!40000 ALTER TABLE `elementindexsettings` DISABLE KEYS */;
INSERT INTO `elementindexsettings` VALUES (1,'craft\\elements\\Entry','{\"sources\":{\"singles\":{\"tableAttributes\":{\"1\":\"link\"}},\"section:0bff018e-5871-462b-a2d0-404b19107f70\":{\"tableAttributes\":{\"1\":\"postDate\",\"2\":\"expiryDate\",\"3\":\"link\"}},\"section:bcd15103-454c-4f79-a346-b9627704710c\":{\"tableAttributes\":{\"1\":\"postDate\",\"2\":\"expiryDate\",\"3\":\"author\",\"4\":\"link\"}},\"*\":{\"tableAttributes\":{\"1\":\"section\",\"2\":\"postDate\",\"3\":\"expiryDate\",\"4\":\"author\",\"5\":\"link\"}}},\"sourceOrder\":[[\"key\",\"*\"],[\"heading\",\"Home\"],[\"key\",\"singles\"],[\"heading\",\"Main Pages\"],[\"key\",\"section:cbf3800a-f50c-4b4f-8b1c-30cfc66edb25\"],[\"key\",\"section:0bff018e-5871-462b-a2d0-404b19107f70\"],[\"key\",\"section:35d54df4-4bf2-4070-8661-e0abbb64f186\"],[\"heading\",\"Components\"],[\"key\",\"section:bcd15103-454c-4f79-a346-b9627704710c\"]]}','2022-02-26 11:21:54','2022-02-26 11:21:54','7bc2ed07-815c-469c-9a6d-a44c1b596d6e');
/*!40000 ALTER TABLE `elementindexsettings` ENABLE KEYS */;
UNLOCK TABLES;

--
-- Table structure for table `elements`
--

DROP TABLE IF EXISTS `elements`;
/*!40101 SET @saved_cs_client     = @@character_set_client */;
/*!40101 SET character_set_client = utf8 */;
CREATE TABLE `elements` (
  `id` int(11) NOT NULL AUTO_INCREMENT,
  `canonicalId` int(11) DEFAULT NULL,
  `draftId` int(11) DEFAULT NULL,
  `revisionId` int(11) DEFAULT NULL,
  `fieldLayoutId` int(11) DEFAULT NULL,
  `type` varchar(255) COLLATE utf8mb3_unicode_ci NOT NULL,
  `enabled` tinyint(1) NOT NULL DEFAULT 1,
  `archived` tinyint(1) NOT NULL DEFAULT 0,
  `dateCreated` datetime NOT NULL,
  `dateUpdated` datetime NOT NULL,
  `dateLastMerged` datetime DEFAULT NULL,
  `dateDeleted` datetime DEFAULT NULL,
  `uid` char(36) COLLATE utf8mb3_unicode_ci NOT NULL DEFAULT '0',
  PRIMARY KEY (`id`),
  KEY `idx_hweksxrcqadhdylqcnoiwobnafyxtzhzcsnl` (`dateDeleted`),
  KEY `idx_rnhhyemudyrmwyetccyopqflixxamvpqwqnn` (`fieldLayoutId`),
  KEY `idx_uvpqmbuplfvwltaikqztiipmylashqzzgsmv` (`type`),
  KEY `idx_fatoyhjhubxwoqodzodemjxcofdlgomlbrwo` (`enabled`),
  KEY `idx_gwrmaqehjazerekjtggpltufdsvgkvhtddbz` (`archived`,`dateCreated`),
  KEY `idx_bfmhzmnecjnecyjmgeytdjawfxmocxupkcrn` (`archived`,`dateDeleted`,`draftId`,`revisionId`,`canonicalId`),
  KEY `idx_tabdavhhqliilypzhqmhgvsxpkcckitmgdib` (`archived`,`dateDeleted`,`draftId`,`revisionId`,`canonicalId`,`enabled`),
  KEY `fk_stkzhdwkqeifxyruyihxznbnbxgumyobekjf` (`canonicalId`),
  KEY `fk_liyujexwsezokuvvqbzhdpzxkgnwtshdihbk` (`draftId`),
  KEY `fk_gvdbagpmppsnlqcfsjrjfzykghnrqogexmlz` (`revisionId`),
  CONSTRAINT `fk_gvdbagpmppsnlqcfsjrjfzykghnrqogexmlz` FOREIGN KEY (`revisionId`) REFERENCES `revisions` (`id`) ON DELETE CASCADE,
  CONSTRAINT `fk_iyznlwosyelcqjxbyiwcyvutaxfmkhdnwlag` FOREIGN KEY (`fieldLayoutId`) REFERENCES `fieldlayouts` (`id`) ON DELETE SET NULL,
  CONSTRAINT `fk_liyujexwsezokuvvqbzhdpzxkgnwtshdihbk` FOREIGN KEY (`draftId`) REFERENCES `drafts` (`id`) ON DELETE CASCADE,
  CONSTRAINT `fk_stkzhdwkqeifxyruyihxznbnbxgumyobekjf` FOREIGN KEY (`canonicalId`) REFERENCES `elements` (`id`) ON DELETE SET NULL
) ENGINE=InnoDB AUTO_INCREMENT=737 DEFAULT CHARSET=utf8mb3 COLLATE=utf8mb3_unicode_ci;
/*!40101 SET character_set_client = @saved_cs_client */;

--
-- Dumping data for table `elements`
--

LOCK TABLES `elements` WRITE;
/*!40000 ALTER TABLE `elements` DISABLE KEYS */;
INSERT INTO `elements` VALUES (1,NULL,NULL,NULL,NULL,'craft\\elements\\User',1,0,'2022-02-19 14:10:02','2022-02-19 14:10:02',NULL,NULL,'e243c129-0990-4c66-97e9-18261ca1f413'),(2,NULL,NULL,NULL,2,'craft\\elements\\Entry',1,0,'2022-02-19 14:28:34','2022-02-26 13:03:55',NULL,NULL,'3c54570b-58a3-4287-8960-bdb937173c28'),(3,2,NULL,1,2,'craft\\elements\\Entry',1,0,'2022-02-19 14:28:34','2022-02-19 14:28:34',NULL,NULL,'94c88c68-4c1b-4558-9c4b-156eb628c7c7'),(4,2,NULL,2,2,'craft\\elements\\Entry',1,0,'2022-02-19 21:47:00','2022-02-19 21:47:00',NULL,NULL,'239caea6-1d81-48db-8a72-69c38ee56da8'),(5,NULL,NULL,NULL,1,'craft\\elements\\Entry',1,0,'2022-02-19 21:54:12','2022-02-19 21:54:20',NULL,NULL,'820a528d-3bca-4498-a957-f42ac93bd18c'),(6,5,NULL,3,1,'craft\\elements\\Entry',1,0,'2022-02-19 21:54:20','2022-02-19 21:54:20',NULL,NULL,'1dbca68d-0661-4d7c-8316-9fe23ecd7b14'),(8,NULL,NULL,NULL,3,'craft\\elements\\MatrixBlock',1,0,'2022-02-19 21:54:48','2022-02-19 21:54:48',NULL,'2022-02-19 21:54:52','8c0d9c73-91aa-49b4-b6c4-0a958c43c567'),(10,NULL,NULL,NULL,3,'craft\\elements\\MatrixBlock',1,0,'2022-02-19 21:54:53','2022-02-26 13:03:55',NULL,NULL,'d124eb48-0a1b-41d9-9f57-041eec9db6d3'),(11,2,NULL,4,2,'craft\\elements\\Entry',1,0,'2022-02-19 21:54:53','2022-02-19 21:54:53',NULL,NULL,'2d325226-f557-4a7a-80f8-9aa6dbc0ad1e'),(12,10,NULL,NULL,3,'craft\\elements\\MatrixBlock',1,0,'2022-02-19 21:54:53','2022-02-19 21:54:53',NULL,NULL,'08cfbc55-690d-4cbf-85ab-cce60e445bbd'),(13,NULL,NULL,NULL,11,'craft\\elements\\GlobalSet',1,0,'2022-02-20 12:30:43','2022-02-20 12:52:18',NULL,NULL,'f8064539-475a-4b14-b028-de8274084eed'),(14,NULL,NULL,NULL,7,'craft\\elements\\Asset',1,0,'2022-02-20 12:39:33','2022-02-20 12:39:33',NULL,NULL,'c3f6abbe-0682-49ee-919a-875e6261d901'),(15,NULL,NULL,NULL,7,'craft\\elements\\Asset',1,0,'2022-02-20 12:39:48','2022-02-20 12:39:48',NULL,NULL,'1577afc6-cfb3-4c09-a113-877fe499c87b'),(18,NULL,NULL,NULL,10,'craft\\elements\\MatrixBlock',1,0,'2022-02-20 12:53:03','2022-02-20 12:53:03',NULL,'2022-02-20 12:53:07','75d24443-f03b-4a00-b337-8c8d332dd96e'),(20,NULL,NULL,NULL,1,'craft\\elements\\Entry',1,0,'2022-02-20 12:56:22','2022-02-20 12:56:30',NULL,NULL,'464e3681-206a-43e6-b50d-511f7d18771c'),(21,20,NULL,5,1,'craft\\elements\\Entry',1,0,'2022-02-20 12:56:30','2022-02-20 12:56:30',NULL,NULL,'db81dccb-0880-4c9f-89ec-bfcf9dd6ecda'),(22,NULL,NULL,NULL,1,'craft\\elements\\Entry',1,0,'2022-02-20 12:56:32','2022-02-20 12:56:46',NULL,NULL,'d2bd9715-8e3f-4389-93f9-043bb1772504'),(23,22,NULL,6,1,'craft\\elements\\Entry',1,0,'2022-02-20 12:56:46','2022-02-20 12:56:46',NULL,NULL,'b0cedd9b-b849-4d54-8deb-bb6990fe26df'),(24,NULL,NULL,NULL,7,'craft\\elements\\Asset',1,0,'2022-02-20 13:06:18','2022-02-20 13:13:19',NULL,NULL,'7b44c00f-209d-4d80-971e-d2b01fee5399'),(25,NULL,NULL,NULL,7,'craft\\elements\\Asset',1,0,'2022-02-20 13:06:19','2022-02-20 13:13:19',NULL,NULL,'91c81e77-ce69-4be5-ace3-1097be628af9'),(26,NULL,NULL,NULL,7,'craft\\elements\\Asset',1,0,'2022-02-20 13:06:26','2022-02-20 13:13:18',NULL,NULL,'1399cc18-0e32-4032-8877-b080fe7b0d05'),(27,NULL,NULL,NULL,4,'craft\\elements\\MatrixBlock',1,0,'2022-02-20 13:06:49','2022-02-20 13:06:49',NULL,'2022-02-20 13:06:51','a997c7a5-158c-4658-b6cc-206baf4e2614'),(28,NULL,NULL,NULL,4,'craft\\elements\\MatrixBlock',1,0,'2022-02-20 13:06:51','2022-02-20 13:06:51',NULL,'2022-02-20 13:06:52','f89950ae-3de3-4158-b5ff-74b4d5f508cb'),(29,NULL,NULL,NULL,5,'craft\\elements\\MatrixBlock',1,0,'2022-02-20 13:06:51','2022-02-20 13:06:51',NULL,'2022-02-20 13:06:52','151110b9-dc25-4055-afc7-38c98b473121'),(30,NULL,NULL,NULL,4,'craft\\elements\\MatrixBlock',1,0,'2022-02-20 13:06:52','2022-02-20 13:06:52',NULL,'2022-02-20 13:06:57','9fe49139-54aa-47c7-9a7b-92820e6ac6ac'),(31,NULL,NULL,NULL,5,'craft\\elements\\MatrixBlock',1,0,'2022-02-20 13:06:52','2022-02-20 13:06:52',NULL,'2022-02-20 13:06:57','38698bb8-59a7-49a7-9683-05d84c0d5199'),(32,NULL,NULL,NULL,8,'craft\\elements\\MatrixBlock',1,0,'2022-02-20 13:06:52','2022-02-20 13:06:52',NULL,'2022-02-20 13:06:57','7c6ccfcc-88a0-41ec-8a41-fd1cb6d6a3ca'),(33,NULL,NULL,NULL,4,'craft\\elements\\MatrixBlock',1,0,'2022-02-20 13:06:57','2022-02-20 13:06:57',NULL,'2022-02-20 13:07:05','8a1905a8-8df1-4121-84b6-51a308a3b3c1'),(34,NULL,NULL,NULL,5,'craft\\elements\\MatrixBlock',1,0,'2022-02-20 13:06:57','2022-02-20 13:06:57',NULL,'2022-02-20 13:07:05','f10af5c6-580f-45ca-ba8a-5e5a0b5a4bbb'),(35,NULL,NULL,NULL,8,'craft\\elements\\MatrixBlock',1,0,'2022-02-20 13:06:57','2022-02-20 13:06:57',NULL,'2022-02-20 13:07:05','224a2908-9250-4c4b-a486-576d667fecb3'),(36,NULL,NULL,NULL,4,'craft\\elements\\MatrixBlock',1,0,'2022-02-20 13:07:05','2022-02-20 13:07:05',NULL,'2022-02-20 13:07:43','bd9ff4f3-54b3-4ca2-ba31-cadc2f63b8b3'),(37,NULL,NULL,NULL,5,'craft\\elements\\MatrixBlock',1,0,'2022-02-20 13:07:05','2022-02-20 13:07:05',NULL,'2022-02-20 13:07:43','cf9d2712-f463-46e0-b2ac-8783433572ea'),(38,NULL,NULL,NULL,8,'craft\\elements\\MatrixBlock',1,0,'2022-02-20 13:07:05','2022-02-20 13:07:05',NULL,'2022-02-20 13:07:43','fc064779-4ee4-477c-a2fb-b68e0040bc8a'),(39,NULL,NULL,NULL,6,'craft\\elements\\Entry',1,0,'2022-02-20 13:07:37','2022-02-20 20:59:50',NULL,NULL,'2589d738-67f8-4105-bbb6-f3fd3ff09302'),(40,39,NULL,7,6,'craft\\elements\\Entry',1,0,'2022-02-20 13:07:37','2022-02-20 13:07:38',NULL,NULL,'70f8b7be-a113-4b52-8ef7-3d7d9969a319'),(41,NULL,NULL,NULL,4,'craft\\elements\\MatrixBlock',1,0,'2022-02-20 13:07:43','2022-02-20 13:07:43',NULL,'2022-02-20 13:09:20','e784df89-af04-4583-a094-71e8752dde7a'),(42,NULL,NULL,NULL,5,'craft\\elements\\MatrixBlock',1,0,'2022-02-20 13:07:43','2022-02-20 13:07:43',NULL,'2022-02-20 13:09:20','51283e83-b9e8-4af6-a7c1-97dcc8c5c518'),(43,NULL,NULL,NULL,8,'craft\\elements\\MatrixBlock',1,0,'2022-02-20 13:07:43','2022-02-20 13:07:43',NULL,'2022-02-20 13:09:20','ed296993-5311-4c7d-98fe-19580ae3b001'),(44,NULL,NULL,NULL,9,'craft\\elements\\Entry',1,0,'2022-02-20 13:09:18','2022-02-20 19:10:16',NULL,NULL,'c18718af-99f4-4085-9f19-fb148c57e0b0'),(45,44,NULL,8,9,'craft\\elements\\Entry',1,0,'2022-02-20 13:09:18','2022-02-20 13:09:18',NULL,NULL,'6c1f4b2b-866a-488b-82c5-63fbccb4ac88'),(50,NULL,NULL,NULL,10,'craft\\elements\\MatrixBlock',1,0,'2022-02-20 13:13:18','2022-02-26 13:03:55',NULL,NULL,'7b28069d-87f1-4564-be1e-8689ab011f56'),(51,NULL,NULL,NULL,4,'craft\\elements\\MatrixBlock',1,0,'2022-02-20 13:13:19','2022-02-26 13:03:55',NULL,NULL,'aa6d6fcf-2aa7-49f7-bc3a-f3c5aacdebd2'),(52,NULL,NULL,NULL,5,'craft\\elements\\MatrixBlock',1,0,'2022-02-20 13:13:19','2022-02-26 13:03:55',NULL,NULL,'5078b72d-7f40-45be-ab70-f7982464f6b8'),(53,NULL,NULL,NULL,8,'craft\\elements\\MatrixBlock',1,0,'2022-02-20 13:13:19','2022-02-26 13:03:55',NULL,NULL,'7a2ef6bf-595c-4026-b231-f254e138dd62'),(54,2,NULL,9,2,'craft\\elements\\Entry',1,0,'2022-02-20 13:13:18','2022-02-20 13:13:19',NULL,NULL,'2c2acd9a-22b7-4c51-a5a5-1972c81cb099'),(55,50,NULL,NULL,10,'craft\\elements\\MatrixBlock',1,0,'2022-02-20 13:13:19','2022-02-20 13:13:19',NULL,NULL,'94e11a22-8d01-483a-8b6d-f3b02b96e648'),(56,51,NULL,NULL,4,'craft\\elements\\MatrixBlock',1,0,'2022-02-20 13:13:19','2022-02-20 13:13:19',NULL,NULL,'07642593-c12b-49c9-8bef-b65ca95d2347'),(57,52,NULL,NULL,5,'craft\\elements\\MatrixBlock',1,0,'2022-02-20 13:13:20','2022-02-20 13:13:20',NULL,NULL,'65042838-786a-4b4a-9303-8cb3e16b4efb'),(58,53,NULL,NULL,8,'craft\\elements\\MatrixBlock',1,0,'2022-02-20 13:13:20','2022-02-20 13:13:20',NULL,NULL,'c868ec62-f10f-489a-a015-c2db499aae12'),(59,10,NULL,NULL,3,'craft\\elements\\MatrixBlock',1,0,'2022-02-20 13:13:20','2022-02-20 13:13:20',NULL,NULL,'e6c108cf-2aa5-421c-a39d-b773724155de'),(60,NULL,NULL,NULL,7,'craft\\elements\\Asset',1,0,'2022-02-20 13:19:35','2022-02-20 13:19:35',NULL,NULL,'9bdde679-6562-4e29-a45f-2b0f5fef93e1'),(61,NULL,NULL,NULL,7,'craft\\elements\\Asset',1,0,'2022-02-20 13:19:36','2022-02-20 13:19:36',NULL,NULL,'84b333c7-c40b-432c-b56c-0eea232311cb'),(62,NULL,NULL,NULL,7,'craft\\elements\\Asset',1,0,'2022-02-20 13:19:37','2022-02-20 13:19:37',NULL,NULL,'eecb35f6-d6a8-4db9-b260-fbb9121e60e9'),(63,NULL,NULL,NULL,7,'craft\\elements\\Asset',1,0,'2022-02-20 13:19:37','2022-02-20 13:19:37',NULL,NULL,'3951298c-ca66-4cb0-8f7d-30edd718761a'),(64,NULL,NULL,NULL,7,'craft\\elements\\Asset',1,0,'2022-02-20 13:19:38','2022-02-20 13:19:38',NULL,NULL,'a6f64ff8-5458-41e1-ab8b-a17028cc5dd8'),(65,NULL,NULL,NULL,7,'craft\\elements\\Asset',1,0,'2022-02-20 13:19:38','2022-02-20 13:19:38',NULL,NULL,'74261aba-9fd2-4ce0-90ca-5ef5f5de28c2'),(66,NULL,NULL,NULL,7,'craft\\elements\\Asset',1,0,'2022-02-20 13:19:39','2022-02-20 13:19:39',NULL,NULL,'60f93fd7-58e8-44bd-b529-96b288465dff'),(67,NULL,NULL,NULL,7,'craft\\elements\\Asset',1,0,'2022-02-20 13:19:40','2022-02-20 13:19:40',NULL,NULL,'2a6dea89-4b39-4872-8993-a2e797de5b00'),(68,NULL,NULL,NULL,7,'craft\\elements\\Asset',1,0,'2022-02-20 13:19:40','2022-02-20 13:19:40',NULL,NULL,'891fa186-2d89-404f-8b04-da654b800985'),(75,2,NULL,10,2,'craft\\elements\\Entry',1,0,'2022-02-20 17:09:30','2022-02-20 17:09:30',NULL,NULL,'940ce4b0-5a3a-4f87-aa82-2867d809c63a'),(76,50,NULL,NULL,10,'craft\\elements\\MatrixBlock',1,0,'2022-02-20 17:09:30','2022-02-20 17:09:30',NULL,NULL,'31d47c01-0a12-43b6-b81b-bc9e8f932c7b'),(77,51,NULL,NULL,4,'craft\\elements\\MatrixBlock',1,0,'2022-02-20 17:09:30','2022-02-20 17:09:30',NULL,NULL,'35588593-765e-4a8a-b00a-e7558972c4e9'),(78,52,NULL,NULL,5,'craft\\elements\\MatrixBlock',1,0,'2022-02-20 17:09:30','2022-02-20 17:09:30',NULL,NULL,'0a8d9f93-cb88-472a-a783-3090effb88ca'),(79,53,NULL,NULL,8,'craft\\elements\\MatrixBlock',1,0,'2022-02-20 17:09:30','2022-02-20 17:09:30',NULL,NULL,'463e5c93-7c6a-46a8-9c4f-375640a68238'),(80,10,NULL,NULL,3,'craft\\elements\\MatrixBlock',1,0,'2022-02-20 17:09:30','2022-02-20 17:09:30',NULL,NULL,'e1a5682e-5ab6-46cd-bc5f-7e7dbf7d5416'),(81,NULL,NULL,NULL,7,'craft\\elements\\Asset',1,0,'2022-02-20 18:18:14','2022-02-20 18:18:14',NULL,NULL,'2f6b4a1c-af03-4e58-b354-096c331bea1e'),(88,2,NULL,11,2,'craft\\elements\\Entry',1,0,'2022-02-20 18:18:25','2022-02-20 18:18:25',NULL,NULL,'aa9fbae1-d86a-4f32-b8e2-7452eff4d45d'),(89,50,NULL,NULL,10,'craft\\elements\\MatrixBlock',1,0,'2022-02-20 18:18:25','2022-02-20 18:18:25',NULL,NULL,'9cfc0b36-3f34-4852-b8e8-6f256f318d7d'),(90,51,NULL,NULL,4,'craft\\elements\\MatrixBlock',1,0,'2022-02-20 18:18:25','2022-02-20 18:18:25',NULL,NULL,'e772aa11-69a3-4e60-9bef-8247ddd9f972'),(91,52,NULL,NULL,5,'craft\\elements\\MatrixBlock',1,0,'2022-02-20 18:18:25','2022-02-20 18:18:25',NULL,NULL,'9bb490a0-a418-4cec-ad4b-2455d098ea42'),(92,53,NULL,NULL,8,'craft\\elements\\MatrixBlock',1,0,'2022-02-20 18:18:25','2022-02-20 18:18:25',NULL,NULL,'04019f25-d0ef-4cd3-9bee-cb14265b477e'),(93,10,NULL,NULL,3,'craft\\elements\\MatrixBlock',1,0,'2022-02-20 18:18:25','2022-02-20 18:18:25',NULL,NULL,'f9b6f510-33fc-4f16-b3bc-b35405fa137d'),(100,2,NULL,12,2,'craft\\elements\\Entry',1,0,'2022-02-20 18:19:27','2022-02-20 18:19:27',NULL,NULL,'ce5a6e0a-4aec-4c5d-9dd0-246e4397c965'),(101,50,NULL,NULL,10,'craft\\elements\\MatrixBlock',1,0,'2022-02-20 18:19:27','2022-02-20 18:19:27',NULL,NULL,'3d1a9d7d-9dcb-4a2f-8d11-4412aa06b120'),(102,51,NULL,NULL,4,'craft\\elements\\MatrixBlock',1,0,'2022-02-20 18:19:27','2022-02-20 18:19:27',NULL,NULL,'b343cdf3-5abf-421e-9f97-89dbc620c093'),(103,52,NULL,NULL,5,'craft\\elements\\MatrixBlock',1,0,'2022-02-20 18:19:27','2022-02-20 18:19:27',NULL,NULL,'bae62512-459d-449d-bbfe-95ea911c0daa'),(104,53,NULL,NULL,8,'craft\\elements\\MatrixBlock',1,0,'2022-02-20 18:19:27','2022-02-20 18:19:27',NULL,NULL,'53c66320-eff4-43b4-816f-82adadd92727'),(105,10,NULL,NULL,3,'craft\\elements\\MatrixBlock',1,0,'2022-02-20 18:19:27','2022-02-20 18:19:27',NULL,NULL,'a775fa0e-ff49-4a03-85cd-af08abeccad6'),(112,NULL,NULL,NULL,12,'craft\\elements\\MatrixBlock',1,0,'2022-02-20 18:27:54','2022-02-20 18:27:54',NULL,'2022-02-20 18:27:56','5f65d7d3-9f62-4650-96ba-bbed1f842b21'),(113,NULL,NULL,NULL,12,'craft\\elements\\MatrixBlock',1,0,'2022-02-20 18:27:56','2022-02-20 18:27:56',NULL,'2022-02-20 18:27:59','f5a6d264-9277-4584-aef5-93a4a36f20c2'),(114,NULL,NULL,NULL,12,'craft\\elements\\MatrixBlock',1,0,'2022-02-20 18:27:59','2022-02-20 18:27:59',NULL,'2022-02-20 18:28:03','cf78ccd5-9068-4358-983e-d4dd7d268fdd'),(115,NULL,NULL,NULL,12,'craft\\elements\\MatrixBlock',1,0,'2022-02-20 18:28:03','2022-02-20 18:28:03',NULL,'2022-02-20 18:28:05','75a619b1-ed37-4c5f-b9cb-79121c588a5d'),(116,NULL,NULL,NULL,12,'craft\\elements\\MatrixBlock',1,0,'2022-02-20 18:28:03','2022-02-20 18:28:03',NULL,'2022-02-20 18:28:05','46143b46-4d46-4b29-a6f8-b10d1ff50573'),(117,NULL,NULL,NULL,12,'craft\\elements\\MatrixBlock',1,0,'2022-02-20 18:28:05','2022-02-20 18:28:05',NULL,'2022-02-20 18:28:11','af935ad9-a696-4a9a-aa28-16723f405006'),(118,NULL,NULL,NULL,12,'craft\\elements\\MatrixBlock',1,0,'2022-02-20 18:28:05','2022-02-20 18:28:05',NULL,'2022-02-20 18:28:11','f56dd7a7-3f2f-4201-a9df-03bf349b7a03'),(121,NULL,NULL,NULL,12,'craft\\elements\\MatrixBlock',1,0,'2022-02-20 18:28:12','2022-02-26 13:03:55',NULL,NULL,'f713906a-a93f-44ab-9c3e-a095f6c41dd2'),(122,NULL,NULL,NULL,12,'craft\\elements\\MatrixBlock',1,0,'2022-02-20 18:28:12','2022-02-21 21:39:57',NULL,'2022-02-21 21:48:43','5b56967f-efe8-40c3-8c4c-5a6f323f90fb'),(123,2,NULL,13,2,'craft\\elements\\Entry',1,0,'2022-02-20 18:28:11','2022-02-20 18:28:12',NULL,NULL,'e39bad8c-3d8f-4366-8b0c-3f08f5f9017c'),(124,50,NULL,NULL,10,'craft\\elements\\MatrixBlock',1,0,'2022-02-20 18:28:12','2022-02-20 18:28:12',NULL,NULL,'6820c0d6-b9be-4983-b607-b5cf67096dc5'),(125,121,NULL,NULL,12,'craft\\elements\\MatrixBlock',1,0,'2022-02-20 18:28:12','2022-02-20 18:28:12',NULL,NULL,'1acc5bc7-edd9-4c20-a3e9-aa7461ff8ed1'),(126,51,NULL,NULL,4,'craft\\elements\\MatrixBlock',1,0,'2022-02-20 18:28:12','2022-02-20 18:28:12',NULL,NULL,'5fab89e2-ae43-4fd1-939a-990be3438a39'),(127,122,NULL,NULL,12,'craft\\elements\\MatrixBlock',1,0,'2022-02-20 18:28:12','2022-02-20 18:28:12',NULL,NULL,'8e4b27a7-acdf-4e4f-9eff-8e710877f4de'),(128,52,NULL,NULL,5,'craft\\elements\\MatrixBlock',1,0,'2022-02-20 18:28:12','2022-02-20 18:28:12',NULL,NULL,'1dfd634c-c5dc-456a-833e-aa49151f2b20'),(129,53,NULL,NULL,8,'craft\\elements\\MatrixBlock',1,0,'2022-02-20 18:28:12','2022-02-20 18:28:12',NULL,NULL,'32645a35-94aa-401d-80de-5e17cd7c6e2c'),(130,10,NULL,NULL,3,'craft\\elements\\MatrixBlock',1,0,'2022-02-20 18:28:12','2022-02-20 18:28:12',NULL,NULL,'f004a4c8-87f7-4d5d-a67a-d6c0a7bdd7a0'),(139,2,NULL,14,2,'craft\\elements\\Entry',1,0,'2022-02-20 18:28:30','2022-02-20 18:28:30',NULL,NULL,'39075e4d-8687-4f3f-a5dd-d1e85f0c0d14'),(140,50,NULL,NULL,10,'craft\\elements\\MatrixBlock',1,0,'2022-02-20 18:28:30','2022-02-20 18:28:30',NULL,NULL,'fe67c1eb-4429-4f41-bb33-fef08ae27773'),(141,121,NULL,NULL,12,'craft\\elements\\MatrixBlock',1,0,'2022-02-20 18:28:30','2022-02-20 18:28:30',NULL,NULL,'25176482-7c72-4e79-99ce-200af49a9180'),(142,51,NULL,NULL,4,'craft\\elements\\MatrixBlock',1,0,'2022-02-20 18:28:30','2022-02-20 18:28:30',NULL,NULL,'e5a39ac4-2467-42e6-957b-78353184e370'),(143,122,NULL,NULL,12,'craft\\elements\\MatrixBlock',1,0,'2022-02-20 18:28:30','2022-02-20 18:28:30',NULL,NULL,'c1433a45-b3c7-4727-a9fe-f4f33482ec01'),(144,52,NULL,NULL,5,'craft\\elements\\MatrixBlock',1,0,'2022-02-20 18:28:30','2022-02-20 18:28:30',NULL,NULL,'8bbf5ccd-f17c-4c08-8e6a-db277f2c9867'),(145,53,NULL,NULL,8,'craft\\elements\\MatrixBlock',1,0,'2022-02-20 18:28:30','2022-02-20 18:28:30',NULL,NULL,'ca82a023-44ce-4a7b-96ef-0f9d06ad0151'),(146,10,NULL,NULL,3,'craft\\elements\\MatrixBlock',1,0,'2022-02-20 18:28:30','2022-02-20 18:28:30',NULL,NULL,'c5c36c52-5bb1-4550-b127-e6f6c6501d6a'),(147,NULL,NULL,NULL,6,'craft\\elements\\Entry',1,0,'2022-02-20 18:31:37','2022-02-20 21:01:07',NULL,NULL,'e5da61af-84a5-48f7-a053-d11f9db38bde'),(148,147,NULL,15,6,'craft\\elements\\Entry',1,0,'2022-02-20 18:31:37','2022-02-20 18:31:37',NULL,NULL,'5f6cf37f-2e36-4257-9f11-d27fd5bb2ffb'),(149,NULL,NULL,NULL,6,'craft\\elements\\Entry',1,0,'2022-02-20 18:31:39','2022-02-20 21:00:48',NULL,NULL,'bf1c39aa-2bfa-48ad-8e5b-69a9a927ac6f'),(150,149,NULL,16,6,'craft\\elements\\Entry',1,0,'2022-02-20 18:31:39','2022-02-20 18:31:40',NULL,NULL,'570219f7-cbf5-4a6f-b3a4-cb6083812b66'),(151,NULL,NULL,NULL,6,'craft\\elements\\Entry',1,0,'2022-02-20 18:31:41','2022-02-20 21:00:09',NULL,NULL,'e3bdd04d-3020-48c9-960a-771be5316ab0'),(152,151,NULL,17,6,'craft\\elements\\Entry',1,0,'2022-02-20 18:31:41','2022-02-20 18:31:41',NULL,NULL,'2158b924-25d3-496c-a475-06a885b521cb'),(154,147,NULL,18,6,'craft\\elements\\Entry',1,0,'2022-02-20 18:32:01','2022-02-20 18:32:01',NULL,NULL,'37a19a3f-faa2-4bd0-969f-a0037105fb6b'),(164,149,NULL,19,6,'craft\\elements\\Entry',1,0,'2022-02-20 19:08:19','2022-02-20 19:08:19',NULL,NULL,'ebc6ebcd-151b-4011-b657-f496c6c8a145'),(166,151,NULL,20,6,'craft\\elements\\Entry',1,0,'2022-02-20 19:08:28','2022-02-20 19:08:29',NULL,NULL,'69dba8ff-3b25-4af3-b18b-cea8614a0cea'),(167,NULL,NULL,NULL,7,'craft\\elements\\Asset',1,0,'2022-02-20 19:10:06','2022-02-20 19:10:06',NULL,NULL,'466d7e83-bd5a-4e8c-9b3c-fe27c3fff0ee'),(169,44,NULL,21,9,'craft\\elements\\Entry',1,0,'2022-02-20 19:10:16','2022-02-20 19:10:16',NULL,NULL,'30f9f1f4-bda0-4ff4-82da-b3487ef45f44'),(170,NULL,NULL,NULL,9,'craft\\elements\\Entry',1,0,'2022-02-20 19:10:24','2022-02-20 19:11:52',NULL,NULL,'90957ea2-ac0d-431b-a96f-a12d24af3cdb'),(171,NULL,NULL,NULL,7,'craft\\elements\\Asset',1,0,'2022-02-20 19:11:23','2022-02-20 19:11:23',NULL,NULL,'3caa1475-9a58-4e2a-8ef0-5dacce2bd07f'),(172,170,NULL,22,9,'craft\\elements\\Entry',1,0,'2022-02-20 19:11:52','2022-02-20 19:11:52',NULL,NULL,'5657e6be-598e-4e1e-9ee7-cb643d10cf24'),(173,2,NULL,23,2,'craft\\elements\\Entry',1,0,'2022-02-20 19:15:27','2022-02-20 19:15:28',NULL,NULL,'21206af4-b43c-455b-a13d-f3e88b6b4f38'),(174,50,NULL,NULL,10,'craft\\elements\\MatrixBlock',1,0,'2022-02-20 19:15:28','2022-02-20 19:15:28',NULL,NULL,'87d2ebb9-9b96-4839-9f03-d41a0b3e768d'),(175,121,NULL,NULL,12,'craft\\elements\\MatrixBlock',1,0,'2022-02-20 19:15:28','2022-02-20 19:15:28',NULL,NULL,'9d8e80c6-7d35-4112-8b1a-7babfeff1ceb'),(176,51,NULL,NULL,4,'craft\\elements\\MatrixBlock',1,0,'2022-02-20 19:15:28','2022-02-20 19:15:28',NULL,NULL,'91335285-dc4e-42dc-800b-b850eb1ef1b1'),(177,122,NULL,NULL,12,'craft\\elements\\MatrixBlock',1,0,'2022-02-20 19:15:28','2022-02-20 19:15:28',NULL,NULL,'1d7699d9-8016-4ea0-9bee-20a4de1f8e1e'),(178,52,NULL,NULL,5,'craft\\elements\\MatrixBlock',1,0,'2022-02-20 19:15:28','2022-02-20 19:15:28',NULL,NULL,'7d34a403-8754-45d8-a5ba-ae54741bb9ac'),(179,53,NULL,NULL,8,'craft\\elements\\MatrixBlock',1,0,'2022-02-20 19:15:28','2022-02-20 19:15:28',NULL,NULL,'5c57c26b-f9d6-4865-b4de-58b4ce99b312'),(180,10,NULL,NULL,3,'craft\\elements\\MatrixBlock',1,0,'2022-02-20 19:15:28','2022-02-20 19:15:28',NULL,NULL,'fcad7ead-09e0-4ae7-88e6-0a987a6d2c74'),(181,NULL,NULL,NULL,7,'craft\\elements\\Asset',1,0,'2022-02-20 20:59:47','2022-02-20 20:59:47',NULL,NULL,'85a87b1e-f469-4cfa-8536-5c01c75cbe5e'),(183,39,NULL,24,6,'craft\\elements\\Entry',1,0,'2022-02-20 20:59:50','2022-02-20 20:59:50',NULL,NULL,'e6bb59ff-d9c1-40ce-a7dc-1b7dd2e0da84'),(184,NULL,NULL,NULL,7,'craft\\elements\\Asset',1,0,'2022-02-20 21:00:05','2022-02-20 21:00:05',NULL,NULL,'be64a597-dac1-4fc2-82e4-d626d113f2e2'),(186,151,NULL,25,6,'craft\\elements\\Entry',1,0,'2022-02-20 21:00:09','2022-02-20 21:00:09',NULL,NULL,'0fe9271d-6219-4a20-a3f7-d8e14f21cf47'),(187,NULL,NULL,NULL,7,'craft\\elements\\Asset',1,0,'2022-02-20 21:00:22','2022-02-20 21:00:22',NULL,'2022-02-20 21:05:28','7d5f6a6b-f606-4139-914c-84b42c3ec8c9'),(189,NULL,NULL,NULL,7,'craft\\elements\\Asset',1,0,'2022-02-20 21:00:41','2022-02-20 21:00:41',NULL,NULL,'3c1a0628-d776-49fa-bd88-7e7f199235bd'),(190,149,NULL,26,6,'craft\\elements\\Entry',1,0,'2022-02-20 21:00:48','2022-02-20 21:00:48',NULL,NULL,'c1c62eaa-fcb2-47b4-b19e-def4dcd23bd1'),(191,NULL,NULL,NULL,7,'craft\\elements\\Asset',1,0,'2022-02-20 21:01:03','2022-02-20 21:01:03',NULL,NULL,'c9117ae6-6e5f-488d-ad63-1f5293d1d45c'),(193,147,NULL,27,6,'craft\\elements\\Entry',1,0,'2022-02-20 21:01:07','2022-02-20 21:01:07',NULL,NULL,'d7c2d75e-f0d4-4475-82ac-ee2d1bb2f58b'),(202,2,NULL,28,2,'craft\\elements\\Entry',1,0,'2022-02-20 21:40:42','2022-02-20 21:40:42',NULL,NULL,'adc8fcfb-871d-4b01-9e5c-6135af71cdea'),(203,50,NULL,NULL,10,'craft\\elements\\MatrixBlock',1,0,'2022-02-20 21:40:42','2022-02-20 21:40:42',NULL,NULL,'8034cd80-926f-4796-b52c-4721ccaaa639'),(204,121,NULL,NULL,12,'craft\\elements\\MatrixBlock',1,0,'2022-02-20 21:40:42','2022-02-20 21:40:42',NULL,NULL,'8ef5b768-3a2a-4cbc-9059-c3f402eae6e5'),(205,51,NULL,NULL,4,'craft\\elements\\MatrixBlock',1,0,'2022-02-20 21:40:42','2022-02-20 21:40:42',NULL,NULL,'57078541-ac23-4685-b2c7-d08863794de2'),(206,122,NULL,NULL,12,'craft\\elements\\MatrixBlock',1,0,'2022-02-20 21:40:42','2022-02-20 21:40:42',NULL,NULL,'8683bbb7-7186-4cdd-a40a-b968cff8679a'),(207,52,NULL,NULL,5,'craft\\elements\\MatrixBlock',1,0,'2022-02-20 21:40:42','2022-02-20 21:40:42',NULL,NULL,'58f8bfdb-32f4-4b6c-907e-ea2b7445e1ae'),(208,53,NULL,NULL,8,'craft\\elements\\MatrixBlock',1,0,'2022-02-20 21:40:42','2022-02-20 21:40:42',NULL,NULL,'5a5be648-1ec2-4313-b0e8-07c14a6316a8'),(209,10,NULL,NULL,3,'craft\\elements\\MatrixBlock',1,0,'2022-02-20 21:40:42','2022-02-20 21:40:42',NULL,NULL,'31419870-f590-4e38-aeee-196456a0b257'),(210,NULL,NULL,NULL,7,'craft\\elements\\Asset',1,0,'2022-02-20 21:40:55','2022-02-20 21:40:55',NULL,NULL,'3b9d58f6-a681-4795-a1cc-c1e2013f1bf7'),(211,NULL,NULL,NULL,7,'craft\\elements\\Asset',1,0,'2022-02-20 21:40:56','2022-02-20 21:40:56',NULL,NULL,'3c89e048-69a4-4ac4-a389-08f507a2d36e'),(212,NULL,NULL,NULL,7,'craft\\elements\\Asset',1,0,'2022-02-20 21:40:56','2022-02-20 21:40:56',NULL,NULL,'535904c3-2044-409f-b6c8-288078514fab'),(213,NULL,NULL,NULL,7,'craft\\elements\\Asset',1,0,'2022-02-20 21:40:57','2022-02-20 21:40:57',NULL,NULL,'27d8038d-1d94-4431-aca6-37cc98ff85a1'),(214,NULL,NULL,NULL,7,'craft\\elements\\Asset',1,0,'2022-02-20 21:40:59','2022-02-20 21:40:59',NULL,NULL,'dab0d1b0-0fd8-41a3-94cd-ed9e77784465'),(215,NULL,NULL,NULL,7,'craft\\elements\\Asset',1,0,'2022-02-20 21:41:00','2022-02-20 21:41:00',NULL,NULL,'10fc7fd3-cc9c-449f-a9fa-337759235fd4'),(216,NULL,NULL,NULL,7,'craft\\elements\\Asset',1,0,'2022-02-20 21:41:02','2022-02-20 21:41:02',NULL,NULL,'133ba0ff-e32e-4bc4-a8df-c16e58b98934'),(217,NULL,NULL,NULL,7,'craft\\elements\\Asset',1,0,'2022-02-20 21:41:02','2022-02-20 21:41:02',NULL,NULL,'e55cbf09-22be-4cc9-91c7-330b2cda11f4'),(218,NULL,NULL,NULL,7,'craft\\elements\\Asset',1,0,'2022-02-20 21:41:03','2022-02-20 21:41:03',NULL,NULL,'47eaa195-613c-458f-b666-b5194b637b68'),(219,NULL,NULL,NULL,7,'craft\\elements\\Asset',1,0,'2022-02-20 21:41:04','2022-02-20 21:41:04',NULL,NULL,'dcb16729-c847-4d86-8412-57ab23c3cfdb'),(220,NULL,NULL,NULL,7,'craft\\elements\\Asset',1,0,'2022-02-20 21:41:06','2022-02-20 21:41:06',NULL,NULL,'5e319814-6a9b-497f-abaf-8e153403ae85'),(221,NULL,NULL,NULL,7,'craft\\elements\\Asset',1,0,'2022-02-20 21:41:07','2022-02-20 21:41:07',NULL,NULL,'1ef218c6-b4b9-4908-bc58-d22f2b8310ba'),(222,NULL,NULL,NULL,7,'craft\\elements\\Asset',1,0,'2022-02-20 21:41:07','2022-02-20 21:41:07',NULL,NULL,'fdceff80-0265-4c75-9889-d417b0d2c651'),(223,NULL,NULL,NULL,7,'craft\\elements\\Asset',1,0,'2022-02-20 21:41:09','2022-02-20 21:41:09',NULL,NULL,'1bb85af8-7a62-40be-9f1f-cc845c0c2971'),(224,NULL,NULL,NULL,7,'craft\\elements\\Asset',1,0,'2022-02-20 21:41:09','2022-02-20 21:41:09',NULL,NULL,'80ce66c1-0d53-491c-9c85-affc94d8324e'),(225,NULL,NULL,NULL,7,'craft\\elements\\Asset',1,0,'2022-02-20 21:41:11','2022-02-20 21:41:11',NULL,NULL,'3dd6c046-2e1e-4837-8768-a0e8605837de'),(226,NULL,NULL,NULL,7,'craft\\elements\\Asset',1,0,'2022-02-20 21:41:12','2022-02-20 21:41:12',NULL,NULL,'728fe37f-d73a-4b6d-ae63-88e3cff4e222'),(227,NULL,NULL,NULL,7,'craft\\elements\\Asset',1,0,'2022-02-20 21:41:13','2022-02-20 21:41:13',NULL,NULL,'d4fa2517-98bd-491b-b26f-deeadc8ce83f'),(228,NULL,NULL,NULL,7,'craft\\elements\\Asset',1,0,'2022-02-20 21:41:14','2022-02-20 21:41:14',NULL,NULL,'aac47887-3c5b-4009-842a-4e9fadb2c6e1'),(229,NULL,NULL,NULL,7,'craft\\elements\\Asset',1,0,'2022-02-20 21:41:15','2022-02-20 21:41:15',NULL,NULL,'52f32efc-1bfb-4364-988a-31f7eeab9d4e'),(230,NULL,NULL,NULL,7,'craft\\elements\\Asset',1,0,'2022-02-20 21:41:16','2022-02-20 21:41:16',NULL,NULL,'acb2a918-03f6-4ffb-a7f2-eb20927f0978'),(231,NULL,NULL,NULL,7,'craft\\elements\\Asset',1,0,'2022-02-20 21:41:17','2022-02-20 21:41:17',NULL,NULL,'e69d8820-bdfd-4902-a1e6-e6adf8e8eb6d'),(232,NULL,NULL,NULL,7,'craft\\elements\\Asset',1,0,'2022-02-20 21:41:18','2022-02-20 21:41:18',NULL,NULL,'d8c19929-aa44-4355-850c-97479c9bc0c3'),(233,NULL,NULL,NULL,7,'craft\\elements\\Asset',1,0,'2022-02-20 21:41:19','2022-02-20 21:41:19',NULL,NULL,'ae6b51b0-c73d-4e1a-a5bb-3cc62f7873ce'),(234,NULL,NULL,NULL,7,'craft\\elements\\Asset',1,0,'2022-02-20 21:41:20','2022-02-20 21:41:20',NULL,NULL,'17d9bdf1-b5e7-42b7-8eb7-4654e3d49528'),(235,NULL,NULL,NULL,7,'craft\\elements\\Asset',1,0,'2022-02-20 21:41:21','2022-02-20 21:41:21',NULL,NULL,'a3869f8e-d5af-43e8-9372-187ffc0a451e'),(236,NULL,NULL,NULL,7,'craft\\elements\\Asset',1,0,'2022-02-20 21:41:23','2022-02-20 21:41:23',NULL,NULL,'a172dc1e-05c8-46b4-97a8-0673118446f4'),(237,NULL,NULL,NULL,7,'craft\\elements\\Asset',1,0,'2022-02-20 21:41:24','2022-02-20 21:41:24',NULL,NULL,'7cb0a488-4c38-47fc-9c11-cfb0a8456f65'),(238,NULL,NULL,NULL,7,'craft\\elements\\Asset',1,0,'2022-02-20 21:41:25','2022-02-20 21:41:25',NULL,NULL,'d2358e5f-4df2-4344-8c03-bd6e268c3188'),(239,NULL,NULL,NULL,7,'craft\\elements\\Asset',1,0,'2022-02-20 21:41:26','2022-02-20 21:41:26',NULL,NULL,'b23c7449-f559-43bf-9ded-e86695f2feee'),(242,121,NULL,NULL,12,'craft\\elements\\MatrixBlock',1,0,'2022-02-20 21:43:48','2022-02-20 21:43:48',NULL,'2022-02-20 21:43:54','dac23098-3a66-4576-b968-c894edff898a'),(243,51,NULL,NULL,4,'craft\\elements\\MatrixBlock',1,0,'2022-02-20 21:43:49','2022-02-20 21:43:49',NULL,'2022-02-20 21:44:12','854a3bb4-4779-4e9d-8a32-93d7d1b33a75'),(244,122,NULL,NULL,12,'craft\\elements\\MatrixBlock',1,0,'2022-02-20 21:43:49','2022-02-20 21:43:49',NULL,'2022-02-20 21:44:09','b555dbb3-2dbe-40e7-8c3e-e9bb9a12ec41'),(245,52,NULL,NULL,5,'craft\\elements\\MatrixBlock',1,0,'2022-02-20 21:43:49','2022-02-20 21:43:49',NULL,'2022-02-20 21:44:05','266547b4-d9c7-4cdd-bca1-d3a499473939'),(246,53,NULL,NULL,8,'craft\\elements\\MatrixBlock',1,0,'2022-02-20 21:43:49','2022-02-20 21:43:49',NULL,'2022-02-20 21:44:01','a8c15b92-2d47-4536-9487-a48ec2454aa4'),(247,10,NULL,NULL,3,'craft\\elements\\MatrixBlock',1,0,'2022-02-20 21:43:49','2022-02-20 21:43:49',NULL,'2022-02-20 21:43:49','70163c19-e77b-447e-9fde-3f17d0ccd7cf'),(256,2,NULL,29,2,'craft\\elements\\Entry',1,0,'2022-02-20 21:46:48','2022-02-20 21:46:48',NULL,NULL,'4bd3bf33-25ae-4c5e-bada-46f7615a9913'),(257,50,NULL,NULL,10,'craft\\elements\\MatrixBlock',1,0,'2022-02-20 21:46:48','2022-02-20 21:46:48',NULL,NULL,'30bbcf2d-4104-4228-ac9b-f49dd32a2c92'),(258,52,NULL,NULL,5,'craft\\elements\\MatrixBlock',1,0,'2022-02-20 21:46:48','2022-02-20 21:46:48',NULL,NULL,'83154a97-2003-4053-81f8-097bd6b6a4f2'),(259,121,NULL,NULL,12,'craft\\elements\\MatrixBlock',1,0,'2022-02-20 21:46:48','2022-02-20 21:46:48',NULL,NULL,'511be06b-7723-4b61-af8e-4b17337d5f4f'),(260,51,NULL,NULL,4,'craft\\elements\\MatrixBlock',1,0,'2022-02-20 21:46:48','2022-02-20 21:46:48',NULL,NULL,'05848152-7c32-40e5-90c4-fab59ee4a01d'),(261,122,NULL,NULL,12,'craft\\elements\\MatrixBlock',1,0,'2022-02-20 21:46:48','2022-02-20 21:46:48',NULL,NULL,'efda1ceb-0198-45ce-a39a-fecfd174d385'),(262,53,NULL,NULL,8,'craft\\elements\\MatrixBlock',1,0,'2022-02-20 21:46:48','2022-02-20 21:46:48',NULL,NULL,'dc05b4cb-1e99-4ef9-bfe3-a85994a9d0ba'),(263,10,NULL,NULL,3,'craft\\elements\\MatrixBlock',1,0,'2022-02-20 21:46:48','2022-02-20 21:46:48',NULL,NULL,'13528794-b178-49f2-901b-4c880f247c16'),(264,NULL,NULL,NULL,7,'craft\\elements\\Asset',1,0,'2022-02-20 21:50:44','2022-02-20 21:50:44',NULL,NULL,'446b0bb5-0d91-4f2e-84b1-c7680e6af612'),(265,NULL,NULL,NULL,9,'craft\\elements\\Entry',1,0,'2022-02-20 21:51:09','2022-02-20 21:51:09',NULL,NULL,'823462ef-a681-4040-b00f-87562d717cc2'),(266,265,NULL,30,9,'craft\\elements\\Entry',1,0,'2022-02-20 21:51:09','2022-02-20 21:51:09',NULL,NULL,'3d06e781-1d57-4650-9311-edff578bcba5'),(275,2,NULL,31,2,'craft\\elements\\Entry',1,0,'2022-02-20 21:51:30','2022-02-20 21:51:30',NULL,NULL,'6bdd68a9-4813-4ca4-97b0-3d97a7951e0c'),(276,50,NULL,NULL,10,'craft\\elements\\MatrixBlock',1,0,'2022-02-20 21:51:30','2022-02-20 21:51:30',NULL,NULL,'e75213a0-134c-4a9d-bc8d-82aeb7f413cf'),(277,52,NULL,NULL,5,'craft\\elements\\MatrixBlock',1,0,'2022-02-20 21:51:30','2022-02-20 21:51:30',NULL,NULL,'913c8e1b-603e-4270-93a1-f04ae159a7da'),(278,121,NULL,NULL,12,'craft\\elements\\MatrixBlock',1,0,'2022-02-20 21:51:30','2022-02-20 21:51:30',NULL,NULL,'777fcbe3-8174-4374-bb5b-0627665e09a9'),(279,51,NULL,NULL,4,'craft\\elements\\MatrixBlock',1,0,'2022-02-20 21:51:30','2022-02-20 21:51:30',NULL,NULL,'11ccc3d9-979e-40b8-8b89-cecfef087afb'),(280,122,NULL,NULL,12,'craft\\elements\\MatrixBlock',1,0,'2022-02-20 21:51:30','2022-02-20 21:51:30',NULL,NULL,'0bf993e7-cf1c-4e31-b868-61b7ba77bd74'),(281,53,NULL,NULL,8,'craft\\elements\\MatrixBlock',1,0,'2022-02-20 21:51:30','2022-02-20 21:51:30',NULL,NULL,'732f224a-2665-4b9d-87da-716354bb5889'),(282,10,NULL,NULL,3,'craft\\elements\\MatrixBlock',1,0,'2022-02-20 21:51:30','2022-02-20 21:51:30',NULL,NULL,'9536bb48-020e-49b9-8a8a-66abebd78414'),(291,2,NULL,32,2,'craft\\elements\\Entry',1,0,'2022-02-21 21:39:57','2022-02-21 21:39:58',NULL,NULL,'c5df7e84-8b09-456b-a21b-51449e7109b9'),(292,50,NULL,NULL,10,'craft\\elements\\MatrixBlock',1,0,'2022-02-21 21:39:58','2022-02-21 21:39:58',NULL,NULL,'3ca0a4b1-bb27-4c55-9d5a-d95a4102274a'),(293,52,NULL,NULL,5,'craft\\elements\\MatrixBlock',1,0,'2022-02-21 21:39:58','2022-02-21 21:39:58',NULL,NULL,'56fc8aa0-1c10-449f-90f5-f6444a92a75f'),(294,121,NULL,NULL,12,'craft\\elements\\MatrixBlock',1,0,'2022-02-21 21:39:58','2022-02-21 21:39:58',NULL,NULL,'9cd04ebf-91cd-4d49-ba14-24753a228d5d'),(295,51,NULL,NULL,4,'craft\\elements\\MatrixBlock',1,0,'2022-02-21 21:39:58','2022-02-21 21:39:58',NULL,NULL,'ac470ce5-f0eb-47fa-ae13-bb5c0f73aecc'),(296,122,NULL,NULL,12,'craft\\elements\\MatrixBlock',1,0,'2022-02-21 21:39:58','2022-02-21 21:39:58',NULL,NULL,'9ff2a154-9be7-4eb7-bacd-0007ee3483d5'),(297,53,NULL,NULL,8,'craft\\elements\\MatrixBlock',1,0,'2022-02-21 21:39:58','2022-02-21 21:39:58',NULL,NULL,'d9395327-31cd-4507-99d0-e86c768e13f8'),(298,10,NULL,NULL,3,'craft\\elements\\MatrixBlock',1,0,'2022-02-21 21:39:58','2022-02-21 21:39:58',NULL,NULL,'7f6e8112-a488-4f96-b039-56d024415d34'),(299,NULL,NULL,NULL,7,'craft\\elements\\Asset',1,0,'2022-02-21 21:40:10','2022-02-21 21:40:10',NULL,NULL,'594a5745-fadb-4841-830a-bfcebe5aed8d'),(300,NULL,NULL,NULL,7,'craft\\elements\\Asset',1,0,'2022-02-21 21:40:11','2022-02-21 21:40:11',NULL,NULL,'319e2b90-a57d-4723-a2f1-07f417eddba8'),(301,NULL,NULL,NULL,7,'craft\\elements\\Asset',1,0,'2022-02-21 21:40:11','2022-02-21 21:40:11',NULL,NULL,'eec25493-192d-4ea2-8a32-087041fd937f'),(302,NULL,NULL,NULL,7,'craft\\elements\\Asset',1,0,'2022-02-21 21:40:12','2022-02-21 21:40:12',NULL,NULL,'4fffc521-6ce2-4601-a51d-223bd646d363'),(303,NULL,NULL,NULL,7,'craft\\elements\\Asset',1,0,'2022-02-21 21:40:13','2022-02-21 21:40:13',NULL,NULL,'e30dc850-8061-4daa-a0b7-b9ddd9a5c544'),(304,NULL,NULL,NULL,7,'craft\\elements\\Asset',1,0,'2022-02-21 21:40:14','2022-02-21 21:40:14',NULL,NULL,'366ace41-3f29-45a3-9e55-df363dc89b5b'),(305,NULL,NULL,NULL,7,'craft\\elements\\Asset',1,0,'2022-02-21 21:40:14','2022-02-21 21:40:14',NULL,NULL,'cd4c69f7-0788-4326-8aed-e2d51a7fa2f9'),(306,NULL,NULL,NULL,7,'craft\\elements\\Asset',1,0,'2022-02-21 21:40:15','2022-02-21 21:40:15',NULL,NULL,'734301d6-24cb-4df7-b00c-0c20d35a6bb1'),(307,NULL,NULL,NULL,7,'craft\\elements\\Asset',1,0,'2022-02-21 21:40:15','2022-02-21 21:40:15',NULL,NULL,'5e140d6f-0b88-404c-8003-0b88c0db7d66'),(308,NULL,NULL,NULL,7,'craft\\elements\\Asset',1,0,'2022-02-21 21:40:16','2022-02-21 21:40:16',NULL,NULL,'a9f2aeef-73bd-4be4-94ff-7dcc99afabd6'),(309,NULL,NULL,NULL,7,'craft\\elements\\Asset',1,0,'2022-02-21 21:40:17','2022-02-21 21:40:17',NULL,NULL,'66de6d42-6256-4b3e-9baf-139baa91eb75'),(310,NULL,NULL,NULL,7,'craft\\elements\\Asset',1,0,'2022-02-21 21:40:18','2022-02-21 21:40:18',NULL,NULL,'becaf805-572e-4622-a31e-3b682037a70e'),(311,NULL,NULL,NULL,7,'craft\\elements\\Asset',1,0,'2022-02-21 21:40:20','2022-02-21 21:40:20',NULL,NULL,'a82a78de-fa8e-42f9-8d5f-92016ac03cf8'),(312,NULL,NULL,NULL,7,'craft\\elements\\Asset',1,0,'2022-02-21 21:40:21','2022-02-21 21:40:21',NULL,NULL,'249bf54e-cb07-417f-bd98-bf91ee046704'),(313,NULL,NULL,NULL,7,'craft\\elements\\Asset',1,0,'2022-02-21 21:40:22','2022-02-21 21:40:22',NULL,NULL,'bbfabc68-24ff-43f5-bc58-bc236f0b4d4a'),(314,NULL,NULL,NULL,7,'craft\\elements\\Asset',1,0,'2022-02-21 21:40:23','2022-02-21 21:40:23',NULL,NULL,'378c2380-98cc-4c44-9a31-0df011d0c565'),(315,NULL,NULL,NULL,7,'craft\\elements\\Asset',1,0,'2022-02-21 21:40:24','2022-02-21 21:40:24',NULL,NULL,'a38d4e55-82c4-46b8-a601-7418d4a70494'),(316,NULL,NULL,NULL,7,'craft\\elements\\Asset',1,0,'2022-02-21 21:40:25','2022-02-21 21:40:25',NULL,NULL,'6dd04bcc-b21b-46c5-bb99-8cc34d4c6626'),(317,NULL,NULL,NULL,7,'craft\\elements\\Asset',1,0,'2022-02-21 21:40:26','2022-02-21 21:40:26',NULL,NULL,'d4877c6b-2c20-416f-8dfb-9710af66eeba'),(318,NULL,NULL,NULL,7,'craft\\elements\\Asset',1,0,'2022-02-21 21:40:28','2022-02-21 21:40:28',NULL,NULL,'cde34104-29f5-4578-a253-77ec800eb535'),(319,NULL,NULL,NULL,7,'craft\\elements\\Asset',1,0,'2022-02-21 21:40:29','2022-02-21 21:40:29',NULL,NULL,'0f2c0cd4-a0c1-449d-8340-9e216eff5fc1'),(320,NULL,NULL,NULL,7,'craft\\elements\\Asset',1,0,'2022-02-21 21:40:31','2022-02-21 21:40:31',NULL,NULL,'72a9d166-caa8-4db1-a029-4d6c8c174796'),(321,NULL,NULL,NULL,7,'craft\\elements\\Asset',1,0,'2022-02-21 21:40:31','2022-02-21 21:40:31',NULL,NULL,'ba1e8f8b-2680-4889-b335-d8752bb6fc8f'),(322,NULL,NULL,NULL,7,'craft\\elements\\Asset',1,0,'2022-02-21 21:40:32','2022-02-21 21:40:32',NULL,NULL,'58a8a532-8ca3-4e1f-b8e7-24cdbf0c3a13'),(323,NULL,NULL,NULL,7,'craft\\elements\\Asset',1,0,'2022-02-21 21:40:32','2022-02-21 21:40:32',NULL,NULL,'3bfb66af-185d-47b2-9a48-e48c6f04eab3'),(324,NULL,NULL,NULL,7,'craft\\elements\\Asset',1,0,'2022-02-21 21:40:33','2022-02-21 21:40:33',NULL,NULL,'235cf186-817f-44f7-bf3a-84483fa3b6a2'),(325,NULL,NULL,NULL,7,'craft\\elements\\Asset',1,0,'2022-02-21 21:40:35','2022-02-21 21:40:35',NULL,NULL,'463ab8cd-f28c-40e2-ba43-0247e08674ee'),(326,NULL,NULL,NULL,7,'craft\\elements\\Asset',1,0,'2022-02-21 21:40:36','2022-02-21 21:40:36',NULL,NULL,'016b3323-acda-4bc2-b0b2-b8130ec874fe'),(327,NULL,NULL,NULL,7,'craft\\elements\\Asset',1,0,'2022-02-21 21:40:36','2022-02-21 21:40:36',NULL,NULL,'a8373a2f-6974-4406-9698-d942288e143a'),(328,NULL,NULL,NULL,7,'craft\\elements\\Asset',1,0,'2022-02-21 21:40:37','2022-02-21 21:40:37',NULL,NULL,'3d628490-b485-4e01-87c9-3e5aab8dc994'),(334,122,NULL,NULL,12,'craft\\elements\\MatrixBlock',1,0,'2022-02-21 21:48:30','2022-02-21 21:48:30',NULL,'2022-02-21 21:48:33','3f127f5c-3f31-4cdd-b239-db4ecac92ba3'),(337,2,NULL,33,2,'craft\\elements\\Entry',1,0,'2022-02-21 21:48:43','2022-02-21 21:48:44',NULL,NULL,'284b2c5f-9597-4ef0-b05d-272fd8403cba'),(338,50,NULL,NULL,10,'craft\\elements\\MatrixBlock',1,0,'2022-02-21 21:48:44','2022-02-21 21:48:44',NULL,NULL,'c62c834c-e79b-49ea-a796-ee3d8390dfea'),(339,52,NULL,NULL,5,'craft\\elements\\MatrixBlock',1,0,'2022-02-21 21:48:44','2022-02-21 21:48:44',NULL,NULL,'150c3f49-25dd-4633-a67d-da92807c48ed'),(340,121,NULL,NULL,12,'craft\\elements\\MatrixBlock',1,0,'2022-02-21 21:48:44','2022-02-21 21:48:44',NULL,NULL,'88af4e69-b7d3-41ca-9a42-87fea67ad0c1'),(341,51,NULL,NULL,4,'craft\\elements\\MatrixBlock',1,0,'2022-02-21 21:48:44','2022-02-21 21:48:44',NULL,NULL,'c7c32492-f99a-496e-8a38-045a405ea453'),(342,53,NULL,NULL,8,'craft\\elements\\MatrixBlock',1,0,'2022-02-21 21:48:44','2022-02-21 21:48:44',NULL,NULL,'3bfac461-e4cc-42e8-8693-ea6855dbbfb2'),(343,10,NULL,NULL,3,'craft\\elements\\MatrixBlock',1,0,'2022-02-21 21:48:44','2022-02-21 21:48:44',NULL,NULL,'335da009-2c7f-412f-890b-34614f7f7503'),(351,NULL,NULL,NULL,13,'craft\\elements\\MatrixBlock',1,0,'2022-02-21 22:05:06','2022-02-21 22:05:06',NULL,'2022-02-21 22:05:13','0cd5a7e5-ea6b-4528-b07f-5dd3933053df'),(352,NULL,NULL,NULL,13,'craft\\elements\\MatrixBlock',1,0,'2022-02-21 22:05:13','2022-02-21 22:05:13',NULL,'2022-02-21 22:05:15','ca4bd275-3736-4804-bcc2-f5578280a1db'),(353,NULL,NULL,NULL,13,'craft\\elements\\MatrixBlock',1,0,'2022-02-21 22:05:15','2022-02-21 22:05:15',NULL,'2022-02-21 22:05:17','9424b636-0786-4947-89d9-526a88283659'),(354,NULL,NULL,NULL,13,'craft\\elements\\MatrixBlock',1,0,'2022-02-21 22:05:17','2022-02-21 22:05:17',NULL,'2022-02-21 22:05:22','0e6acded-db8c-43d5-adac-d8fc79b9e21c'),(355,NULL,NULL,NULL,13,'craft\\elements\\MatrixBlock',1,0,'2022-02-21 22:05:22','2022-02-21 22:05:22',NULL,'2022-02-21 22:05:24','e0d6c7ee-4710-4e00-a66b-80c5d6d57ab9'),(356,NULL,NULL,NULL,13,'craft\\elements\\MatrixBlock',1,0,'2022-02-21 22:05:24','2022-02-21 22:05:24',NULL,'2022-02-21 22:05:26','67c3d253-67ce-49a0-96e0-47d90fbbbf5f'),(357,NULL,NULL,NULL,13,'craft\\elements\\MatrixBlock',1,0,'2022-02-21 22:05:26','2022-02-21 22:05:26',NULL,'2022-02-21 22:05:34','ac35ce4c-1357-400e-88da-756f1fa7e21d'),(358,NULL,NULL,NULL,13,'craft\\elements\\MatrixBlock',1,0,'2022-02-21 22:05:34','2022-02-21 22:05:34',NULL,'2022-02-21 22:05:45','8e826d3c-48e7-4862-89a4-86cdc7f5d684'),(359,NULL,NULL,NULL,13,'craft\\elements\\MatrixBlock',1,0,'2022-02-21 22:05:45','2022-02-21 22:05:45',NULL,'2022-02-21 22:05:49','3a952e28-6820-438a-b660-961de1648f21'),(360,NULL,NULL,NULL,13,'craft\\elements\\MatrixBlock',1,0,'2022-02-21 22:05:49','2022-02-21 22:05:49',NULL,'2022-02-21 22:05:52','ee6af315-4552-4878-ae85-972af7f0e2d7'),(362,NULL,NULL,NULL,13,'craft\\elements\\MatrixBlock',1,0,'2022-02-21 22:05:54','2022-02-26 13:03:55',NULL,NULL,'41f1c52a-ba9f-47c7-9114-c2c0fb3ab0ba'),(363,2,NULL,34,2,'craft\\elements\\Entry',1,0,'2022-02-21 22:05:53','2022-02-21 22:05:54',NULL,NULL,'9f07a1f5-5a97-4a97-a0a4-6fce6a757efc'),(364,50,NULL,NULL,10,'craft\\elements\\MatrixBlock',1,0,'2022-02-21 22:05:54','2022-02-21 22:05:54',NULL,NULL,'afed6990-3e6a-4762-a9a3-555fdc57f817'),(365,52,NULL,NULL,5,'craft\\elements\\MatrixBlock',1,0,'2022-02-21 22:05:54','2022-02-21 22:05:54',NULL,NULL,'65389772-a316-4212-83da-65443e9ee827'),(366,121,NULL,NULL,12,'craft\\elements\\MatrixBlock',1,0,'2022-02-21 22:05:54','2022-02-21 22:05:54',NULL,NULL,'ee6ee12a-a4fa-4327-abfa-f8592b83b572'),(367,51,NULL,NULL,4,'craft\\elements\\MatrixBlock',1,0,'2022-02-21 22:05:54','2022-02-21 22:05:54',NULL,NULL,'cb181928-927e-49c3-a92a-9187cc294faa'),(368,53,NULL,NULL,8,'craft\\elements\\MatrixBlock',1,0,'2022-02-21 22:05:54','2022-02-21 22:05:54',NULL,NULL,'f5d60512-c8c6-4f1e-a1a9-4f2b96d4db5a'),(369,10,NULL,NULL,3,'craft\\elements\\MatrixBlock',1,0,'2022-02-21 22:05:54','2022-02-21 22:05:54',NULL,NULL,'fcb2610c-37ec-4335-be95-c869d976d237'),(370,362,NULL,NULL,13,'craft\\elements\\MatrixBlock',1,0,'2022-02-21 22:05:54','2022-02-21 22:05:54',NULL,NULL,'c0142917-9f4c-4fd1-a6f8-76c7e340c75a'),(379,2,NULL,35,2,'craft\\elements\\Entry',1,0,'2022-02-21 22:11:47','2022-02-21 22:11:47',NULL,NULL,'0322d12d-96ad-4fe1-ada5-bb1e1a88fe9f'),(380,50,NULL,NULL,10,'craft\\elements\\MatrixBlock',1,0,'2022-02-21 22:11:47','2022-02-21 22:11:47',NULL,NULL,'49dda6a9-9456-44cb-a99c-9227e5c5cfa8'),(381,52,NULL,NULL,5,'craft\\elements\\MatrixBlock',1,0,'2022-02-21 22:11:47','2022-02-21 22:11:47',NULL,NULL,'bc6706e1-ca04-4311-9f06-42d49cf68f16'),(382,121,NULL,NULL,12,'craft\\elements\\MatrixBlock',1,0,'2022-02-21 22:11:47','2022-02-21 22:11:47',NULL,NULL,'98ac3fb1-88bd-4322-b275-8acf7ed52601'),(383,51,NULL,NULL,4,'craft\\elements\\MatrixBlock',1,0,'2022-02-21 22:11:47','2022-02-21 22:11:47',NULL,NULL,'32fcd456-4a40-432f-9c2a-ca36d1459b84'),(384,53,NULL,NULL,8,'craft\\elements\\MatrixBlock',1,0,'2022-02-21 22:11:47','2022-02-21 22:11:47',NULL,NULL,'085749ba-de1d-40d9-98b6-aab98f6aa083'),(385,10,NULL,NULL,3,'craft\\elements\\MatrixBlock',1,0,'2022-02-21 22:11:47','2022-02-21 22:11:47',NULL,NULL,'44446a13-ba9a-4e36-b9f4-3f9c57930a4d'),(386,362,NULL,NULL,13,'craft\\elements\\MatrixBlock',1,0,'2022-02-21 22:11:47','2022-02-21 22:11:47',NULL,NULL,'016da1ef-fdc5-4c6b-a955-db2f0634a1bb'),(395,NULL,NULL,NULL,7,'craft\\elements\\Asset',1,0,'2022-02-21 22:13:50','2022-02-21 22:13:50',NULL,NULL,'29f0793a-6fc2-4711-b509-b8e5cd00e914'),(396,2,NULL,36,2,'craft\\elements\\Entry',1,0,'2022-02-21 22:13:59','2022-02-21 22:14:00',NULL,NULL,'f349c0f6-81eb-4dc6-a70d-f125fc8cd09b'),(397,50,NULL,NULL,10,'craft\\elements\\MatrixBlock',1,0,'2022-02-21 22:14:00','2022-02-21 22:14:00',NULL,NULL,'5fd76164-6432-4e7f-a991-833ffc470f30'),(398,52,NULL,NULL,5,'craft\\elements\\MatrixBlock',1,0,'2022-02-21 22:14:00','2022-02-21 22:14:00',NULL,NULL,'bc9b4fd0-6753-40bd-83a8-cd7850b5dd2f'),(399,121,NULL,NULL,12,'craft\\elements\\MatrixBlock',1,0,'2022-02-21 22:14:00','2022-02-21 22:14:00',NULL,NULL,'403ebfbf-3d58-4210-8d74-b31a9140fd0e'),(400,51,NULL,NULL,4,'craft\\elements\\MatrixBlock',1,0,'2022-02-21 22:14:00','2022-02-21 22:14:00',NULL,NULL,'e79e4589-f37a-4ecd-8c79-32c597ecfc9e'),(401,53,NULL,NULL,8,'craft\\elements\\MatrixBlock',1,0,'2022-02-21 22:14:00','2022-02-21 22:14:00',NULL,NULL,'12ff52c7-10d4-4a53-88c9-b2b78efa1786'),(402,362,NULL,NULL,13,'craft\\elements\\MatrixBlock',1,0,'2022-02-21 22:14:00','2022-02-21 22:14:00',NULL,NULL,'f0c2d670-2def-41f9-8088-25176c9fbab1'),(403,10,NULL,NULL,3,'craft\\elements\\MatrixBlock',1,0,'2022-02-21 22:14:00','2022-02-21 22:14:00',NULL,NULL,'607c26fb-d603-4539-b0e2-9f964e60764c'),(404,NULL,NULL,NULL,1,'craft\\elements\\Entry',1,0,'2022-02-26 11:07:59','2022-02-26 11:29:46',NULL,NULL,'e9c251e6-9e26-45f7-b65c-30f427b245f5'),(405,NULL,NULL,NULL,15,'craft\\elements\\Entry',1,0,'2022-02-26 11:21:59','2022-02-26 11:28:32',NULL,NULL,'760269e9-3187-4ac6-b53c-405ab0d67c18'),(406,NULL,NULL,NULL,7,'craft\\elements\\Asset',1,0,'2022-02-26 11:25:54','2022-02-26 11:25:57',NULL,NULL,'fb234d6b-44a0-4bf7-a918-d5459060041e'),(407,405,NULL,37,15,'craft\\elements\\Entry',1,0,'2022-02-26 11:28:32','2022-02-26 11:28:32',NULL,NULL,'81e14e07-6586-4ae4-9dd6-1237eaaf7a60'),(408,404,NULL,38,1,'craft\\elements\\Entry',1,0,'2022-02-26 11:29:46','2022-02-26 11:29:46',NULL,NULL,'87abc82b-685a-4dd3-aa5f-1d1797150545'),(417,2,NULL,39,2,'craft\\elements\\Entry',1,0,'2022-02-26 11:41:45','2022-02-26 11:41:46',NULL,NULL,'d8d58a9c-0695-4616-b477-820c073fb23e'),(418,50,NULL,NULL,10,'craft\\elements\\MatrixBlock',1,0,'2022-02-26 11:41:46','2022-02-26 11:41:46',NULL,NULL,'de6f82f6-4655-402a-8076-0ce0d08cb339'),(419,52,NULL,NULL,5,'craft\\elements\\MatrixBlock',1,0,'2022-02-26 11:41:46','2022-02-26 11:41:46',NULL,NULL,'dcc15986-2b8e-4bf7-be16-35af8fb15a9b'),(420,121,NULL,NULL,12,'craft\\elements\\MatrixBlock',1,0,'2022-02-26 11:41:46','2022-02-26 11:41:46',NULL,NULL,'0206f076-cde3-4190-a883-ded3e1e58981'),(421,51,NULL,NULL,4,'craft\\elements\\MatrixBlock',1,0,'2022-02-26 11:41:46','2022-02-26 11:41:46',NULL,NULL,'1243e6e2-60b4-4464-9036-398427568f64'),(422,53,NULL,NULL,8,'craft\\elements\\MatrixBlock',1,0,'2022-02-26 11:41:46','2022-02-26 11:41:46',NULL,NULL,'25044694-cd23-4337-89fe-ca18210a21a2'),(423,362,NULL,NULL,13,'craft\\elements\\MatrixBlock',1,0,'2022-02-26 11:41:46','2022-02-26 11:41:46',NULL,NULL,'53cfc4f9-a6ab-43ae-b0fc-67698b7ffaee'),(424,10,NULL,NULL,3,'craft\\elements\\MatrixBlock',1,0,'2022-02-26 11:41:46','2022-02-26 11:41:46',NULL,NULL,'c4e2b72a-e555-4169-bfc1-acc1f5890a43'),(433,NULL,NULL,NULL,13,'craft\\elements\\MatrixBlock',1,0,'2022-02-26 11:50:03','2022-02-26 11:50:03',NULL,'2022-02-26 11:50:05','a2871037-27f1-4bac-9958-2ff5dac5fe4c'),(434,NULL,NULL,NULL,16,'craft\\elements\\MatrixBlock',1,0,'2022-02-26 11:55:00','2022-02-26 11:55:00',NULL,'2022-02-26 11:55:09','32f233d1-543e-4fb2-86d9-6c82cc1dd253'),(435,NULL,NULL,NULL,16,'craft\\elements\\MatrixBlock',1,0,'2022-02-26 11:55:09','2022-02-26 11:55:09',NULL,'2022-02-26 11:55:09','4f34221d-4659-4374-bf2e-c259a274f1d4'),(436,NULL,NULL,NULL,16,'craft\\elements\\MatrixBlock',1,0,'2022-02-26 11:55:09','2022-02-26 11:55:09',NULL,'2022-02-26 11:55:12','d9bf1534-dd9c-4cee-a824-4db47a54717f'),(437,NULL,NULL,NULL,16,'craft\\elements\\MatrixBlock',1,0,'2022-02-26 11:55:12','2022-02-26 11:55:12',NULL,'2022-02-26 11:55:14','4d7e5f7a-eb86-4efa-8827-f1c3c617350d'),(438,NULL,NULL,NULL,16,'craft\\elements\\MatrixBlock',1,0,'2022-02-26 11:55:14','2022-02-26 11:55:14',NULL,'2022-02-26 11:56:17','0d70dd77-fcf3-4fad-ac0a-9147b2e30973'),(439,NULL,NULL,NULL,7,'craft\\elements\\Asset',1,0,'2022-02-26 11:56:00','2022-02-26 11:56:16',NULL,NULL,'7d9c3a68-b9c7-48e3-ad5b-d5857c0de6b9'),(440,NULL,NULL,NULL,7,'craft\\elements\\Asset',1,0,'2022-02-26 11:56:07','2022-02-26 11:56:16',NULL,NULL,'6c43b100-f207-4fc6-b830-3644db5a4a7c'),(441,NULL,NULL,NULL,7,'craft\\elements\\Asset',1,0,'2022-02-26 11:56:09','2022-02-26 11:56:16',NULL,NULL,'c12d3d89-7a2d-4685-9dc3-22b3dd0b1059'),(443,NULL,NULL,NULL,16,'craft\\elements\\MatrixBlock',1,0,'2022-02-26 11:56:20','2022-02-26 13:03:55',NULL,NULL,'0520c974-d723-404c-92c8-c23233e8610c'),(444,2,NULL,40,2,'craft\\elements\\Entry',1,0,'2022-02-26 11:56:20','2022-02-26 11:56:24',NULL,NULL,'398b6991-8903-4d5a-95e1-518f1abaeceb'),(445,50,NULL,NULL,10,'craft\\elements\\MatrixBlock',1,0,'2022-02-26 11:56:24','2022-02-26 11:56:24',NULL,NULL,'d730d21f-884b-4273-9621-0e510cab6557'),(446,443,NULL,NULL,16,'craft\\elements\\MatrixBlock',1,0,'2022-02-26 11:56:24','2022-02-26 11:56:24',NULL,NULL,'dfd15bb1-ab77-43af-8e15-dbd454b044c4'),(447,52,NULL,NULL,5,'craft\\elements\\MatrixBlock',1,0,'2022-02-26 11:56:24','2022-02-26 11:56:24',NULL,NULL,'434c108a-8015-4ab6-8409-3c84a6f30534'),(448,121,NULL,NULL,12,'craft\\elements\\MatrixBlock',1,0,'2022-02-26 11:56:24','2022-02-26 11:56:24',NULL,NULL,'f506c9fc-4607-4984-b8ca-b2c7f94b2ca2'),(449,51,NULL,NULL,4,'craft\\elements\\MatrixBlock',1,0,'2022-02-26 11:56:24','2022-02-26 11:56:24',NULL,NULL,'b9789c85-65a0-414f-9c2e-0c0190059582'),(450,53,NULL,NULL,8,'craft\\elements\\MatrixBlock',1,0,'2022-02-26 11:56:24','2022-02-26 11:56:24',NULL,NULL,'af760b87-d13c-4f55-ba7e-44cf5bd52637'),(451,362,NULL,NULL,13,'craft\\elements\\MatrixBlock',1,0,'2022-02-26 11:56:24','2022-02-26 11:56:24',NULL,NULL,'d58a02f2-acd9-4278-8641-ab3a61624109'),(452,10,NULL,NULL,3,'craft\\elements\\MatrixBlock',1,0,'2022-02-26 11:56:24','2022-02-26 11:56:24',NULL,NULL,'afd7ceff-6bdd-45c1-b59f-c0f4354bb677'),(462,2,NULL,41,2,'craft\\elements\\Entry',1,0,'2022-02-26 12:24:47','2022-02-26 12:24:48',NULL,NULL,'ff1e6e45-8a36-4a1a-853c-7172f9a175b6'),(463,50,NULL,NULL,10,'craft\\elements\\MatrixBlock',1,0,'2022-02-26 12:24:48','2022-02-26 12:24:48',NULL,NULL,'b82d0ce5-e607-42bc-a548-bbcca8697c0f'),(464,443,NULL,NULL,16,'craft\\elements\\MatrixBlock',1,0,'2022-02-26 12:24:48','2022-02-26 12:24:48',NULL,NULL,'7e66f398-353b-4f8f-b03a-309b933f9a82'),(465,52,NULL,NULL,5,'craft\\elements\\MatrixBlock',1,0,'2022-02-26 12:24:48','2022-02-26 12:24:48',NULL,NULL,'be3299fa-17b0-4156-9c1a-bc14a72d064b'),(466,121,NULL,NULL,12,'craft\\elements\\MatrixBlock',1,0,'2022-02-26 12:24:48','2022-02-26 12:24:48',NULL,NULL,'95ac137d-6c6b-4338-b050-0cedc0be20e9'),(467,51,NULL,NULL,4,'craft\\elements\\MatrixBlock',1,0,'2022-02-26 12:24:48','2022-02-26 12:24:48',NULL,NULL,'dde501f9-47d1-485f-af67-61ff72c0fdec'),(468,53,NULL,NULL,8,'craft\\elements\\MatrixBlock',1,0,'2022-02-26 12:24:48','2022-02-26 12:24:48',NULL,NULL,'a3f51303-e261-4f3b-a7e9-d3d36d8aa68f'),(469,362,NULL,NULL,13,'craft\\elements\\MatrixBlock',1,0,'2022-02-26 12:24:48','2022-02-26 12:24:48',NULL,NULL,'2761fad4-16c4-43dd-bda4-97da0367c372'),(470,10,NULL,NULL,3,'craft\\elements\\MatrixBlock',1,0,'2022-02-26 12:24:48','2022-02-26 12:24:48',NULL,NULL,'a257bfca-3c0d-41a0-a746-7b5e2bd8119e'),(471,NULL,NULL,NULL,7,'craft\\elements\\Asset',1,0,'2022-02-26 12:46:27','2022-02-26 12:46:27',NULL,NULL,'7e485f47-8d84-42cf-b10a-8180459257fb'),(472,NULL,NULL,NULL,9,'craft\\elements\\Entry',1,0,'2022-02-26 12:47:10','2022-02-26 12:47:10',NULL,NULL,'dda45984-4e9f-4f3d-b601-f190fa3688cf'),(473,472,NULL,42,9,'craft\\elements\\Entry',1,0,'2022-02-26 12:47:10','2022-02-26 12:47:10',NULL,NULL,'6fc44eec-0ad5-473c-9543-471d643483ff'),(483,2,NULL,43,2,'craft\\elements\\Entry',1,0,'2022-02-26 12:47:15','2022-02-26 12:47:16',NULL,NULL,'79e75427-7f2b-4320-bbc2-1517678aa418'),(484,50,NULL,NULL,10,'craft\\elements\\MatrixBlock',1,0,'2022-02-26 12:47:16','2022-02-26 12:47:16',NULL,NULL,'4c179c46-bf14-4795-a23f-b0ca99528b01'),(485,443,NULL,NULL,16,'craft\\elements\\MatrixBlock',1,0,'2022-02-26 12:47:16','2022-02-26 12:47:16',NULL,NULL,'65edab0c-efec-4740-adde-09c42ac2229c'),(486,52,NULL,NULL,5,'craft\\elements\\MatrixBlock',1,0,'2022-02-26 12:47:16','2022-02-26 12:47:16',NULL,NULL,'cc28797d-c8c6-4a61-bf15-085ae54a447e'),(487,121,NULL,NULL,12,'craft\\elements\\MatrixBlock',1,0,'2022-02-26 12:47:16','2022-02-26 12:47:16',NULL,NULL,'d45b61a9-870d-4784-8b32-fba73a1aa9cf'),(488,51,NULL,NULL,4,'craft\\elements\\MatrixBlock',1,0,'2022-02-26 12:47:16','2022-02-26 12:47:16',NULL,NULL,'a6fc5952-8ccf-4f60-81b4-f09009a63a3f'),(489,53,NULL,NULL,8,'craft\\elements\\MatrixBlock',1,0,'2022-02-26 12:47:16','2022-02-26 12:47:16',NULL,NULL,'6ed8f1bf-a613-4088-b4de-45956724c3a3'),(490,362,NULL,NULL,13,'craft\\elements\\MatrixBlock',1,0,'2022-02-26 12:47:16','2022-02-26 12:47:16',NULL,NULL,'a29f39b0-0d44-4bc3-ae01-9ae92bb9a9fa'),(491,10,NULL,NULL,3,'craft\\elements\\MatrixBlock',1,0,'2022-02-26 12:47:16','2022-02-26 12:47:16',NULL,NULL,'2d277ceb-0bcd-45c5-9b10-2e78140c0035'),(501,2,NULL,44,2,'craft\\elements\\Entry',1,0,'2022-02-26 12:48:57','2022-02-26 12:48:58',NULL,NULL,'d2d9f63c-2f4e-4e15-810d-b0be11e834ed'),(502,50,NULL,NULL,10,'craft\\elements\\MatrixBlock',1,0,'2022-02-26 12:48:58','2022-02-26 12:48:58',NULL,NULL,'af6e4841-1163-4b8a-8aa7-2c2da478b497'),(503,53,NULL,NULL,8,'craft\\elements\\MatrixBlock',1,0,'2022-02-26 12:48:58','2022-02-26 12:48:58',NULL,NULL,'b6d9846c-2fef-41ee-b572-8c8354fc1272'),(504,52,NULL,NULL,5,'craft\\elements\\MatrixBlock',1,0,'2022-02-26 12:48:58','2022-02-26 12:48:58',NULL,NULL,'40af2f5b-c491-4055-ba33-616a51396043'),(505,51,NULL,NULL,4,'craft\\elements\\MatrixBlock',1,0,'2022-02-26 12:48:58','2022-02-26 12:48:58',NULL,NULL,'404d78c2-535a-4bd6-9216-ef1f493b73fd'),(506,443,NULL,NULL,16,'craft\\elements\\MatrixBlock',1,0,'2022-02-26 12:48:58','2022-02-26 12:48:58',NULL,NULL,'03ae6bcd-4d04-42d1-b4b3-3b6ccdf3e79b'),(507,121,NULL,NULL,12,'craft\\elements\\MatrixBlock',1,0,'2022-02-26 12:48:58','2022-02-26 12:48:58',NULL,NULL,'69fd515a-1c1b-47c1-8f63-9e3dd1364087'),(508,362,NULL,NULL,13,'craft\\elements\\MatrixBlock',1,0,'2022-02-26 12:48:58','2022-02-26 12:48:58',NULL,NULL,'b49d27f2-b775-4a96-9fe9-f7394dfcc6a0'),(509,10,NULL,NULL,3,'craft\\elements\\MatrixBlock',1,0,'2022-02-26 12:48:58','2022-02-26 12:48:58',NULL,NULL,'a3ef6397-aae3-47aa-bd53-2e23b05ecece'),(519,2,NULL,45,2,'craft\\elements\\Entry',1,0,'2022-02-26 12:49:13','2022-02-26 12:49:13',NULL,NULL,'175c6048-bff8-4efa-a419-9c4ed741715f'),(520,50,NULL,NULL,10,'craft\\elements\\MatrixBlock',1,0,'2022-02-26 12:49:13','2022-02-26 12:49:13',NULL,NULL,'8b0336ca-a7f1-4126-aee3-1d13b572c292'),(521,52,NULL,NULL,5,'craft\\elements\\MatrixBlock',1,0,'2022-02-26 12:49:13','2022-02-26 12:49:13',NULL,NULL,'40f6822c-0be8-4e31-877a-a9b22dfd7592'),(522,53,NULL,NULL,8,'craft\\elements\\MatrixBlock',1,0,'2022-02-26 12:49:13','2022-02-26 12:49:13',NULL,NULL,'1e4a4eae-fa1f-4a8e-8cd7-45e0e6f7a5c2'),(523,51,NULL,NULL,4,'craft\\elements\\MatrixBlock',1,0,'2022-02-26 12:49:14','2022-02-26 12:49:14',NULL,NULL,'0deb3266-67c4-46c9-8516-9755c0d259db'),(524,443,NULL,NULL,16,'craft\\elements\\MatrixBlock',1,0,'2022-02-26 12:49:14','2022-02-26 12:49:14',NULL,NULL,'5dbaede6-ccce-43f5-a9d9-49b3bfd35629'),(525,121,NULL,NULL,12,'craft\\elements\\MatrixBlock',1,0,'2022-02-26 12:49:14','2022-02-26 12:49:14',NULL,NULL,'308ff0af-0792-48dc-b492-5ccc378e4bf9'),(526,362,NULL,NULL,13,'craft\\elements\\MatrixBlock',1,0,'2022-02-26 12:49:14','2022-02-26 12:49:14',NULL,NULL,'2f333ecb-19ba-4941-96d1-dd15eea7f7a0'),(527,10,NULL,NULL,3,'craft\\elements\\MatrixBlock',1,0,'2022-02-26 12:49:14','2022-02-26 12:49:14',NULL,NULL,'9cad5661-7faa-48e2-b42b-6a26447ab7ef'),(537,2,NULL,46,2,'craft\\elements\\Entry',1,0,'2022-02-26 12:50:05','2022-02-26 12:50:06',NULL,NULL,'812a221c-cc4a-47bd-b0f8-74092f288cd5'),(538,50,NULL,NULL,10,'craft\\elements\\MatrixBlock',1,0,'2022-02-26 12:50:06','2022-02-26 12:50:06',NULL,NULL,'5e4db09f-5477-478b-8e7d-1ab91e008dd8'),(539,52,NULL,NULL,5,'craft\\elements\\MatrixBlock',1,0,'2022-02-26 12:50:06','2022-02-26 12:50:06',NULL,NULL,'24f691cf-991f-46df-a4f3-ad506174216e'),(540,53,NULL,NULL,8,'craft\\elements\\MatrixBlock',1,0,'2022-02-26 12:50:06','2022-02-26 12:50:06',NULL,NULL,'384784fe-6c61-4280-94ac-bf3c2c19d8a7'),(541,121,NULL,NULL,12,'craft\\elements\\MatrixBlock',1,0,'2022-02-26 12:50:06','2022-02-26 12:50:06',NULL,NULL,'a8c9005f-7fd7-44f1-bc19-8434d4086940'),(542,51,NULL,NULL,4,'craft\\elements\\MatrixBlock',1,0,'2022-02-26 12:50:06','2022-02-26 12:50:06',NULL,NULL,'a57b4e51-7825-4e3e-90d1-8339fc52d591'),(543,362,NULL,NULL,13,'craft\\elements\\MatrixBlock',1,0,'2022-02-26 12:50:06','2022-02-26 12:50:06',NULL,NULL,'72c1e66d-cb1e-4b97-9ec7-0e4c4a2eca2d'),(544,443,NULL,NULL,16,'craft\\elements\\MatrixBlock',1,0,'2022-02-26 12:50:06','2022-02-26 12:50:06',NULL,NULL,'1add8655-ae3a-40f3-9ab3-f523f0557b34'),(545,10,NULL,NULL,3,'craft\\elements\\MatrixBlock',1,0,'2022-02-26 12:50:06','2022-02-26 12:50:06',NULL,NULL,'984329f0-b4a3-437d-b133-734eb0da30a0'),(555,NULL,NULL,NULL,12,'craft\\elements\\MatrixBlock',1,0,'2022-02-26 12:50:54','2022-02-26 12:50:54',NULL,'2022-02-26 12:50:55','72841c3c-9fad-42bd-8d6d-711945543ebb'),(556,NULL,NULL,NULL,12,'craft\\elements\\MatrixBlock',1,0,'2022-02-26 12:50:55','2022-02-26 12:50:55',NULL,'2022-02-26 12:50:59','2e89308c-2bc2-49ef-9ae8-9a5868d4c3f2'),(557,NULL,NULL,NULL,12,'craft\\elements\\MatrixBlock',1,0,'2022-02-26 12:50:59','2022-02-26 12:50:59',NULL,'2022-02-26 12:51:04','3f55357a-8a9b-4fd3-aef5-7b7ea006b4ae'),(558,NULL,NULL,NULL,12,'craft\\elements\\MatrixBlock',1,0,'2022-02-26 12:51:04','2022-02-26 12:51:04',NULL,'2022-02-26 12:51:08','e6c770f1-7579-4bce-ad65-08661b6c4799'),(560,NULL,NULL,NULL,12,'craft\\elements\\MatrixBlock',1,0,'2022-02-26 12:51:09','2022-02-26 13:03:55',NULL,NULL,'d69a4945-d3d8-41e1-a049-10d581f9740e'),(561,2,NULL,47,2,'craft\\elements\\Entry',1,0,'2022-02-26 12:51:09','2022-02-26 12:51:10',NULL,NULL,'dceac1a4-4d03-4529-870c-61d98553da5c'),(562,50,NULL,NULL,10,'craft\\elements\\MatrixBlock',1,0,'2022-02-26 12:51:10','2022-02-26 12:51:10',NULL,NULL,'e26d5df6-1084-4fa6-a6be-595400d8ca25'),(563,52,NULL,NULL,5,'craft\\elements\\MatrixBlock',1,0,'2022-02-26 12:51:10','2022-02-26 12:51:10',NULL,NULL,'4acc417b-af2c-489b-be3d-50a380ab34a9'),(564,53,NULL,NULL,8,'craft\\elements\\MatrixBlock',1,0,'2022-02-26 12:51:10','2022-02-26 12:51:10',NULL,NULL,'0b40293a-21db-4fe9-9a30-374d6d852766'),(565,121,NULL,NULL,12,'craft\\elements\\MatrixBlock',1,0,'2022-02-26 12:51:10','2022-02-26 12:51:10',NULL,NULL,'d0748eb3-a24e-467a-aca0-89691268f661'),(566,51,NULL,NULL,4,'craft\\elements\\MatrixBlock',1,0,'2022-02-26 12:51:10','2022-02-26 12:51:10',NULL,NULL,'610f3a80-01ca-48e8-bc62-abde7a40dabb'),(567,560,NULL,NULL,12,'craft\\elements\\MatrixBlock',1,0,'2022-02-26 12:51:10','2022-02-26 12:51:10',NULL,NULL,'e0f285c8-d493-4532-aa30-fa46316f3d2c'),(568,362,NULL,NULL,13,'craft\\elements\\MatrixBlock',1,0,'2022-02-26 12:51:10','2022-02-26 12:51:10',NULL,NULL,'17424473-698a-40b9-8b1a-ec16b53b4b95'),(569,443,NULL,NULL,16,'craft\\elements\\MatrixBlock',1,0,'2022-02-26 12:51:10','2022-02-26 12:51:10',NULL,NULL,'abc8ee5f-ffde-46b2-9ce7-d69e80b51c61'),(570,10,NULL,NULL,3,'craft\\elements\\MatrixBlock',1,0,'2022-02-26 12:51:10','2022-02-26 12:51:10',NULL,NULL,'b569dab3-a45a-4ca6-8054-8e6a803bac6e'),(581,2,NULL,48,2,'craft\\elements\\Entry',1,0,'2022-02-26 12:51:27','2022-02-26 12:51:27',NULL,NULL,'e07212e2-d741-4257-8fe7-34c8005287dc'),(582,50,NULL,NULL,10,'craft\\elements\\MatrixBlock',1,0,'2022-02-26 12:51:27','2022-02-26 12:51:27',NULL,NULL,'04809528-97ac-4358-a204-12364b0d8aff'),(583,52,NULL,NULL,5,'craft\\elements\\MatrixBlock',1,0,'2022-02-26 12:51:27','2022-02-26 12:51:27',NULL,NULL,'f0ad56db-a40e-4b3b-9074-c747cfca3db1'),(584,53,NULL,NULL,8,'craft\\elements\\MatrixBlock',1,0,'2022-02-26 12:51:27','2022-02-26 12:51:27',NULL,NULL,'5828a893-1e6a-410d-8c18-480b56a05bd1'),(585,121,NULL,NULL,12,'craft\\elements\\MatrixBlock',1,0,'2022-02-26 12:51:27','2022-02-26 12:51:27',NULL,NULL,'333498ee-9d49-4d66-9ec5-1ae16758fd60'),(586,51,NULL,NULL,4,'craft\\elements\\MatrixBlock',1,0,'2022-02-26 12:51:27','2022-02-26 12:51:27',NULL,NULL,'04016daf-27e8-4082-ae5a-390bec0a68f7'),(587,560,NULL,NULL,12,'craft\\elements\\MatrixBlock',1,0,'2022-02-26 12:51:27','2022-02-26 12:51:27',NULL,NULL,'f69eea3e-97cc-4b8f-b69e-4e8ddb2c8fcb'),(588,362,NULL,NULL,13,'craft\\elements\\MatrixBlock',1,0,'2022-02-26 12:51:27','2022-02-26 12:51:27',NULL,NULL,'3ef9620c-67cd-43d4-94b4-da9830262970'),(589,443,NULL,NULL,16,'craft\\elements\\MatrixBlock',1,0,'2022-02-26 12:51:27','2022-02-26 12:51:27',NULL,NULL,'4fea894a-b1fd-471e-96a8-589ece24fa2a'),(590,10,NULL,NULL,3,'craft\\elements\\MatrixBlock',1,0,'2022-02-26 12:51:27','2022-02-26 12:51:27',NULL,NULL,'ad4bf1d5-095c-4dcf-98e5-da33edba1c56'),(601,2,NULL,49,2,'craft\\elements\\Entry',1,0,'2022-02-26 12:51:46','2022-02-26 12:51:46',NULL,NULL,'3637b10f-eb75-4b3b-9334-d94f892b7e33'),(602,50,NULL,NULL,10,'craft\\elements\\MatrixBlock',1,0,'2022-02-26 12:51:46','2022-02-26 12:51:46',NULL,NULL,'dd5085e2-6e4f-4983-869b-dd09f0868a87'),(603,52,NULL,NULL,5,'craft\\elements\\MatrixBlock',1,0,'2022-02-26 12:51:46','2022-02-26 12:51:46',NULL,NULL,'8e4dc46c-a3b9-4a68-8319-ba7d864b9604'),(604,53,NULL,NULL,8,'craft\\elements\\MatrixBlock',1,0,'2022-02-26 12:51:46','2022-02-26 12:51:46',NULL,NULL,'42b2393b-22cc-42a2-8966-23e5aac98b01'),(605,121,NULL,NULL,12,'craft\\elements\\MatrixBlock',1,0,'2022-02-26 12:51:46','2022-02-26 12:51:46',NULL,NULL,'3fd4b492-0694-40e6-a86e-9fc13fa3dd87'),(606,51,NULL,NULL,4,'craft\\elements\\MatrixBlock',1,0,'2022-02-26 12:51:46','2022-02-26 12:51:46',NULL,NULL,'adc1b4cf-6f7d-44f5-a5b1-6440a42fa58a'),(607,560,NULL,NULL,12,'craft\\elements\\MatrixBlock',1,0,'2022-02-26 12:51:46','2022-02-26 12:51:46',NULL,NULL,'61ecd936-bef3-4ed8-8199-1e6a9d1f2b8e'),(608,362,NULL,NULL,13,'craft\\elements\\MatrixBlock',1,0,'2022-02-26 12:51:46','2022-02-26 12:51:46',NULL,NULL,'28e9f8e2-07c5-4f67-986f-2c026fac3df7'),(609,443,NULL,NULL,16,'craft\\elements\\MatrixBlock',1,0,'2022-02-26 12:51:46','2022-02-26 12:51:46',NULL,NULL,'233bd84b-75e2-460a-923b-0078237a1697'),(610,10,NULL,NULL,3,'craft\\elements\\MatrixBlock',1,0,'2022-02-26 12:51:46','2022-02-26 12:51:46',NULL,NULL,'e0732b9e-c076-48eb-92ce-51be9d2419de'),(621,2,NULL,50,2,'craft\\elements\\Entry',1,0,'2022-02-26 12:55:28','2022-02-26 12:55:28',NULL,NULL,'92b04ae5-1881-4446-b8b8-a97f56db87e6'),(622,50,NULL,NULL,10,'craft\\elements\\MatrixBlock',1,0,'2022-02-26 12:55:28','2022-02-26 12:55:28',NULL,NULL,'f073d867-afe8-4d63-85c6-74abed5768d9'),(623,52,NULL,NULL,5,'craft\\elements\\MatrixBlock',1,0,'2022-02-26 12:55:29','2022-02-26 12:55:29',NULL,NULL,'c174c6b9-52ab-43c2-8fee-bb0487285126'),(624,53,NULL,NULL,8,'craft\\elements\\MatrixBlock',1,0,'2022-02-26 12:55:29','2022-02-26 12:55:29',NULL,NULL,'5facb691-3bdb-4c57-b23d-6dfa741935ee'),(625,121,NULL,NULL,12,'craft\\elements\\MatrixBlock',1,0,'2022-02-26 12:55:29','2022-02-26 12:55:29',NULL,NULL,'ec5c6afc-cc6c-46b4-949e-5e3dc73478f7'),(626,51,NULL,NULL,4,'craft\\elements\\MatrixBlock',1,0,'2022-02-26 12:55:29','2022-02-26 12:55:29',NULL,NULL,'f79bb9dc-fee6-495f-ab0b-b02eb80cc761'),(627,560,NULL,NULL,12,'craft\\elements\\MatrixBlock',1,0,'2022-02-26 12:55:29','2022-02-26 12:55:29',NULL,NULL,'587a50db-8640-4e4c-a63e-2e8b6d0f1182'),(628,362,NULL,NULL,13,'craft\\elements\\MatrixBlock',1,0,'2022-02-26 12:55:29','2022-02-26 12:55:29',NULL,NULL,'fdaf7c45-a5aa-42db-963d-23ba816146b7'),(629,443,NULL,NULL,16,'craft\\elements\\MatrixBlock',1,0,'2022-02-26 12:55:29','2022-02-26 12:55:29',NULL,NULL,'9d8e8296-7cc2-4601-8a94-aef9245ad822'),(630,10,NULL,NULL,3,'craft\\elements\\MatrixBlock',1,0,'2022-02-26 12:55:29','2022-02-26 12:55:29',NULL,NULL,'ba115764-6826-4f74-a66c-6a5919cec1ce'),(641,NULL,NULL,NULL,12,'craft\\elements\\MatrixBlock',1,0,'2022-02-26 13:01:14','2022-02-26 13:01:14',NULL,'2022-02-26 13:01:16','6d865327-13a6-40f3-a906-d069a20b4203'),(642,NULL,NULL,NULL,12,'craft\\elements\\MatrixBlock',1,0,'2022-02-26 13:01:16','2022-02-26 13:01:16',NULL,'2022-02-26 13:01:20','4fa90277-5ddd-4bf1-ad56-1aec51398a44'),(643,NULL,NULL,NULL,12,'craft\\elements\\MatrixBlock',1,0,'2022-02-26 13:01:20','2022-02-26 13:01:20',NULL,'2022-02-26 13:01:22','a60a21d8-064e-477d-8d48-290119c58dee'),(644,NULL,NULL,NULL,12,'craft\\elements\\MatrixBlock',1,0,'2022-02-26 13:01:20','2022-02-26 13:01:20',NULL,'2022-02-26 13:01:22','4e3e41a1-5848-4fbc-9152-2aae0e640988'),(645,NULL,NULL,NULL,12,'craft\\elements\\MatrixBlock',1,0,'2022-02-26 13:01:22','2022-02-26 13:01:22',NULL,'2022-02-26 13:01:24','ebf06e55-ef99-4f14-b57f-086494a78c07'),(646,NULL,NULL,NULL,12,'craft\\elements\\MatrixBlock',1,0,'2022-02-26 13:01:22','2022-02-26 13:01:22',NULL,'2022-02-26 13:01:24','e810a5ab-7a3c-42e8-95bf-35e8fd0fdaa4'),(647,NULL,NULL,NULL,12,'craft\\elements\\MatrixBlock',1,0,'2022-02-26 13:01:24','2022-02-26 13:01:24',NULL,'2022-02-26 13:01:28','5fac35e4-cdde-4fb5-8d25-56bedf0a729d'),(648,NULL,NULL,NULL,12,'craft\\elements\\MatrixBlock',1,0,'2022-02-26 13:01:24','2022-02-26 13:01:24',NULL,'2022-02-26 13:01:28','8d7bcbcf-168e-4e92-9e6f-840257586d1f'),(651,NULL,NULL,NULL,12,'craft\\elements\\MatrixBlock',1,0,'2022-02-26 13:02:39','2022-02-26 13:03:55',NULL,NULL,'2f4f8db6-6fe4-422a-bfa4-648ab082e17e'),(652,NULL,NULL,NULL,12,'craft\\elements\\MatrixBlock',1,0,'2022-02-26 13:02:39','2022-02-26 13:03:55',NULL,NULL,'73e76862-dd3a-4f6e-bdc3-7696ddb6a627'),(653,2,NULL,51,2,'craft\\elements\\Entry',1,0,'2022-02-26 13:02:39','2022-02-26 13:02:39',NULL,NULL,'02cd7aef-9f52-4613-b8e3-7c6138c089eb'),(654,50,NULL,NULL,10,'craft\\elements\\MatrixBlock',1,0,'2022-02-26 13:02:39','2022-02-26 13:02:39',NULL,NULL,'18e5ddab-1e38-40bc-b6b5-1573c27787b8'),(655,52,NULL,NULL,5,'craft\\elements\\MatrixBlock',1,0,'2022-02-26 13:02:39','2022-02-26 13:02:39',NULL,NULL,'020ad806-adb0-4fab-8f37-3f7f4b8ab3a5'),(656,53,NULL,NULL,8,'craft\\elements\\MatrixBlock',1,0,'2022-02-26 13:02:39','2022-02-26 13:02:39',NULL,NULL,'40cce58b-0e89-4bfd-96e3-903001ab617a'),(657,121,NULL,NULL,12,'craft\\elements\\MatrixBlock',1,0,'2022-02-26 13:02:39','2022-02-26 13:02:39',NULL,NULL,'fe482669-25ad-4316-98d9-4e3bb3583886'),(658,51,NULL,NULL,4,'craft\\elements\\MatrixBlock',1,0,'2022-02-26 13:02:39','2022-02-26 13:02:39',NULL,NULL,'54d173c9-40b6-478d-b9f7-86d352ebd3b1'),(659,560,NULL,NULL,12,'craft\\elements\\MatrixBlock',1,0,'2022-02-26 13:02:39','2022-02-26 13:02:39',NULL,NULL,'a1b263eb-4948-4ed9-a116-4b2735965e5d'),(660,362,NULL,NULL,13,'craft\\elements\\MatrixBlock',1,0,'2022-02-26 13:02:39','2022-02-26 13:02:39',NULL,NULL,'66f76116-e1b7-4654-a508-893ec204c8cd'),(661,651,NULL,NULL,12,'craft\\elements\\MatrixBlock',1,0,'2022-02-26 13:02:39','2022-02-26 13:02:39',NULL,NULL,'a1213cb6-00f1-422d-8c61-4db437fa2323'),(662,443,NULL,NULL,16,'craft\\elements\\MatrixBlock',1,0,'2022-02-26 13:02:39','2022-02-26 13:02:39',NULL,NULL,'bf3028d2-f36c-4b7e-9948-dc585244e88e'),(663,652,NULL,NULL,12,'craft\\elements\\MatrixBlock',1,0,'2022-02-26 13:02:39','2022-02-26 13:02:39',NULL,NULL,'428901cd-8bdc-4e4e-856e-defc44287b41'),(664,10,NULL,NULL,3,'craft\\elements\\MatrixBlock',1,0,'2022-02-26 13:02:39','2022-02-26 13:02:39',NULL,NULL,'16336b73-0647-42a5-8279-86f0cc84abd2'),(677,2,NULL,52,2,'craft\\elements\\Entry',1,0,'2022-02-26 13:02:56','2022-02-26 13:02:56',NULL,NULL,'52fa1e29-8f91-4708-be4a-25b404b41a46'),(678,50,NULL,NULL,10,'craft\\elements\\MatrixBlock',1,0,'2022-02-26 13:02:56','2022-02-26 13:02:56',NULL,NULL,'6d81353b-bf8e-48d9-95aa-a181884afa2f'),(679,52,NULL,NULL,5,'craft\\elements\\MatrixBlock',1,0,'2022-02-26 13:02:56','2022-02-26 13:02:56',NULL,NULL,'78e63252-aaf4-4573-b9dc-ad1f4d219b3e'),(680,53,NULL,NULL,8,'craft\\elements\\MatrixBlock',1,0,'2022-02-26 13:02:56','2022-02-26 13:02:56',NULL,NULL,'1ffe2e75-4694-4a5e-8fd3-b720fe20f618'),(681,121,NULL,NULL,12,'craft\\elements\\MatrixBlock',1,0,'2022-02-26 13:02:56','2022-02-26 13:02:56',NULL,NULL,'329ed9c4-9f58-48bb-9de0-5f38f647ee7e'),(682,51,NULL,NULL,4,'craft\\elements\\MatrixBlock',1,0,'2022-02-26 13:02:56','2022-02-26 13:02:56',NULL,NULL,'93b15ee2-1f6b-407b-8a50-9d7331f0a6b7'),(683,560,NULL,NULL,12,'craft\\elements\\MatrixBlock',1,0,'2022-02-26 13:02:56','2022-02-26 13:02:56',NULL,NULL,'ca772b8a-bd61-4022-9f81-f5ed9661204d'),(684,362,NULL,NULL,13,'craft\\elements\\MatrixBlock',1,0,'2022-02-26 13:02:56','2022-02-26 13:02:56',NULL,NULL,'0c982762-2f29-44f1-a482-1afbb30f807c'),(685,651,NULL,NULL,12,'craft\\elements\\MatrixBlock',1,0,'2022-02-26 13:02:57','2022-02-26 13:02:57',NULL,NULL,'d5872014-dd02-4a92-a6d2-1c8b50b1df9b'),(686,443,NULL,NULL,16,'craft\\elements\\MatrixBlock',1,0,'2022-02-26 13:02:57','2022-02-26 13:02:57',NULL,NULL,'65a2b116-01f8-4160-9b15-37e434d6230c'),(687,652,NULL,NULL,12,'craft\\elements\\MatrixBlock',1,0,'2022-02-26 13:02:57','2022-02-26 13:02:57',NULL,NULL,'d2648e84-16f6-4e1f-8c72-0a7c64a99e10'),(688,10,NULL,NULL,3,'craft\\elements\\MatrixBlock',1,0,'2022-02-26 13:02:57','2022-02-26 13:02:57',NULL,NULL,'e5fd90ab-765a-489f-ac57-05c98d20c0ad'),(701,2,NULL,53,2,'craft\\elements\\Entry',1,0,'2022-02-26 13:03:09','2022-02-26 13:03:10',NULL,NULL,'5d95b4c1-c2bb-4ca6-9968-3c7b61f71302'),(702,50,NULL,NULL,10,'craft\\elements\\MatrixBlock',1,0,'2022-02-26 13:03:10','2022-02-26 13:03:10',NULL,NULL,'b620ab9c-257f-49aa-9a3c-73cc4e3805aa'),(703,52,NULL,NULL,5,'craft\\elements\\MatrixBlock',1,0,'2022-02-26 13:03:10','2022-02-26 13:03:10',NULL,NULL,'55e96b8f-9877-4393-827b-ce112336bbbd'),(704,53,NULL,NULL,8,'craft\\elements\\MatrixBlock',1,0,'2022-02-26 13:03:10','2022-02-26 13:03:10',NULL,NULL,'074b9114-ade1-41c5-acca-1e95fcc50828'),(705,121,NULL,NULL,12,'craft\\elements\\MatrixBlock',1,0,'2022-02-26 13:03:10','2022-02-26 13:03:10',NULL,NULL,'6908de7d-4626-47e3-88a2-1721133b2874'),(706,51,NULL,NULL,4,'craft\\elements\\MatrixBlock',1,0,'2022-02-26 13:03:10','2022-02-26 13:03:10',NULL,NULL,'f238a6d4-b789-42cb-8a8a-765f29ab2650'),(707,560,NULL,NULL,12,'craft\\elements\\MatrixBlock',1,0,'2022-02-26 13:03:10','2022-02-26 13:03:10',NULL,NULL,'8cd3fbf1-faf4-4de8-8dfa-21a71c93b510'),(708,362,NULL,NULL,13,'craft\\elements\\MatrixBlock',1,0,'2022-02-26 13:03:10','2022-02-26 13:03:10',NULL,NULL,'f6c9039a-450d-40d6-8732-13e796b2d49b'),(709,651,NULL,NULL,12,'craft\\elements\\MatrixBlock',1,0,'2022-02-26 13:03:10','2022-02-26 13:03:10',NULL,NULL,'0e686e52-9959-46f1-b999-0a82a2fd22dd'),(710,443,NULL,NULL,16,'craft\\elements\\MatrixBlock',1,0,'2022-02-26 13:03:10','2022-02-26 13:03:10',NULL,NULL,'e5fa39be-248c-465a-9957-e0262d2d57ae'),(711,652,NULL,NULL,12,'craft\\elements\\MatrixBlock',1,0,'2022-02-26 13:03:10','2022-02-26 13:03:10',NULL,NULL,'d99ee89f-6721-447e-ae72-df7184687189'),(712,10,NULL,NULL,3,'craft\\elements\\MatrixBlock',1,0,'2022-02-26 13:03:10','2022-02-26 13:03:10',NULL,NULL,'b92e2da9-6cb3-4c47-8816-0af98a80e94a'),(725,2,NULL,54,2,'craft\\elements\\Entry',1,0,'2022-02-26 13:03:55','2022-02-26 13:03:55',NULL,NULL,'eb056cae-d9d1-4a85-b3ab-12039c71a7a6'),(726,50,NULL,NULL,10,'craft\\elements\\MatrixBlock',1,0,'2022-02-26 13:03:55','2022-02-26 13:03:55',NULL,NULL,'7a2f0cd3-13bc-4fd9-a1c7-60113a14eef5'),(727,52,NULL,NULL,5,'craft\\elements\\MatrixBlock',1,0,'2022-02-26 13:03:55','2022-02-26 13:03:55',NULL,NULL,'fa6cd129-6814-4df8-b7e1-fa7927ef7b15'),(728,53,NULL,NULL,8,'craft\\elements\\MatrixBlock',1,0,'2022-02-26 13:03:55','2022-02-26 13:03:55',NULL,NULL,'99eca215-922a-4dff-9a7e-7a6e96fa91b1'),(729,121,NULL,NULL,12,'craft\\elements\\MatrixBlock',1,0,'2022-02-26 13:03:55','2022-02-26 13:03:55',NULL,NULL,'9cdbeb36-c7ae-40a3-8b52-a7b1174b458e'),(730,51,NULL,NULL,4,'craft\\elements\\MatrixBlock',1,0,'2022-02-26 13:03:55','2022-02-26 13:03:55',NULL,NULL,'ad0b1cad-9f94-4ce8-a769-79cac8bfe5d4'),(731,560,NULL,NULL,12,'craft\\elements\\MatrixBlock',1,0,'2022-02-26 13:03:55','2022-02-26 13:03:55',NULL,NULL,'20bb9ea0-2a05-48ea-a71c-877359cd7700'),(732,362,NULL,NULL,13,'craft\\elements\\MatrixBlock',1,0,'2022-02-26 13:03:55','2022-02-26 13:03:55',NULL,NULL,'0296ec6a-be18-4267-ac12-9f7300ebac0c'),(733,651,NULL,NULL,12,'craft\\elements\\MatrixBlock',1,0,'2022-02-26 13:03:55','2022-02-26 13:03:55',NULL,NULL,'8b3222e0-57b8-4471-8be9-f02591cb7386'),(734,443,NULL,NULL,16,'craft\\elements\\MatrixBlock',1,0,'2022-02-26 13:03:55','2022-02-26 13:03:55',NULL,NULL,'839e0d08-b40e-46b4-845e-4b1e27b66555'),(735,652,NULL,NULL,12,'craft\\elements\\MatrixBlock',1,0,'2022-02-26 13:03:55','2022-02-26 13:03:55',NULL,NULL,'4d8f5792-b5b4-482f-980e-add105fa81cd'),(736,10,NULL,NULL,3,'craft\\elements\\MatrixBlock',1,0,'2022-02-26 13:03:55','2022-02-26 13:03:55',NULL,NULL,'c1782436-288a-4d6d-b32c-6ec9afa6c68f');
/*!40000 ALTER TABLE `elements` ENABLE KEYS */;
UNLOCK TABLES;

--
-- Table structure for table `elements_sites`
--

DROP TABLE IF EXISTS `elements_sites`;
/*!40101 SET @saved_cs_client     = @@character_set_client */;
/*!40101 SET character_set_client = utf8 */;
CREATE TABLE `elements_sites` (
  `id` int(11) NOT NULL AUTO_INCREMENT,
  `elementId` int(11) NOT NULL,
  `siteId` int(11) NOT NULL,
  `slug` varchar(255) COLLATE utf8mb3_unicode_ci DEFAULT NULL,
  `uri` varchar(255) COLLATE utf8mb3_unicode_ci DEFAULT NULL,
  `enabled` tinyint(1) NOT NULL DEFAULT 1,
  `dateCreated` datetime NOT NULL,
  `dateUpdated` datetime NOT NULL,
  `uid` char(36) COLLATE utf8mb3_unicode_ci NOT NULL DEFAULT '0',
  PRIMARY KEY (`id`),
  UNIQUE KEY `idx_qgiffnuxjnsgfeinamzagjmjrctxfidcagox` (`elementId`,`siteId`),
  KEY `idx_damsyygoovegkmcaxpvhqnpgthfnwbxqsslq` (`siteId`),
  KEY `idx_rxwmsfgsrlfhmombfqzmochiekquplvoglcj` (`slug`,`siteId`),
  KEY `idx_ehbazbdwmkgzolotnspamtftokexgoocabrg` (`enabled`),
  KEY `idx_zndyofhlpavxdkeljcwqffnzaqohavvzkqcm` (`uri`,`siteId`),
  CONSTRAINT `fk_engeuixrqztxupgnkcwrbwcagutuqqmdixkm` FOREIGN KEY (`siteId`) REFERENCES `sites` (`id`) ON DELETE CASCADE ON UPDATE CASCADE,
  CONSTRAINT `fk_nmgtknzbmvmhzswzigbfdqgjozhvqprwpufi` FOREIGN KEY (`elementId`) REFERENCES `elements` (`id`) ON DELETE CASCADE
) ENGINE=InnoDB AUTO_INCREMENT=737 DEFAULT CHARSET=utf8mb3 COLLATE=utf8mb3_unicode_ci;
/*!40101 SET character_set_client = @saved_cs_client */;

--
-- Dumping data for table `elements_sites`
--

LOCK TABLES `elements_sites` WRITE;
/*!40000 ALTER TABLE `elements_sites` DISABLE KEYS */;
INSERT INTO `elements_sites` VALUES (1,1,1,NULL,NULL,1,'2022-02-19 14:10:02','2022-02-19 14:10:02','3684b0dc-c10f-4e36-823c-775770a8992a'),(2,2,1,'home','__home__',1,'2022-02-19 14:28:34','2022-02-19 14:28:34','c39cea1e-e47b-49bf-9fb8-831fcc919c5a'),(3,3,1,'home','__home__',1,'2022-02-19 14:28:34','2022-02-19 14:28:34','381f6f73-c6ea-4c07-896a-9d30092fea5f'),(4,4,1,'home','__home__',1,'2022-02-19 21:47:00','2022-02-19 21:47:00','308b97ee-c848-4a3f-8951-9609efb9c5fa'),(5,5,1,'contact','contact',1,'2022-02-19 21:54:12','2022-02-20 12:56:50','7c36e8ac-a5b0-4d53-8ac7-421f357e7978'),(6,6,1,'contact','contact',1,'2022-02-19 21:54:20','2022-02-19 21:54:20','155c7fea-fc21-47d3-986e-8a64069a9e35'),(8,8,1,NULL,NULL,1,'2022-02-19 21:54:48','2022-02-19 21:54:48','3a455828-04fb-4b19-b4e5-3d3d04255d1f'),(10,10,1,NULL,NULL,1,'2022-02-19 21:54:53','2022-02-19 21:54:53','b26ef322-6354-46a5-a215-98edbc90f56c'),(11,11,1,'home','__home__',1,'2022-02-19 21:54:53','2022-02-19 21:54:53','03808936-7fcb-4986-9750-862535346b94'),(12,12,1,NULL,NULL,1,'2022-02-19 21:54:53','2022-02-19 21:54:53','884a5333-e81c-4c7a-9399-1efa2dc26653'),(13,13,1,NULL,NULL,1,'2022-02-20 12:30:43','2022-02-20 12:30:43','91649ecd-83bf-4818-a6b4-71f4d082f9ec'),(14,14,1,NULL,NULL,1,'2022-02-20 12:39:33','2022-02-20 12:39:33','d40bafa5-f17c-463d-bdf1-91d70b7af5e9'),(15,15,1,NULL,NULL,1,'2022-02-20 12:39:49','2022-02-20 12:39:49','f0fcf3f2-b71a-40fe-b7bd-cedd033249d6'),(18,18,1,NULL,NULL,1,'2022-02-20 12:53:03','2022-02-20 12:53:03','c170cbf9-a797-4aea-b9fa-050c11e6d96c'),(20,20,1,'about-us','about-us',1,'2022-02-20 12:56:22','2022-02-20 12:56:28','a5550ac4-1212-45e8-9e00-b612333a832b'),(21,21,1,'about-us','about-us',1,'2022-02-20 12:56:30','2022-02-20 12:56:30','a51f6fea-147f-4738-a872-24e113e3d241'),(22,22,1,'portfolio','portfolio',1,'2022-02-20 12:56:32','2022-02-20 12:56:45','69a79523-e2dc-4ce2-a889-95781050445f'),(23,23,1,'portfolio','portfolio',1,'2022-02-20 12:56:46','2022-02-20 12:56:46','63f97399-ce43-4165-8eaa-e9d1eea07983'),(24,24,1,NULL,NULL,1,'2022-02-20 13:06:18','2022-02-20 13:06:18','99272008-d84c-478a-9324-def1756cd29a'),(25,25,1,NULL,NULL,1,'2022-02-20 13:06:19','2022-02-20 13:06:19','0603e8d2-adb7-4da6-81fc-b216dcb61303'),(26,26,1,NULL,NULL,1,'2022-02-20 13:06:26','2022-02-20 13:06:26','545bdfe1-95bc-48a3-a665-716f968703b6'),(27,27,1,NULL,NULL,1,'2022-02-20 13:06:49','2022-02-20 13:06:49','fd0de167-5229-49b9-aff2-55994e819807'),(28,28,1,NULL,NULL,1,'2022-02-20 13:06:51','2022-02-20 13:06:51','9ca64695-6559-444b-b9de-35800386cda7'),(29,29,1,NULL,NULL,1,'2022-02-20 13:06:51','2022-02-20 13:06:51','4a9eea56-47bb-4ebd-9083-4d61589406b4'),(30,30,1,NULL,NULL,1,'2022-02-20 13:06:52','2022-02-20 13:06:52','ab03b0ff-9afc-4474-ac75-bee08a7449af'),(31,31,1,NULL,NULL,1,'2022-02-20 13:06:52','2022-02-20 13:06:52','76261c29-af4a-42c1-8f4e-da01bd70ee33'),(32,32,1,NULL,NULL,1,'2022-02-20 13:06:52','2022-02-20 13:06:52','3c13c5a0-2eca-4e0d-b6b9-c97eb854439d'),(33,33,1,NULL,NULL,1,'2022-02-20 13:06:57','2022-02-20 13:06:57','b0cfbee3-4ccf-4478-bc1c-eb0c2bcd51dd'),(34,34,1,NULL,NULL,1,'2022-02-20 13:06:57','2022-02-20 13:06:57','64f4658a-b931-4810-aca3-ef3121e07edc'),(35,35,1,NULL,NULL,1,'2022-02-20 13:06:57','2022-02-20 13:06:57','d13148ec-835e-4347-ba95-4dc1a992f7f8'),(36,36,1,NULL,NULL,1,'2022-02-20 13:07:05','2022-02-20 13:07:05','acc0360f-9a45-4128-9a9c-7791b4fcd7c4'),(37,37,1,NULL,NULL,1,'2022-02-20 13:07:05','2022-02-20 13:07:05','ac38cb93-6f42-4483-b3f9-3ec549431acf'),(38,38,1,NULL,NULL,1,'2022-02-20 13:07:05','2022-02-20 13:07:05','f3f17293-fc0b-462d-ab60-313ad2c2341c'),(39,39,1,'business-feature-1',NULL,1,'2022-02-20 13:07:37','2022-02-20 13:07:37','32fb71fd-a1bc-48c6-be8c-063060959b39'),(40,40,1,'business-feature-1',NULL,1,'2022-02-20 13:07:38','2022-02-20 13:07:38','911ce055-7ba1-4ec2-9dd3-53ed7753f184'),(41,41,1,NULL,NULL,1,'2022-02-20 13:07:43','2022-02-20 13:07:43','dcc914ff-ce8b-4d85-a984-a8fba3c51b2c'),(42,42,1,NULL,NULL,1,'2022-02-20 13:07:43','2022-02-20 13:07:43','9c738850-6843-4215-a59d-705b8f85c9da'),(43,43,1,NULL,NULL,1,'2022-02-20 13:07:43','2022-02-20 13:07:43','f27174d3-ac19-48a6-bf91-359d1d6cac49'),(44,44,1,'contact-page-link',NULL,1,'2022-02-20 13:09:18','2022-02-20 13:09:18','65d76f12-d1b5-4bfd-a593-53e68f934264'),(45,45,1,'contact-page-link',NULL,1,'2022-02-20 13:09:18','2022-02-20 13:09:18','8fbc7c81-9e95-4c6a-a439-13ad4249385b'),(50,50,1,NULL,NULL,1,'2022-02-20 13:13:18','2022-02-20 13:13:18','47ad88b7-e1a5-4bc3-ad12-6da986da9986'),(51,51,1,NULL,NULL,1,'2022-02-20 13:13:19','2022-02-20 13:13:19','dafb592e-3bad-45a6-893a-683a8c2a4d7a'),(52,52,1,NULL,NULL,1,'2022-02-20 13:13:19','2022-02-20 13:13:19','f0a21a64-96d4-4ce8-8c3e-8e3bdb891199'),(53,53,1,NULL,NULL,1,'2022-02-20 13:13:19','2022-02-20 13:13:19','db10cb22-cb27-4d92-b8ba-15b61e9f008b'),(54,54,1,'home','__home__',1,'2022-02-20 13:13:19','2022-02-20 13:13:19','bf17fa08-ef8a-46d4-8c9e-d520805ea91b'),(55,55,1,NULL,NULL,1,'2022-02-20 13:13:19','2022-02-20 13:13:19','bc8f156b-a7f1-458b-829a-08639116df59'),(56,56,1,NULL,NULL,1,'2022-02-20 13:13:20','2022-02-20 13:13:20','f670fe6d-28c9-4b25-94d6-e13cedfa3a19'),(57,57,1,NULL,NULL,1,'2022-02-20 13:13:20','2022-02-20 13:13:20','3043fd04-7016-46f8-87f3-31496c09d7e0'),(58,58,1,NULL,NULL,1,'2022-02-20 13:13:20','2022-02-20 13:13:20','34a3efa5-4c5e-4fec-940a-d40a4b256f26'),(59,59,1,NULL,NULL,1,'2022-02-20 13:13:20','2022-02-20 13:13:20','8475d818-fa35-4d7f-91aa-02d4c926aed5'),(60,60,1,NULL,NULL,1,'2022-02-20 13:19:35','2022-02-20 13:19:35','1a8753ef-d5b4-477a-aec1-20025e0611fe'),(61,61,1,NULL,NULL,1,'2022-02-20 13:19:36','2022-02-20 13:19:36','28e4a6ca-a42a-44e8-817b-3094832a80a5'),(62,62,1,NULL,NULL,1,'2022-02-20 13:19:37','2022-02-20 13:19:37','2428742f-a989-4ff9-8871-23ff012b309f'),(63,63,1,NULL,NULL,1,'2022-02-20 13:19:37','2022-02-20 13:19:37','5ebed50a-6600-4029-b791-ddc6a0093d03'),(64,64,1,NULL,NULL,1,'2022-02-20 13:19:38','2022-02-20 13:19:38','71e0d2eb-fec0-4da9-bad2-7a6cfbd751ce'),(65,65,1,NULL,NULL,1,'2022-02-20 13:19:38','2022-02-20 13:19:38','bde6363f-d008-4676-b610-bab0f5b467ff'),(66,66,1,NULL,NULL,1,'2022-02-20 13:19:39','2022-02-20 13:19:39','3cd93cf2-68b2-43a0-8e08-151174f26bce'),(67,67,1,NULL,NULL,1,'2022-02-20 13:19:40','2022-02-20 13:19:40','73729783-50c0-459a-93f3-35455fd552ea'),(68,68,1,NULL,NULL,1,'2022-02-20 13:19:40','2022-02-20 13:19:40','12771003-8910-406a-a963-6037a76a0524'),(75,75,1,'home','__home__',1,'2022-02-20 17:09:30','2022-02-20 17:09:30','49f268ca-79b2-458e-b105-d280ede240ce'),(76,76,1,NULL,NULL,1,'2022-02-20 17:09:30','2022-02-20 17:09:30','05b7c422-b959-4b3e-8405-246fefc81027'),(77,77,1,NULL,NULL,1,'2022-02-20 17:09:30','2022-02-20 17:09:30','8429a33c-5d9c-4a8a-826a-0a26c46044e2'),(78,78,1,NULL,NULL,1,'2022-02-20 17:09:30','2022-02-20 17:09:30','9803a266-cf49-4b40-8d4f-b4a5603fbe8c'),(79,79,1,NULL,NULL,1,'2022-02-20 17:09:30','2022-02-20 17:09:30','a95a2035-946d-4f96-86dd-24fc33c51bc8'),(80,80,1,NULL,NULL,1,'2022-02-20 17:09:30','2022-02-20 17:09:30','b3a67928-41cd-4fb8-8753-ff0d6fb94314'),(81,81,1,NULL,NULL,1,'2022-02-20 18:18:14','2022-02-20 18:18:14','d838e112-1ca0-4d35-98d2-c89df4fdcddc'),(88,88,1,'home','__home__',1,'2022-02-20 18:18:25','2022-02-20 18:18:25','36a61a8b-1ce7-42e4-8bd9-fd194e0c82a8'),(89,89,1,NULL,NULL,1,'2022-02-20 18:18:25','2022-02-20 18:18:25','ba3f8b64-8d5d-4316-942a-4cedc3839f05'),(90,90,1,NULL,NULL,1,'2022-02-20 18:18:25','2022-02-20 18:18:25','dc4e82c2-1543-405b-90ea-7240fd841eea'),(91,91,1,NULL,NULL,1,'2022-02-20 18:18:25','2022-02-20 18:18:25','d37a6392-cbda-4993-844c-9b8fe912417e'),(92,92,1,NULL,NULL,1,'2022-02-20 18:18:25','2022-02-20 18:18:25','369b8b6f-6eb7-454f-8329-19ea48108e46'),(93,93,1,NULL,NULL,1,'2022-02-20 18:18:25','2022-02-20 18:18:25','64bdef57-3797-4080-896c-8bef40171dc1'),(100,100,1,'home','__home__',1,'2022-02-20 18:19:27','2022-02-20 18:19:27','85226a16-c630-44a4-9e01-72e78a265891'),(101,101,1,NULL,NULL,1,'2022-02-20 18:19:27','2022-02-20 18:19:27','b3f2df5b-0553-428f-a9c1-fc7113c85e79'),(102,102,1,NULL,NULL,1,'2022-02-20 18:19:27','2022-02-20 18:19:27','25e9566f-fe2e-4fd8-be0d-4b8f694954c5'),(103,103,1,NULL,NULL,1,'2022-02-20 18:19:27','2022-02-20 18:19:27','592df982-6aa1-459e-89a2-9c36c21db8b7'),(104,104,1,NULL,NULL,1,'2022-02-20 18:19:27','2022-02-20 18:19:27','224655f9-7e5b-4475-bd03-bcca9d0a2f28'),(105,105,1,NULL,NULL,1,'2022-02-20 18:19:27','2022-02-20 18:19:27','dc9bea49-c235-4f3b-ad5f-7194fd4f44d3'),(112,112,1,NULL,NULL,1,'2022-02-20 18:27:54','2022-02-20 18:27:54','23814cf8-7bf9-425e-876c-3d2680d7e1ef'),(113,113,1,NULL,NULL,1,'2022-02-20 18:27:56','2022-02-20 18:27:56','38a7d33a-3d66-4b42-bb28-5460c4c2b0f3'),(114,114,1,NULL,NULL,1,'2022-02-20 18:27:59','2022-02-20 18:27:59','b12485b4-60b5-4a22-bbab-931287703e3a'),(115,115,1,NULL,NULL,1,'2022-02-20 18:28:03','2022-02-20 18:28:03','467c7780-586e-4608-9f61-205e83b5d0c1'),(116,116,1,NULL,NULL,1,'2022-02-20 18:28:03','2022-02-20 18:28:03','49c36af9-5c89-4a52-b658-161035c1937f'),(117,117,1,NULL,NULL,1,'2022-02-20 18:28:05','2022-02-20 18:28:05','177ff35b-77ff-4015-bc76-04c64c9648c7'),(118,118,1,NULL,NULL,1,'2022-02-20 18:28:05','2022-02-20 18:28:05','f4abf97a-4bd8-46c9-a84e-4718119ac4b3'),(121,121,1,NULL,NULL,1,'2022-02-20 18:28:12','2022-02-20 18:28:12','a1ff1b18-5c71-4237-88c1-5e57ed470468'),(122,122,1,NULL,NULL,1,'2022-02-20 18:28:12','2022-02-20 18:28:12','ef61a715-bbd4-41ba-949b-25586be94e4c'),(123,123,1,'home','__home__',1,'2022-02-20 18:28:12','2022-02-20 18:28:12','12ad6b67-f221-4798-a7d1-ae3854228905'),(124,124,1,NULL,NULL,1,'2022-02-20 18:28:12','2022-02-20 18:28:12','c7e471d4-af0f-4bc5-9728-6450fed767f8'),(125,125,1,NULL,NULL,1,'2022-02-20 18:28:12','2022-02-20 18:28:12','5ed2722a-a3c1-4561-9ab5-debb7abf1e72'),(126,126,1,NULL,NULL,1,'2022-02-20 18:28:12','2022-02-20 18:28:12','52de9e14-e5d8-4133-8170-27fbd1570e25'),(127,127,1,NULL,NULL,1,'2022-02-20 18:28:12','2022-02-20 18:28:12','1adcf884-b096-4da2-84d8-16a606af2c4e'),(128,128,1,NULL,NULL,1,'2022-02-20 18:28:12','2022-02-20 18:28:12','238dd80d-1c61-4cba-a780-94eabba108a2'),(129,129,1,NULL,NULL,1,'2022-02-20 18:28:12','2022-02-20 18:28:12','395f7e0c-6f35-4f28-a79b-99bf884d596b'),(130,130,1,NULL,NULL,1,'2022-02-20 18:28:12','2022-02-20 18:28:12','49a8811f-f23a-401b-9208-ad06fcf98e77'),(139,139,1,'home','__home__',1,'2022-02-20 18:28:30','2022-02-20 18:28:30','a21e65d9-ccd1-40c8-9ce5-cb7a606fe156'),(140,140,1,NULL,NULL,1,'2022-02-20 18:28:30','2022-02-20 18:28:30','713128c5-bcf3-47f1-8982-67b06d14c882'),(141,141,1,NULL,NULL,1,'2022-02-20 18:28:30','2022-02-20 18:28:30','a6172d75-3b8f-406a-9524-54020be6891c'),(142,142,1,NULL,NULL,1,'2022-02-20 18:28:30','2022-02-20 18:28:30','320dc905-3c98-4ba9-85c9-cbb8d19b7cda'),(143,143,1,NULL,NULL,1,'2022-02-20 18:28:30','2022-02-20 18:28:30','3f85644f-9523-4be7-8cf4-0b09727584c5'),(144,144,1,NULL,NULL,1,'2022-02-20 18:28:30','2022-02-20 18:28:30','4c040206-c630-412d-98ec-5cce4a2bf171'),(145,145,1,NULL,NULL,1,'2022-02-20 18:28:30','2022-02-20 18:28:30','c02b0518-7a55-491c-ac09-4f9bda06fd70'),(146,146,1,NULL,NULL,1,'2022-02-20 18:28:30','2022-02-20 18:28:30','bd74f050-eb80-4906-97d5-34cb361138c0'),(147,147,1,'business-feature-2',NULL,1,'2022-02-20 18:31:37','2022-02-20 18:32:01','4cd20629-972a-45df-b4db-40efdfbc65b0'),(148,148,1,'business-feature-1',NULL,1,'2022-02-20 18:31:37','2022-02-20 18:31:37','9ed91469-69c3-4cdb-9d20-09ad6dd5b99f'),(149,149,1,'business-feature-3',NULL,1,'2022-02-20 18:31:39','2022-02-20 19:08:19','b907440b-db9f-4999-a1dc-c35e3d9b901c'),(150,150,1,'business-feature-1',NULL,1,'2022-02-20 18:31:40','2022-02-20 18:31:40','6935bc82-e172-49ae-92c8-32060d366810'),(151,151,1,'business-feature-4',NULL,1,'2022-02-20 18:31:41','2022-02-20 19:08:28','d70a3baa-3d72-40e4-acdd-970314caa9ad'),(152,152,1,'business-feature-1',NULL,1,'2022-02-20 18:31:41','2022-02-20 18:31:41','8412167c-f1cb-4744-a214-fb0d0d30f780'),(154,154,1,'business-feature-2',NULL,1,'2022-02-20 18:32:01','2022-02-20 18:32:01','e43c91bf-6c1b-4440-8146-9db2123ecc9a'),(164,164,1,'business-feature-3',NULL,1,'2022-02-20 19:08:19','2022-02-20 19:08:19','56032b61-4904-4e2f-b1e2-cdc3776b1ff1'),(166,166,1,'business-feature-4',NULL,1,'2022-02-20 19:08:29','2022-02-20 19:08:29','5432acb8-56cf-4e38-87dc-1790c0e865d6'),(167,167,1,NULL,NULL,1,'2022-02-20 19:10:06','2022-02-20 19:10:06','a74c5d00-dd37-430e-bd99-106b0014c41b'),(169,169,1,'contact-page-link',NULL,1,'2022-02-20 19:10:16','2022-02-20 19:10:16','4d0465a9-b197-4107-9042-19f88bb5a400'),(170,170,1,'about-us-page-link',NULL,1,'2022-02-20 19:10:24','2022-02-20 19:10:45','fbf673f5-321e-4ffa-9449-8c3eef3f9e29'),(171,171,1,NULL,NULL,1,'2022-02-20 19:11:23','2022-02-20 19:11:23','adf89954-7930-49f5-8e29-3548bdb85b86'),(172,172,1,'about-us-page-link',NULL,1,'2022-02-20 19:11:52','2022-02-20 19:11:52','cdf4a9cf-abac-45a6-9764-0841a3522074'),(173,173,1,'home','__home__',1,'2022-02-20 19:15:28','2022-02-20 19:15:28','49f04d4b-d7c5-4245-958f-dbf823380210'),(174,174,1,NULL,NULL,1,'2022-02-20 19:15:28','2022-02-20 19:15:28','64f479f4-0c24-4c42-a401-f71ade6673b1'),(175,175,1,NULL,NULL,1,'2022-02-20 19:15:28','2022-02-20 19:15:28','fd6b76b9-68fa-452f-8e5a-9f1deae52966'),(176,176,1,NULL,NULL,1,'2022-02-20 19:15:28','2022-02-20 19:15:28','d348caf0-5cd5-4c49-a002-d5de94cdf547'),(177,177,1,NULL,NULL,1,'2022-02-20 19:15:28','2022-02-20 19:15:28','e64930af-c984-45e8-bda6-736c6e018646'),(178,178,1,NULL,NULL,1,'2022-02-20 19:15:28','2022-02-20 19:15:28','9e22e708-8e46-49ef-bc95-14f38cb1dbf3'),(179,179,1,NULL,NULL,1,'2022-02-20 19:15:28','2022-02-20 19:15:28','bf2ba7eb-3cd7-4ca1-8ea6-32b38b706f8b'),(180,180,1,NULL,NULL,1,'2022-02-20 19:15:28','2022-02-20 19:15:28','07da27b0-618b-4b6b-a54b-389271c27c2d'),(181,181,1,NULL,NULL,1,'2022-02-20 20:59:47','2022-02-20 20:59:47','fb5ed835-d4a2-4497-987b-671b731dee87'),(183,183,1,'business-feature-1',NULL,1,'2022-02-20 20:59:50','2022-02-20 20:59:50','dc40cdc5-3658-463e-8fce-a040ae51b72d'),(184,184,1,NULL,NULL,1,'2022-02-20 21:00:05','2022-02-20 21:00:05','e60abb77-fc4c-466c-bd12-ed0c167e65d6'),(186,186,1,'business-feature-4',NULL,1,'2022-02-20 21:00:09','2022-02-20 21:00:09','80c9b154-71b8-4272-9d83-e8f1caecd92d'),(187,187,1,NULL,NULL,1,'2022-02-20 21:00:22','2022-02-20 21:00:22','9cd4a3fc-97ec-4099-9970-dc92d4035e1b'),(189,189,1,NULL,NULL,1,'2022-02-20 21:00:41','2022-02-20 21:00:41','0c51579b-b413-411f-bcc8-bd9e04713bed'),(190,190,1,'business-feature-3',NULL,1,'2022-02-20 21:00:48','2022-02-20 21:00:48','523aa5fb-735d-415d-b625-1034bf0f39be'),(191,191,1,NULL,NULL,1,'2022-02-20 21:01:03','2022-02-20 21:01:03','8e04cf88-8629-4101-9dc4-9738a5aeea08'),(193,193,1,'business-feature-2',NULL,1,'2022-02-20 21:01:07','2022-02-20 21:01:07','85b2f3e3-bf04-4d8d-8c61-3d8f20e94d95'),(202,202,1,'home','__home__',1,'2022-02-20 21:40:42','2022-02-20 21:40:42','2f47a56d-2990-4313-a434-5a348af8980c'),(203,203,1,NULL,NULL,1,'2022-02-20 21:40:42','2022-02-20 21:40:42','f3b9c0c2-06e1-407c-81ce-b8f9cd6796bc'),(204,204,1,NULL,NULL,1,'2022-02-20 21:40:42','2022-02-20 21:40:42','67bfb6c1-3ef3-4533-84cc-ca62e21a881a'),(205,205,1,NULL,NULL,1,'2022-02-20 21:40:42','2022-02-20 21:40:42','552cee75-441c-47db-9a07-125d3d189b76'),(206,206,1,NULL,NULL,1,'2022-02-20 21:40:42','2022-02-20 21:40:42','7ad2ee71-0df9-4d91-b422-6e4ad5755863'),(207,207,1,NULL,NULL,1,'2022-02-20 21:40:42','2022-02-20 21:40:42','096ed33b-5eef-4e2d-a59a-0ce8b8997d0b'),(208,208,1,NULL,NULL,1,'2022-02-20 21:40:42','2022-02-20 21:40:42','9f885939-ed35-40e9-8edb-8e9ca9b02784'),(209,209,1,NULL,NULL,1,'2022-02-20 21:40:42','2022-02-20 21:40:42','db508987-0f5c-40ea-a0e7-ad7f01cea5b1'),(210,210,1,NULL,NULL,1,'2022-02-20 21:40:55','2022-02-20 21:40:55','f8ced172-dc9c-4068-8b0a-20efbb5bd307'),(211,211,1,NULL,NULL,1,'2022-02-20 21:40:56','2022-02-20 21:40:56','27d18bc7-bf4d-4e26-a460-cf6f289e1892'),(212,212,1,NULL,NULL,1,'2022-02-20 21:40:56','2022-02-20 21:40:56','eaecd059-70fc-4764-b9bd-d8ab50f617a8'),(213,213,1,NULL,NULL,1,'2022-02-20 21:40:57','2022-02-20 21:40:57','e3b4b1bd-3478-4090-9e4e-7883b52811dc'),(214,214,1,NULL,NULL,1,'2022-02-20 21:40:59','2022-02-20 21:40:59','ebdf8973-2ca0-44a9-949a-e986b66f8497'),(215,215,1,NULL,NULL,1,'2022-02-20 21:41:00','2022-02-20 21:41:00','cfa61a67-f0e1-42f1-b36c-fcc8957d2f40'),(216,216,1,NULL,NULL,1,'2022-02-20 21:41:02','2022-02-20 21:41:02','becf2af2-2997-40a9-a091-0c9143986c7e'),(217,217,1,NULL,NULL,1,'2022-02-20 21:41:02','2022-02-20 21:41:02','fb8e08c4-c4a4-4589-a694-24c750d9588f'),(218,218,1,NULL,NULL,1,'2022-02-20 21:41:03','2022-02-20 21:41:03','ea42f7d6-d390-4b47-91ad-7169390d10ff'),(219,219,1,NULL,NULL,1,'2022-02-20 21:41:04','2022-02-20 21:41:04','82e41990-deca-4892-adb5-644543bf2202'),(220,220,1,NULL,NULL,1,'2022-02-20 21:41:06','2022-02-20 21:41:06','3217ef67-2b1f-4638-bf94-a33f69a5c7fd'),(221,221,1,NULL,NULL,1,'2022-02-20 21:41:07','2022-02-20 21:41:07','ef0257e9-378f-4f17-a23f-03e71c4bc0e0'),(222,222,1,NULL,NULL,1,'2022-02-20 21:41:07','2022-02-20 21:41:07','d8f541c8-dd44-4e96-9ffb-0c93fbf8a2d4'),(223,223,1,NULL,NULL,1,'2022-02-20 21:41:09','2022-02-20 21:41:09','8791335d-cd9c-4ae6-9408-1d2b392e9232'),(224,224,1,NULL,NULL,1,'2022-02-20 21:41:09','2022-02-20 21:41:09','e66f5bb5-55b6-45e0-ab1b-0bb0d74bb30a'),(225,225,1,NULL,NULL,1,'2022-02-20 21:41:11','2022-02-20 21:41:11','d51ced9b-937f-4db6-b4da-ba85051b04f1'),(226,226,1,NULL,NULL,1,'2022-02-20 21:41:12','2022-02-20 21:41:12','96b429cf-55bd-4dbc-ac58-64425cad63c8'),(227,227,1,NULL,NULL,1,'2022-02-20 21:41:13','2022-02-20 21:41:13','1eb55176-b231-4a00-a3aa-03e4bec5256d'),(228,228,1,NULL,NULL,1,'2022-02-20 21:41:14','2022-02-20 21:41:14','f3af8db8-80c1-4bb9-8544-28538d554731'),(229,229,1,NULL,NULL,1,'2022-02-20 21:41:15','2022-02-20 21:41:15','6ba23d07-32ef-4edb-beb4-17cdc207ced1'),(230,230,1,NULL,NULL,1,'2022-02-20 21:41:16','2022-02-20 21:41:16','1aa61293-de97-43de-91e6-2fa9b2e6f289'),(231,231,1,NULL,NULL,1,'2022-02-20 21:41:17','2022-02-20 21:41:17','5c8d43fd-fbc2-421c-bc32-a8be1d035fe6'),(232,232,1,NULL,NULL,1,'2022-02-20 21:41:18','2022-02-20 21:41:18','cf49ce6c-5844-4080-a562-537753b1abda'),(233,233,1,NULL,NULL,1,'2022-02-20 21:41:19','2022-02-20 21:41:19','de0c4f5b-68ed-4601-99a7-e26b6a4b23a9'),(234,234,1,NULL,NULL,1,'2022-02-20 21:41:20','2022-02-20 21:41:20','f25a1a4c-0cee-47c7-a43c-53cc77b7bfea'),(235,235,1,NULL,NULL,1,'2022-02-20 21:41:21','2022-02-20 21:41:21','79bf72b7-878a-4dc8-b220-418738e201fc'),(236,236,1,NULL,NULL,1,'2022-02-20 21:41:23','2022-02-20 21:41:23','c73e01e6-9ca9-417b-aeb7-33540ddb2f99'),(237,237,1,NULL,NULL,1,'2022-02-20 21:41:24','2022-02-20 21:41:24','e7b8e04b-20e9-4f15-b684-414e4b2bf758'),(238,238,1,NULL,NULL,1,'2022-02-20 21:41:25','2022-02-20 21:41:25','41602ae4-589a-4766-a7a1-83e366810b15'),(239,239,1,NULL,NULL,1,'2022-02-20 21:41:26','2022-02-20 21:41:26','0df82ea6-13b8-4df9-80a1-7e9a86e5618e'),(242,242,1,NULL,NULL,1,'2022-02-20 21:43:48','2022-02-20 21:43:48','6f88d347-4f3d-4bee-9210-6f3dc8a9f334'),(243,243,1,NULL,NULL,1,'2022-02-20 21:43:49','2022-02-20 21:43:49','5f207133-325a-4352-a1dd-7e9efb64fee3'),(244,244,1,NULL,NULL,1,'2022-02-20 21:43:49','2022-02-20 21:43:49','43c41054-d0fb-40b2-8f36-d70148974fd5'),(245,245,1,NULL,NULL,1,'2022-02-20 21:43:49','2022-02-20 21:43:49','198c4d14-e380-4e01-aa03-66ea89952543'),(246,246,1,NULL,NULL,1,'2022-02-20 21:43:49','2022-02-20 21:43:49','162093af-f07b-4ef1-9861-789f2890e7df'),(247,247,1,NULL,NULL,1,'2022-02-20 21:43:49','2022-02-20 21:43:49','e94bd038-7bcb-4cf3-9805-b8a67811e328'),(256,256,1,'home','__home__',1,'2022-02-20 21:46:48','2022-02-20 21:46:48','0c73f45c-8e7e-415a-946b-e66f344fb95b'),(257,257,1,NULL,NULL,1,'2022-02-20 21:46:48','2022-02-20 21:46:48','7bab792e-6225-4b7d-800b-38a86fa696e7'),(258,258,1,NULL,NULL,1,'2022-02-20 21:46:48','2022-02-20 21:46:48','b937fab4-2897-4fb4-acb6-1b777831aa68'),(259,259,1,NULL,NULL,1,'2022-02-20 21:46:48','2022-02-20 21:46:48','64384ef1-0f87-487d-a946-0aad950dda26'),(260,260,1,NULL,NULL,1,'2022-02-20 21:46:48','2022-02-20 21:46:48','947d76d2-cdfd-4ed2-8f2e-17c7fbd1504b'),(261,261,1,NULL,NULL,1,'2022-02-20 21:46:48','2022-02-20 21:46:48','95b49f21-f8d7-404f-ab25-c1afe70a83ec'),(262,262,1,NULL,NULL,1,'2022-02-20 21:46:48','2022-02-20 21:46:48','315daef4-4b62-420f-a882-108fc1442ffd'),(263,263,1,NULL,NULL,1,'2022-02-20 21:46:48','2022-02-20 21:46:48','0518f69d-1dcb-4a82-8a53-da4ba57ae4ac'),(264,264,1,NULL,NULL,1,'2022-02-20 21:50:44','2022-02-20 21:50:44','6f5a9473-4425-4f34-a47d-007c73e283b4'),(265,265,1,'portfolio-block',NULL,1,'2022-02-20 21:51:09','2022-02-20 21:51:09','b632f3d7-ce6a-4bf0-94b8-d4cf9cb0ae0b'),(266,266,1,'portfolio-block',NULL,1,'2022-02-20 21:51:09','2022-02-20 21:51:09','24fdf622-f953-4449-a114-82ccb1912cf1'),(275,275,1,'home','__home__',1,'2022-02-20 21:51:30','2022-02-20 21:51:30','bf45719a-eadf-447e-9aaf-ff3a07ccdab1'),(276,276,1,NULL,NULL,1,'2022-02-20 21:51:30','2022-02-20 21:51:30','4974703b-b878-427f-9ea0-c990b8156dd8'),(277,277,1,NULL,NULL,1,'2022-02-20 21:51:30','2022-02-20 21:51:30','9b4f6fb8-e984-4707-8de7-9e0fc5c58469'),(278,278,1,NULL,NULL,1,'2022-02-20 21:51:30','2022-02-20 21:51:30','334777d6-ca37-4089-91d2-8ca1128ff077'),(279,279,1,NULL,NULL,1,'2022-02-20 21:51:30','2022-02-20 21:51:30','b74ddde6-63b5-4ad9-9d83-1b4b35309cca'),(280,280,1,NULL,NULL,1,'2022-02-20 21:51:30','2022-02-20 21:51:30','c62a54c2-9c53-4027-9402-c08c8f15df90'),(281,281,1,NULL,NULL,1,'2022-02-20 21:51:30','2022-02-20 21:51:30','35a7e27c-3793-460b-930a-4998582f23d8'),(282,282,1,NULL,NULL,1,'2022-02-20 21:51:30','2022-02-20 21:51:30','0c6b65e5-c010-4149-bad9-8d0a05c3d43c'),(291,291,1,'home','__home__',1,'2022-02-21 21:39:58','2022-02-21 21:39:58','312e5bbd-1937-4085-8cd6-ec2aabd72f5c'),(292,292,1,NULL,NULL,1,'2022-02-21 21:39:58','2022-02-21 21:39:58','f6f92243-489d-40b9-bffa-22a899ce228a'),(293,293,1,NULL,NULL,1,'2022-02-21 21:39:58','2022-02-21 21:39:58','0c2bba4a-a624-4ec3-a6fd-875740644fff'),(294,294,1,NULL,NULL,1,'2022-02-21 21:39:58','2022-02-21 21:39:58','df951ef7-f8ed-47e7-8960-b3f48271b30f'),(295,295,1,NULL,NULL,1,'2022-02-21 21:39:58','2022-02-21 21:39:58','8805523a-06b8-4fbb-bc78-6ff636d5a2a4'),(296,296,1,NULL,NULL,1,'2022-02-21 21:39:58','2022-02-21 21:39:58','9a6ad804-3686-42ca-aaac-1d5f45c72759'),(297,297,1,NULL,NULL,1,'2022-02-21 21:39:58','2022-02-21 21:39:58','705f1165-eeda-42a7-b4b1-77cd31af8893'),(298,298,1,NULL,NULL,1,'2022-02-21 21:39:58','2022-02-21 21:39:58','3603d32c-7a1c-4626-b440-09d181b08148'),(299,299,1,NULL,NULL,1,'2022-02-21 21:40:10','2022-02-21 21:40:10','b01c16c7-5430-489d-b890-cbdafb84d693'),(300,300,1,NULL,NULL,1,'2022-02-21 21:40:11','2022-02-21 21:40:11','c4d7e0e0-7a06-4975-883f-0f4a33b18443'),(301,301,1,NULL,NULL,1,'2022-02-21 21:40:11','2022-02-21 21:40:11','560aeb91-3123-40d9-a1e3-4efda35b473f'),(302,302,1,NULL,NULL,1,'2022-02-21 21:40:12','2022-02-21 21:40:12','a9eda371-7b2f-46f8-8916-69583550ef96'),(303,303,1,NULL,NULL,1,'2022-02-21 21:40:13','2022-02-21 21:40:13','98ce0f2c-33bb-4bd2-96e9-a4867c41fc36'),(304,304,1,NULL,NULL,1,'2022-02-21 21:40:14','2022-02-21 21:40:14','52df4e5a-20ea-4506-ad87-4025c4e1f5ed'),(305,305,1,NULL,NULL,1,'2022-02-21 21:40:14','2022-02-21 21:40:14','7829215d-d078-4cbf-93fd-8cf9fd2240d6'),(306,306,1,NULL,NULL,1,'2022-02-21 21:40:15','2022-02-21 21:40:15','c7b4f53e-427b-4e64-a40d-dbcb2c30b586'),(307,307,1,NULL,NULL,1,'2022-02-21 21:40:15','2022-02-21 21:40:15','6349a3b3-1d00-4215-8a61-f34ab5cb8933'),(308,308,1,NULL,NULL,1,'2022-02-21 21:40:16','2022-02-21 21:40:16','f3991d21-d2a7-4888-a155-298d1d8be037'),(309,309,1,NULL,NULL,1,'2022-02-21 21:40:17','2022-02-21 21:40:17','8c0c0ba1-3038-4152-9f43-b6bc8aefc12a'),(310,310,1,NULL,NULL,1,'2022-02-21 21:40:18','2022-02-21 21:40:18','d46aa455-3548-4be3-ba85-acbcec15bf59'),(311,311,1,NULL,NULL,1,'2022-02-21 21:40:20','2022-02-21 21:40:20','0dfecf93-601d-4bcd-ab6b-9f1055bd51f5'),(312,312,1,NULL,NULL,1,'2022-02-21 21:40:21','2022-02-21 21:40:21','23566099-7467-4e6e-a0e0-a9f4060bd3c9'),(313,313,1,NULL,NULL,1,'2022-02-21 21:40:22','2022-02-21 21:40:22','f801c813-6a30-4b08-b274-e62de0c39e89'),(314,314,1,NULL,NULL,1,'2022-02-21 21:40:23','2022-02-21 21:40:23','abffdd26-c99e-4be9-94a0-c2dfff49bca6'),(315,315,1,NULL,NULL,1,'2022-02-21 21:40:24','2022-02-21 21:40:24','b1684dfe-a1c7-41f3-b77c-36dd0d72773b'),(316,316,1,NULL,NULL,1,'2022-02-21 21:40:25','2022-02-21 21:40:25','eed1d382-1672-4886-87f5-3fd966a3e691'),(317,317,1,NULL,NULL,1,'2022-02-21 21:40:26','2022-02-21 21:40:26','e682736a-31ee-4ca6-9191-ae14932fbca4'),(318,318,1,NULL,NULL,1,'2022-02-21 21:40:28','2022-02-21 21:40:28','68e977c9-e25c-43f5-a287-5bf0deb25f4f'),(319,319,1,NULL,NULL,1,'2022-02-21 21:40:29','2022-02-21 21:40:29','5640e069-39d7-454a-8a19-265d91731fff'),(320,320,1,NULL,NULL,1,'2022-02-21 21:40:31','2022-02-21 21:40:31','b285bfd3-d362-4b71-971f-985de50b3b48'),(321,321,1,NULL,NULL,1,'2022-02-21 21:40:31','2022-02-21 21:40:31','7cab4e02-0026-46da-a1dd-c3944f89b481'),(322,322,1,NULL,NULL,1,'2022-02-21 21:40:32','2022-02-21 21:40:32','92946b14-dc32-4967-ae5c-9da9096efcbd'),(323,323,1,NULL,NULL,1,'2022-02-21 21:40:32','2022-02-21 21:40:32','052742ab-4046-4f4a-9443-9a97ede9ca41'),(324,324,1,NULL,NULL,1,'2022-02-21 21:40:33','2022-02-21 21:40:33','346f8267-d72f-442a-9384-c09f2da33dc5'),(325,325,1,NULL,NULL,1,'2022-02-21 21:40:35','2022-02-21 21:40:35','f0f30809-544f-43fc-a21c-0e26f6a1cdea'),(326,326,1,NULL,NULL,1,'2022-02-21 21:40:36','2022-02-21 21:40:36','803a6db2-6611-4f4d-9e86-64105725db0c'),(327,327,1,NULL,NULL,1,'2022-02-21 21:40:36','2022-02-21 21:40:36','0e3d666c-4a1c-4c37-ad36-945cd886914d'),(328,328,1,NULL,NULL,1,'2022-02-21 21:40:37','2022-02-21 21:40:37','3127d4f7-6994-4718-aa5a-255d478cc3f9'),(334,334,1,NULL,NULL,1,'2022-02-21 21:48:30','2022-02-21 21:48:30','d6900d6a-4351-40f3-ae09-a0ea31b747c7'),(337,337,1,'home','__home__',1,'2022-02-21 21:48:44','2022-02-21 21:48:44','4ea5c05d-4a80-4ed1-9119-6bd1560fe6ef'),(338,338,1,NULL,NULL,1,'2022-02-21 21:48:44','2022-02-21 21:48:44','f5ba56dd-c863-4c9f-a50c-25831c205b19'),(339,339,1,NULL,NULL,1,'2022-02-21 21:48:44','2022-02-21 21:48:44','fcb1d15e-2dc1-43c3-b190-75f6f11021e1'),(340,340,1,NULL,NULL,1,'2022-02-21 21:48:44','2022-02-21 21:48:44','9ed631c6-6db5-453d-809d-4c43f94bbda1'),(341,341,1,NULL,NULL,1,'2022-02-21 21:48:44','2022-02-21 21:48:44','e55888bd-358d-422b-ba6e-31d2dd675015'),(342,342,1,NULL,NULL,1,'2022-02-21 21:48:44','2022-02-21 21:48:44','c75aebe0-256f-4c4a-886f-fba36590da0f'),(343,343,1,NULL,NULL,1,'2022-02-21 21:48:44','2022-02-21 21:48:44','e47767f0-4416-4c0c-a8a2-3f3e421770ee'),(351,351,1,NULL,NULL,1,'2022-02-21 22:05:06','2022-02-21 22:05:06','a6ea9980-df88-44eb-a2e7-3db76d37a71f'),(352,352,1,NULL,NULL,1,'2022-02-21 22:05:13','2022-02-21 22:05:13','f8a5f046-20ad-4891-9b18-f4fa66dbcae9'),(353,353,1,NULL,NULL,1,'2022-02-21 22:05:15','2022-02-21 22:05:15','34113ff2-0683-493e-8a8b-80199f9845cc'),(354,354,1,NULL,NULL,1,'2022-02-21 22:05:17','2022-02-21 22:05:17','9c207465-7296-4d79-b765-3f77c87cecfb'),(355,355,1,NULL,NULL,1,'2022-02-21 22:05:22','2022-02-21 22:05:22','36b98fa1-998b-44c8-b2d9-887bf54a73d3'),(356,356,1,NULL,NULL,1,'2022-02-21 22:05:24','2022-02-21 22:05:24','63c4eb15-fd21-49d7-ade4-fa9ad8412737'),(357,357,1,NULL,NULL,1,'2022-02-21 22:05:26','2022-02-21 22:05:26','57f45b5f-c649-4655-9ad5-052a1ef88c57'),(358,358,1,NULL,NULL,1,'2022-02-21 22:05:34','2022-02-21 22:05:34','30a47723-de73-44a0-8329-036b8e799e5b'),(359,359,1,NULL,NULL,1,'2022-02-21 22:05:45','2022-02-21 22:05:45','6d0baa4f-a690-4b75-9906-a636e67a7521'),(360,360,1,NULL,NULL,1,'2022-02-21 22:05:49','2022-02-21 22:05:49','bcf1bb69-c1bf-40e0-9288-7d9dcd7a92cb'),(362,362,1,NULL,NULL,1,'2022-02-21 22:05:54','2022-02-21 22:05:54','eee8ae57-2507-4c70-8d2f-51c0665b2706'),(363,363,1,'home','__home__',1,'2022-02-21 22:05:54','2022-02-21 22:05:54','22deb549-6a2a-4cba-b88d-18a55c9bb275'),(364,364,1,NULL,NULL,1,'2022-02-21 22:05:54','2022-02-21 22:05:54','747732a8-8b84-4ab4-8c65-23d23b47f4f2'),(365,365,1,NULL,NULL,1,'2022-02-21 22:05:54','2022-02-21 22:05:54','7655246f-c78b-4a7f-9cd5-e30b56b7c658'),(366,366,1,NULL,NULL,1,'2022-02-21 22:05:54','2022-02-21 22:05:54','73d616e0-0499-4c1f-832e-be8e70a96d02'),(367,367,1,NULL,NULL,1,'2022-02-21 22:05:54','2022-02-21 22:05:54','90491e29-a3b8-499f-8572-f9de05042e07'),(368,368,1,NULL,NULL,1,'2022-02-21 22:05:54','2022-02-21 22:05:54','6ed65796-6120-45de-a108-3119411d7afe'),(369,369,1,NULL,NULL,1,'2022-02-21 22:05:54','2022-02-21 22:05:54','186eed04-2474-4177-a243-4ec10f735a4f'),(370,370,1,NULL,NULL,1,'2022-02-21 22:05:54','2022-02-21 22:05:54','8badc0b3-76aa-4158-91bf-2db1fb5fe3c8'),(379,379,1,'home','__home__',1,'2022-02-21 22:11:47','2022-02-21 22:11:47','a4d1ae8f-b3e9-427c-b903-04b2f227de83'),(380,380,1,NULL,NULL,1,'2022-02-21 22:11:47','2022-02-21 22:11:47','1deb8bd5-3d53-46b2-acb4-f7d0bd360bd2'),(381,381,1,NULL,NULL,1,'2022-02-21 22:11:47','2022-02-21 22:11:47','3922c0ba-e30f-46e6-8623-1ee2e8e3c672'),(382,382,1,NULL,NULL,1,'2022-02-21 22:11:47','2022-02-21 22:11:47','ddccf19f-9c29-4d15-935b-f1202657fa5c'),(383,383,1,NULL,NULL,1,'2022-02-21 22:11:47','2022-02-21 22:11:47','3d6cfde6-43ae-4e57-96e6-a5a41c0f39ef'),(384,384,1,NULL,NULL,1,'2022-02-21 22:11:47','2022-02-21 22:11:47','e292e26b-2c65-4992-a829-a37362496175'),(385,385,1,NULL,NULL,1,'2022-02-21 22:11:47','2022-02-21 22:11:47','42ddccdd-5d24-4c5c-8740-dd19df963a86'),(386,386,1,NULL,NULL,1,'2022-02-21 22:11:47','2022-02-21 22:11:47','32d411db-1501-4e34-99ea-fe9d7cf9fd6c'),(395,395,1,NULL,NULL,1,'2022-02-21 22:13:50','2022-02-21 22:13:50','49df60f0-ce94-4a45-bfb2-a1be75ca555e'),(396,396,1,'home','__home__',1,'2022-02-21 22:14:00','2022-02-21 22:14:00','3f2c7554-b5fd-4535-b51e-97ab9e30cb6d'),(397,397,1,NULL,NULL,1,'2022-02-21 22:14:00','2022-02-21 22:14:00','54bf6d1c-eebf-40f2-be1d-fddc343b0edd'),(398,398,1,NULL,NULL,1,'2022-02-21 22:14:00','2022-02-21 22:14:00','f927eea1-8f80-4d69-b8e5-914594d06297'),(399,399,1,NULL,NULL,1,'2022-02-21 22:14:00','2022-02-21 22:14:00','2d7d0642-2ccc-4d66-bf40-37114358845d'),(400,400,1,NULL,NULL,1,'2022-02-21 22:14:00','2022-02-21 22:14:00','fb7376b1-f048-444c-91f9-1ee2e7d0a9f8'),(401,401,1,NULL,NULL,1,'2022-02-21 22:14:00','2022-02-21 22:14:00','622ff598-c758-4168-baee-55661e0e4af4'),(402,402,1,NULL,NULL,1,'2022-02-21 22:14:00','2022-02-21 22:14:00','1c12ad5a-0521-4fba-afd0-43a0d56b8e82'),(403,403,1,NULL,NULL,1,'2022-02-21 22:14:00','2022-02-21 22:14:00','d03938d0-9aad-41c0-bd0b-dabc815e5e3a'),(404,404,1,'testimonials','testimonials',1,'2022-02-26 11:07:59','2022-02-26 11:08:08','f1e526df-3cc3-4477-be15-011070865d4c'),(405,405,1,'kitchen-project','portfolio/kitchen-project',1,'2022-02-26 11:21:59','2022-02-26 11:26:01','c3d2f5d1-df5c-4438-973a-34a3b07ad216'),(406,406,1,NULL,NULL,1,'2022-02-26 11:25:54','2022-02-26 11:25:54','1874dd66-3459-4220-ab35-23ed7fce7bca'),(407,407,1,'kitchen-project','portfolio/kitchen-project',1,'2022-02-26 11:28:32','2022-02-26 11:28:32','05fd9e3d-7b6b-4c01-a794-2c20646a1dd3'),(408,408,1,'testimonials','testimonials',1,'2022-02-26 11:29:46','2022-02-26 11:29:46','db138b5e-d1dd-4cef-99ca-80b8cf5ba684'),(417,417,1,'home','__home__',1,'2022-02-26 11:41:46','2022-02-26 11:41:46','c17bd86b-92eb-4361-b377-31b8eb027996'),(418,418,1,NULL,NULL,1,'2022-02-26 11:41:46','2022-02-26 11:41:46','dd57ecd4-25eb-4386-a215-23605e9595d6'),(419,419,1,NULL,NULL,1,'2022-02-26 11:41:46','2022-02-26 11:41:46','0a6f6c31-9235-424e-8f4b-10edced2ee25'),(420,420,1,NULL,NULL,1,'2022-02-26 11:41:46','2022-02-26 11:41:46','18739b3e-49f5-44c5-a5bf-0cc0d7d66f2d'),(421,421,1,NULL,NULL,1,'2022-02-26 11:41:46','2022-02-26 11:41:46','0724a1df-2a73-48e5-af21-860306fd0aa7'),(422,422,1,NULL,NULL,1,'2022-02-26 11:41:46','2022-02-26 11:41:46','765bb276-d8a0-440a-b96b-d473db0d4296'),(423,423,1,NULL,NULL,1,'2022-02-26 11:41:46','2022-02-26 11:41:46','20865f47-05b3-4708-87a3-c397dac9fbac'),(424,424,1,NULL,NULL,1,'2022-02-26 11:41:46','2022-02-26 11:41:46','45b1a5f4-a2b6-4b01-9993-e4751cf1e0ee'),(433,433,1,NULL,NULL,1,'2022-02-26 11:50:03','2022-02-26 11:50:03','de59478b-db9b-419b-bb3b-33538edcfc63'),(434,434,1,NULL,NULL,1,'2022-02-26 11:55:00','2022-02-26 11:55:00','7dba3e35-0b6d-4d2e-a283-2d8835c36cd9'),(435,435,1,NULL,NULL,1,'2022-02-26 11:55:09','2022-02-26 11:55:09','0873569e-316d-4d10-a078-cac20e805edf'),(436,436,1,NULL,NULL,1,'2022-02-26 11:55:09','2022-02-26 11:55:09','d4d87a18-050f-4bd5-9818-148ced82b475'),(437,437,1,NULL,NULL,1,'2022-02-26 11:55:12','2022-02-26 11:55:12','ae383bd0-ee14-4476-90b1-98ad06fcc50b'),(438,438,1,NULL,NULL,1,'2022-02-26 11:55:14','2022-02-26 11:55:14','3072c35d-cad6-4a39-89fe-6c586296aaf3'),(439,439,1,NULL,NULL,1,'2022-02-26 11:56:00','2022-02-26 11:56:00','bc4ab40f-5d81-4bdc-ae58-5c99990f70cc'),(440,440,1,NULL,NULL,1,'2022-02-26 11:56:07','2022-02-26 11:56:07','c863dba2-f10a-4e63-a299-dc36b698cef4'),(441,441,1,NULL,NULL,1,'2022-02-26 11:56:09','2022-02-26 11:56:09','985c31fe-6030-442c-98ab-f11440ff3548'),(443,443,1,NULL,NULL,1,'2022-02-26 11:56:20','2022-02-26 11:56:20','9c31e78d-f5bc-4b90-8ef1-7e6a87c10e49'),(444,444,1,'home','__home__',1,'2022-02-26 11:56:24','2022-02-26 11:56:24','208a7bea-b769-403c-9a45-cd73ef3c8256'),(445,445,1,NULL,NULL,1,'2022-02-26 11:56:24','2022-02-26 11:56:24','80b12e86-7c09-446a-85de-08d72d1bf817'),(446,446,1,NULL,NULL,1,'2022-02-26 11:56:24','2022-02-26 11:56:24','8f3d1dd7-ee7a-4e0b-a968-2dd7379b7527'),(447,447,1,NULL,NULL,1,'2022-02-26 11:56:24','2022-02-26 11:56:24','2ddb97e9-4523-42cc-aa1b-ed03a68d15f2'),(448,448,1,NULL,NULL,1,'2022-02-26 11:56:24','2022-02-26 11:56:24','c5093a26-443c-4945-858a-192493e59b9b'),(449,449,1,NULL,NULL,1,'2022-02-26 11:56:24','2022-02-26 11:56:24','79b54ad1-3f37-4be6-b416-49c6629805fd'),(450,450,1,NULL,NULL,1,'2022-02-26 11:56:24','2022-02-26 11:56:24','4c0d21d6-73ed-4235-a02c-3cd434a5e0e8'),(451,451,1,NULL,NULL,1,'2022-02-26 11:56:24','2022-02-26 11:56:24','48f79465-89e3-4ad3-8249-f33e8d1ab791'),(452,452,1,NULL,NULL,1,'2022-02-26 11:56:24','2022-02-26 11:56:24','dfdf8a64-7309-4db0-9a7b-ce3256df6ca2'),(462,462,1,'home','__home__',1,'2022-02-26 12:24:48','2022-02-26 12:24:48','f93eaa36-3c22-4029-8b26-23e060912092'),(463,463,1,NULL,NULL,1,'2022-02-26 12:24:48','2022-02-26 12:24:48','af592f9d-f7c6-471c-8695-54753121269d'),(464,464,1,NULL,NULL,1,'2022-02-26 12:24:48','2022-02-26 12:24:48','b6bbf29a-23ba-4ee2-a860-d0463b504a22'),(465,465,1,NULL,NULL,1,'2022-02-26 12:24:48','2022-02-26 12:24:48','b23a6eca-d9b5-4202-9b85-899d0d0b0250'),(466,466,1,NULL,NULL,1,'2022-02-26 12:24:48','2022-02-26 12:24:48','e50a31c6-5e3c-4ac2-b129-b33656077344'),(467,467,1,NULL,NULL,1,'2022-02-26 12:24:48','2022-02-26 12:24:48','57dd5be8-8c2b-44d1-96d6-86dc4977c1c6'),(468,468,1,NULL,NULL,1,'2022-02-26 12:24:48','2022-02-26 12:24:48','6289b7a4-dd67-421b-b9d5-6deb7d9e9505'),(469,469,1,NULL,NULL,1,'2022-02-26 12:24:48','2022-02-26 12:24:48','64f1152a-240f-4b76-aa02-70526e47a086'),(470,470,1,NULL,NULL,1,'2022-02-26 12:24:48','2022-02-26 12:24:48','a42dbae2-af8b-475b-988a-a633dae4b053'),(471,471,1,NULL,NULL,1,'2022-02-26 12:46:27','2022-02-26 12:46:27','43a11895-a667-47c7-ba12-d6ac018d19a5'),(472,472,1,'testimonial-page',NULL,1,'2022-02-26 12:47:10','2022-02-26 12:47:10','a29d2a35-97b2-4180-bd73-6614093b4b88'),(473,473,1,'testimonial-page',NULL,1,'2022-02-26 12:47:10','2022-02-26 12:47:10','9304f4c2-7007-4601-8f11-76eb3933726a'),(483,483,1,'home','__home__',1,'2022-02-26 12:47:16','2022-02-26 12:47:16','3d77110b-c0b3-4ae0-bc51-2122877e08c0'),(484,484,1,NULL,NULL,1,'2022-02-26 12:47:16','2022-02-26 12:47:16','a9ac3694-3b2e-4daf-9203-2f88e2f07d35'),(485,485,1,NULL,NULL,1,'2022-02-26 12:47:16','2022-02-26 12:47:16','18ed01bb-ef52-4320-9bc9-b53715f89e53'),(486,486,1,NULL,NULL,1,'2022-02-26 12:47:16','2022-02-26 12:47:16','ebe9c1e1-824d-4656-994d-db9943255235'),(487,487,1,NULL,NULL,1,'2022-02-26 12:47:16','2022-02-26 12:47:16','5c4cd24f-1972-4c7e-85b5-d7f103401f0a'),(488,488,1,NULL,NULL,1,'2022-02-26 12:47:16','2022-02-26 12:47:16','bd03f6d6-ff32-4a97-af2c-cf4e90e04d70'),(489,489,1,NULL,NULL,1,'2022-02-26 12:47:16','2022-02-26 12:47:16','664afd0c-0797-4288-a81a-2dfd3b50eea6'),(490,490,1,NULL,NULL,1,'2022-02-26 12:47:16','2022-02-26 12:47:16','dffcccd8-9f4b-4bb1-9bb9-c40cd236a7b8'),(491,491,1,NULL,NULL,1,'2022-02-26 12:47:16','2022-02-26 12:47:16','f14c91b0-7719-4eaa-88cf-1abad6ab1f27'),(501,501,1,'home','__home__',1,'2022-02-26 12:48:58','2022-02-26 12:48:58','53019f93-e10b-44f6-b7e7-6525ab61297a'),(502,502,1,NULL,NULL,1,'2022-02-26 12:48:58','2022-02-26 12:48:58','8d1cb958-488c-4cb8-9841-b099b7b38290'),(503,503,1,NULL,NULL,1,'2022-02-26 12:48:58','2022-02-26 12:48:58','ca781665-dc10-4d52-adf3-a9893dcdf748'),(504,504,1,NULL,NULL,1,'2022-02-26 12:48:58','2022-02-26 12:48:58','01523547-b532-4c75-a0df-ccecc5b9108f'),(505,505,1,NULL,NULL,1,'2022-02-26 12:48:58','2022-02-26 12:48:58','793fd2f4-4799-4f27-a409-7b1756301c53'),(506,506,1,NULL,NULL,1,'2022-02-26 12:48:58','2022-02-26 12:48:58','96830673-fe5e-408b-8e01-5302bc13129a'),(507,507,1,NULL,NULL,1,'2022-02-26 12:48:58','2022-02-26 12:48:58','c830885f-2c7e-40e7-952f-896c2a3988d9'),(508,508,1,NULL,NULL,1,'2022-02-26 12:48:58','2022-02-26 12:48:58','10517605-f4b0-4bba-bf10-92c4063e54fe'),(509,509,1,NULL,NULL,1,'2022-02-26 12:48:58','2022-02-26 12:48:58','75cdd66f-3c64-47c2-bf40-3c16495c9eaa'),(519,519,1,'home','__home__',1,'2022-02-26 12:49:13','2022-02-26 12:49:13','328d3750-3c19-43e7-a666-81fb22271509'),(520,520,1,NULL,NULL,1,'2022-02-26 12:49:13','2022-02-26 12:49:13','a3da8790-9f4c-4a23-b08e-c7970b1221eb'),(521,521,1,NULL,NULL,1,'2022-02-26 12:49:13','2022-02-26 12:49:13','60866001-01cc-4761-b117-1192eb8adc50'),(522,522,1,NULL,NULL,1,'2022-02-26 12:49:13','2022-02-26 12:49:13','168ad9c2-8fd5-4eac-a2f1-76f53c921377'),(523,523,1,NULL,NULL,1,'2022-02-26 12:49:14','2022-02-26 12:49:14','6cbe02f5-1aee-4e74-9a02-11f40dcd84a7'),(524,524,1,NULL,NULL,1,'2022-02-26 12:49:14','2022-02-26 12:49:14','8061e043-c99c-4e87-b0e0-119acba95017'),(525,525,1,NULL,NULL,1,'2022-02-26 12:49:14','2022-02-26 12:49:14','0fa8f8d1-1441-4418-b732-b50021863506'),(526,526,1,NULL,NULL,1,'2022-02-26 12:49:14','2022-02-26 12:49:14','f8da0fe5-6b73-4c29-83d4-205ce6325154'),(527,527,1,NULL,NULL,1,'2022-02-26 12:49:14','2022-02-26 12:49:14','f797b951-f996-4014-8a05-d909d4410357'),(537,537,1,'home','__home__',1,'2022-02-26 12:50:06','2022-02-26 12:50:06','27ac8f34-2690-4210-93e0-656b44e1c7b8'),(538,538,1,NULL,NULL,1,'2022-02-26 12:50:06','2022-02-26 12:50:06','d599ba94-af53-40b5-a4c1-efc1fc65b2d7'),(539,539,1,NULL,NULL,1,'2022-02-26 12:50:06','2022-02-26 12:50:06','5fc4a0f5-918e-45e3-a141-76b06bc2d190'),(540,540,1,NULL,NULL,1,'2022-02-26 12:50:06','2022-02-26 12:50:06','954df2eb-cd51-4b89-8625-ee1ac0097eb6'),(541,541,1,NULL,NULL,1,'2022-02-26 12:50:06','2022-02-26 12:50:06','bfaacdec-7b3e-4597-9e02-cb792caf0342'),(542,542,1,NULL,NULL,1,'2022-02-26 12:50:06','2022-02-26 12:50:06','b1f395e4-8a84-4828-a449-abec48f43d37'),(543,543,1,NULL,NULL,1,'2022-02-26 12:50:06','2022-02-26 12:50:06','9c83a740-4c1e-4677-bc60-5df2fde06f24'),(544,544,1,NULL,NULL,1,'2022-02-26 12:50:06','2022-02-26 12:50:06','dd3b9e52-d15d-445b-bd00-b1bfe73f4a96'),(545,545,1,NULL,NULL,1,'2022-02-26 12:50:06','2022-02-26 12:50:06','3cb74d1d-ad3a-4014-bfcf-d6b360b8e171'),(555,555,1,NULL,NULL,1,'2022-02-26 12:50:54','2022-02-26 12:50:54','e66e433a-de13-43a3-bffb-9be70818b4a8'),(556,556,1,NULL,NULL,1,'2022-02-26 12:50:55','2022-02-26 12:50:55','96c13213-3471-44b5-9654-f77186a5ca54'),(557,557,1,NULL,NULL,1,'2022-02-26 12:50:59','2022-02-26 12:50:59','0765e7a5-dc64-4159-b7ea-745e862b7626'),(558,558,1,NULL,NULL,1,'2022-02-26 12:51:04','2022-02-26 12:51:04','c7771e4d-a2dc-48a7-86ea-4124d96a1039'),(560,560,1,NULL,NULL,1,'2022-02-26 12:51:09','2022-02-26 12:51:09','35092b3c-9059-4f53-bfeb-4354c25db380'),(561,561,1,'home','__home__',1,'2022-02-26 12:51:10','2022-02-26 12:51:10','952eb63d-bd54-4926-8aec-336894313407'),(562,562,1,NULL,NULL,1,'2022-02-26 12:51:10','2022-02-26 12:51:10','d15ad279-ce8a-4fba-a413-66e31dd696ea'),(563,563,1,NULL,NULL,1,'2022-02-26 12:51:10','2022-02-26 12:51:10','46aa095d-9d15-415e-a2eb-f48e023eee67'),(564,564,1,NULL,NULL,1,'2022-02-26 12:51:10','2022-02-26 12:51:10','fc2c1cfe-d403-4edd-af3b-1e7256234821'),(565,565,1,NULL,NULL,1,'2022-02-26 12:51:10','2022-02-26 12:51:10','6461defc-1e0a-450d-9305-f4255e8b0169'),(566,566,1,NULL,NULL,1,'2022-02-26 12:51:10','2022-02-26 12:51:10','e6305a3a-348d-4178-84fd-fdf77edcf061'),(567,567,1,NULL,NULL,1,'2022-02-26 12:51:10','2022-02-26 12:51:10','9706331f-5da4-49bc-9006-81e055814917'),(568,568,1,NULL,NULL,1,'2022-02-26 12:51:10','2022-02-26 12:51:10','1ad5b39e-30a2-42da-9c0a-8b42e4606afc'),(569,569,1,NULL,NULL,1,'2022-02-26 12:51:10','2022-02-26 12:51:10','46cbc3f5-e966-4b69-ba89-e9c40fd59181'),(570,570,1,NULL,NULL,1,'2022-02-26 12:51:10','2022-02-26 12:51:10','24e292fa-1ba2-477c-a2e7-c92cbcbb0d74'),(581,581,1,'home','__home__',1,'2022-02-26 12:51:27','2022-02-26 12:51:27','8a3de4fa-c480-4bd1-871b-e6efaaa834fc'),(582,582,1,NULL,NULL,1,'2022-02-26 12:51:27','2022-02-26 12:51:27','4c73ddc3-0256-46b1-85e1-51e2336f7e7b'),(583,583,1,NULL,NULL,1,'2022-02-26 12:51:27','2022-02-26 12:51:27','40e6a720-1c6c-4fc6-88a0-952b5d6984e9'),(584,584,1,NULL,NULL,1,'2022-02-26 12:51:27','2022-02-26 12:51:27','2ffb01ef-1712-439c-864a-2acb68eb7f40'),(585,585,1,NULL,NULL,1,'2022-02-26 12:51:27','2022-02-26 12:51:27','e7cf1ac0-60da-467a-a7fa-2aeeeaac469e'),(586,586,1,NULL,NULL,1,'2022-02-26 12:51:27','2022-02-26 12:51:27','40dfb6a9-ee48-49d6-bd64-bd0ee2adeec7'),(587,587,1,NULL,NULL,1,'2022-02-26 12:51:27','2022-02-26 12:51:27','4519113b-2958-4a7d-90d9-493d9b19c243'),(588,588,1,NULL,NULL,1,'2022-02-26 12:51:27','2022-02-26 12:51:27','89099c35-b341-4f99-9ca2-2e7437065dc2'),(589,589,1,NULL,NULL,1,'2022-02-26 12:51:27','2022-02-26 12:51:27','63c654bf-c965-4e90-800c-5dcb1a2ab5d9'),(590,590,1,NULL,NULL,1,'2022-02-26 12:51:27','2022-02-26 12:51:27','c34b4c15-9c48-40f7-8adb-264cb18eb51f'),(601,601,1,'home','__home__',1,'2022-02-26 12:51:46','2022-02-26 12:51:46','c80fc2e0-cf80-4f67-a953-4660f8662103'),(602,602,1,NULL,NULL,1,'2022-02-26 12:51:46','2022-02-26 12:51:46','a03dec30-dc85-4342-a331-1172f9b0fcfd'),(603,603,1,NULL,NULL,1,'2022-02-26 12:51:46','2022-02-26 12:51:46','39cc1437-af0f-466b-95a6-084c39200c9a'),(604,604,1,NULL,NULL,1,'2022-02-26 12:51:46','2022-02-26 12:51:46','23541ee5-2566-4e0e-bc10-3427e3281e6a'),(605,605,1,NULL,NULL,1,'2022-02-26 12:51:46','2022-02-26 12:51:46','1c6a85b2-9d92-4e42-ba03-6e5ef77fea28'),(606,606,1,NULL,NULL,1,'2022-02-26 12:51:46','2022-02-26 12:51:46','d0f91459-77cf-4d98-a9e6-e031563b1c72'),(607,607,1,NULL,NULL,1,'2022-02-26 12:51:46','2022-02-26 12:51:46','cf241d45-4f98-4d2b-a9e4-afb7969ecc71'),(608,608,1,NULL,NULL,1,'2022-02-26 12:51:46','2022-02-26 12:51:46','65489c24-d3e3-4ca5-8876-2d284fcad36b'),(609,609,1,NULL,NULL,1,'2022-02-26 12:51:46','2022-02-26 12:51:46','04447677-c62f-45f9-a65a-d87d4fc518bc'),(610,610,1,NULL,NULL,1,'2022-02-26 12:51:46','2022-02-26 12:51:46','df1e1dc6-0916-4a54-ba6f-7bf9707825ef'),(621,621,1,'home','__home__',1,'2022-02-26 12:55:28','2022-02-26 12:55:28','d2034fd7-8b91-41a6-9250-3fd5357df43b'),(622,622,1,NULL,NULL,1,'2022-02-26 12:55:28','2022-02-26 12:55:28','d3ed7abc-4fbb-4834-b3da-12a1c17e3388'),(623,623,1,NULL,NULL,1,'2022-02-26 12:55:29','2022-02-26 12:55:29','2bae43ed-b5e9-4ff0-9e48-324ab37c1404'),(624,624,1,NULL,NULL,1,'2022-02-26 12:55:29','2022-02-26 12:55:29','92dcdea1-0c82-4efc-a7a7-de9b200513b0'),(625,625,1,NULL,NULL,1,'2022-02-26 12:55:29','2022-02-26 12:55:29','c8dbc2f0-ee65-4cb9-9a34-867cb1c290f3'),(626,626,1,NULL,NULL,1,'2022-02-26 12:55:29','2022-02-26 12:55:29','e6801b70-2b97-4344-b55e-8335cc2fcfe7'),(627,627,1,NULL,NULL,1,'2022-02-26 12:55:29','2022-02-26 12:55:29','f66a38fc-b3d3-4f78-8a58-102c44c9dd1e'),(628,628,1,NULL,NULL,1,'2022-02-26 12:55:29','2022-02-26 12:55:29','5e70b4c3-cf35-4be3-9012-8d13b1b4088c'),(629,629,1,NULL,NULL,1,'2022-02-26 12:55:29','2022-02-26 12:55:29','168d30f5-cecf-4487-881e-2612f4bae1e3'),(630,630,1,NULL,NULL,1,'2022-02-26 12:55:29','2022-02-26 12:55:29','f900270a-e4ce-4cf7-8512-27c81a2c5142'),(641,641,1,NULL,NULL,1,'2022-02-26 13:01:14','2022-02-26 13:01:14','25c49988-4974-43f5-a369-eb35d585765b'),(642,642,1,NULL,NULL,1,'2022-02-26 13:01:16','2022-02-26 13:01:16','ed7238e2-0f82-4b08-85a2-5e20fab25caa'),(643,643,1,NULL,NULL,1,'2022-02-26 13:01:20','2022-02-26 13:01:20','41499a40-113d-4147-907b-d0137b3009e6'),(644,644,1,NULL,NULL,1,'2022-02-26 13:01:20','2022-02-26 13:01:20','c09138b8-8ebe-44fb-b67e-baccdf8bf40b'),(645,645,1,NULL,NULL,1,'2022-02-26 13:01:22','2022-02-26 13:01:22','8440f2b1-d27b-45f7-bdc2-d5bd8b6b14fd'),(646,646,1,NULL,NULL,1,'2022-02-26 13:01:22','2022-02-26 13:01:22','513fe5af-f5fb-48a3-86c9-c12cd170da46'),(647,647,1,NULL,NULL,1,'2022-02-26 13:01:24','2022-02-26 13:01:24','732ad6be-387a-41f4-9f5c-a4ce0def9c2b'),(648,648,1,NULL,NULL,1,'2022-02-26 13:01:24','2022-02-26 13:01:24','e64a8357-c51e-40c3-859d-2a234ee8785a'),(651,651,1,NULL,NULL,1,'2022-02-26 13:02:39','2022-02-26 13:02:39','1b631a24-cb8e-4dd4-836c-05f5f22d0d5c'),(652,652,1,NULL,NULL,1,'2022-02-26 13:02:39','2022-02-26 13:02:39','f1ebe24d-e2e2-4d11-ba93-079089a679f3'),(653,653,1,'home','__home__',1,'2022-02-26 13:02:39','2022-02-26 13:02:39','432dbec6-170d-433b-b9db-126e8b1896b0'),(654,654,1,NULL,NULL,1,'2022-02-26 13:02:39','2022-02-26 13:02:39','6cea8da0-42e2-4873-b525-c2ffed661de8'),(655,655,1,NULL,NULL,1,'2022-02-26 13:02:39','2022-02-26 13:02:39','7b83ebbd-2002-4ad7-9d16-5809f871621b'),(656,656,1,NULL,NULL,1,'2022-02-26 13:02:39','2022-02-26 13:02:39','61fe5b05-9a5b-4557-9b80-68b4dd3d334d'),(657,657,1,NULL,NULL,1,'2022-02-26 13:02:39','2022-02-26 13:02:39','bd0e8c32-726f-4ae9-8f5e-bbd02998bd8b'),(658,658,1,NULL,NULL,1,'2022-02-26 13:02:39','2022-02-26 13:02:39','e6da7324-bea2-406f-876b-10f04551b198'),(659,659,1,NULL,NULL,1,'2022-02-26 13:02:39','2022-02-26 13:02:39','4cc2d0d2-23df-46e6-8775-4feb067c3d1f'),(660,660,1,NULL,NULL,1,'2022-02-26 13:02:39','2022-02-26 13:02:39','e30714b6-23ed-4181-abab-3c1979d4f29a'),(661,661,1,NULL,NULL,1,'2022-02-26 13:02:39','2022-02-26 13:02:39','a0f4c32c-24ab-4f8d-ac06-f0a87538ae02'),(662,662,1,NULL,NULL,1,'2022-02-26 13:02:39','2022-02-26 13:02:39','1d01033f-3eeb-4712-a841-6326acd94546'),(663,663,1,NULL,NULL,1,'2022-02-26 13:02:39','2022-02-26 13:02:39','8a55f121-4d65-46a4-8f97-5561e45dd06a'),(664,664,1,NULL,NULL,1,'2022-02-26 13:02:39','2022-02-26 13:02:39','1b88d43e-d221-40d3-b3e2-654780b55483'),(677,677,1,'home','__home__',1,'2022-02-26 13:02:56','2022-02-26 13:02:56','7bdb4d07-2b75-4e23-9264-f70b52e66a48'),(678,678,1,NULL,NULL,1,'2022-02-26 13:02:56','2022-02-26 13:02:56','a7fd456d-3e01-43b0-866d-d91bb2d6a48d'),(679,679,1,NULL,NULL,1,'2022-02-26 13:02:56','2022-02-26 13:02:56','08abe951-f048-460e-aa4f-20a0403425d5'),(680,680,1,NULL,NULL,1,'2022-02-26 13:02:56','2022-02-26 13:02:56','b0b96bc3-974f-456b-b8fa-546dff4125cc'),(681,681,1,NULL,NULL,1,'2022-02-26 13:02:56','2022-02-26 13:02:56','02417047-61b2-431d-86a7-22d1177b2595'),(682,682,1,NULL,NULL,1,'2022-02-26 13:02:56','2022-02-26 13:02:56','92cdd5fc-fd71-4253-8e26-d10d6227db7c'),(683,683,1,NULL,NULL,1,'2022-02-26 13:02:56','2022-02-26 13:02:56','60a46af1-a09a-4ce7-adfc-c1db2ad360e0'),(684,684,1,NULL,NULL,1,'2022-02-26 13:02:56','2022-02-26 13:02:56','79fe9b03-cf3c-4247-ad40-64dedb20e95c'),(685,685,1,NULL,NULL,1,'2022-02-26 13:02:57','2022-02-26 13:02:57','498faccf-cb1c-473b-b90e-3fabdc941376'),(686,686,1,NULL,NULL,1,'2022-02-26 13:02:57','2022-02-26 13:02:57','6a21cd8b-17b9-4355-b63b-4c126bdbace0'),(687,687,1,NULL,NULL,1,'2022-02-26 13:02:57','2022-02-26 13:02:57','35d1121f-a42a-429b-ab2b-4fd197122ae8'),(688,688,1,NULL,NULL,1,'2022-02-26 13:02:57','2022-02-26 13:02:57','470db828-5db1-4ab1-a8d8-5bb1a6a37168'),(701,701,1,'home','__home__',1,'2022-02-26 13:03:10','2022-02-26 13:03:10','ba6b09db-b921-49bf-8da1-83c01dbde937'),(702,702,1,NULL,NULL,1,'2022-02-26 13:03:10','2022-02-26 13:03:10','6a571c07-0b4b-4b85-b66f-d663e9c463d0'),(703,703,1,NULL,NULL,1,'2022-02-26 13:03:10','2022-02-26 13:03:10','cdad7bef-3c67-46bf-ada6-af4f23a074af'),(704,704,1,NULL,NULL,1,'2022-02-26 13:03:10','2022-02-26 13:03:10','3b91e98d-a1c0-472a-8c8e-2adbef6d7037'),(705,705,1,NULL,NULL,1,'2022-02-26 13:03:10','2022-02-26 13:03:10','dd3156d7-02af-45d9-8d98-65f230448dc1'),(706,706,1,NULL,NULL,1,'2022-02-26 13:03:10','2022-02-26 13:03:10','cb742b40-8c51-4a9c-a03b-c320a7cb379d'),(707,707,1,NULL,NULL,1,'2022-02-26 13:03:10','2022-02-26 13:03:10','c2dc5b23-ad01-404a-b8ae-bcec9fb0ad13'),(708,708,1,NULL,NULL,1,'2022-02-26 13:03:10','2022-02-26 13:03:10','e950ed31-9ff7-474e-8c87-69a4fed015df'),(709,709,1,NULL,NULL,1,'2022-02-26 13:03:10','2022-02-26 13:03:10','c075644b-e608-431e-91de-dc76c2615c66'),(710,710,1,NULL,NULL,1,'2022-02-26 13:03:10','2022-02-26 13:03:10','65a45e80-d05d-4615-ab68-42df88ff1931'),(711,711,1,NULL,NULL,1,'2022-02-26 13:03:10','2022-02-26 13:03:10','f3423a1b-0d3c-474f-86b2-3c48526281cd'),(712,712,1,NULL,NULL,1,'2022-02-26 13:03:10','2022-02-26 13:03:10','87032565-1788-4773-87b0-d16217f81cd0'),(725,725,1,'home','__home__',1,'2022-02-26 13:03:55','2022-02-26 13:03:55','714c6a75-9be8-4a1e-b206-38817ff866c6'),(726,726,1,NULL,NULL,1,'2022-02-26 13:03:55','2022-02-26 13:03:55','4be59fac-d41e-4e0d-b482-5d693d78e208'),(727,727,1,NULL,NULL,1,'2022-02-26 13:03:55','2022-02-26 13:03:55','2d97c3ef-8417-4c4b-9ca6-3b8b6a663240'),(728,728,1,NULL,NULL,1,'2022-02-26 13:03:55','2022-02-26 13:03:55','56e95066-d514-4f10-b7f1-9bda703fb2b0'),(729,729,1,NULL,NULL,1,'2022-02-26 13:03:55','2022-02-26 13:03:55','e3777916-99b7-4486-96c4-db3d41808eb1'),(730,730,1,NULL,NULL,1,'2022-02-26 13:03:55','2022-02-26 13:03:55','ac29e055-8f27-4fac-aaf0-fbff502ce33a'),(731,731,1,NULL,NULL,1,'2022-02-26 13:03:55','2022-02-26 13:03:55','f14307d4-4d14-4664-bb3e-524960f921da'),(732,732,1,NULL,NULL,1,'2022-02-26 13:03:55','2022-02-26 13:03:55','cf150b5d-eb9a-4100-8229-7eb18890faf4'),(733,733,1,NULL,NULL,1,'2022-02-26 13:03:55','2022-02-26 13:03:55','06323723-11c3-4890-98f8-1ee4d855c7d1'),(734,734,1,NULL,NULL,1,'2022-02-26 13:03:55','2022-02-26 13:03:55','044643d0-a533-4c1e-8183-8b1357faadf1'),(735,735,1,NULL,NULL,1,'2022-02-26 13:03:55','2022-02-26 13:03:55','66548989-98a5-4ee1-aaf0-a36e47637c1f'),(736,736,1,NULL,NULL,1,'2022-02-26 13:03:55','2022-02-26 13:03:55','a127dfd1-7909-416d-add5-ca28d819a8e8');
/*!40000 ALTER TABLE `elements_sites` ENABLE KEYS */;
UNLOCK TABLES;

--
-- Table structure for table `entries`
--

DROP TABLE IF EXISTS `entries`;
/*!40101 SET @saved_cs_client     = @@character_set_client */;
/*!40101 SET character_set_client = utf8 */;
CREATE TABLE `entries` (
  `id` int(11) NOT NULL,
  `sectionId` int(11) NOT NULL,
  `parentId` int(11) DEFAULT NULL,
  `typeId` int(11) NOT NULL,
  `authorId` int(11) DEFAULT NULL,
  `postDate` datetime DEFAULT NULL,
  `expiryDate` datetime DEFAULT NULL,
  `deletedWithEntryType` tinyint(1) DEFAULT NULL,
  `dateCreated` datetime NOT NULL,
  `dateUpdated` datetime NOT NULL,
  `uid` char(36) COLLATE utf8mb3_unicode_ci NOT NULL DEFAULT '0',
  PRIMARY KEY (`id`),
  KEY `idx_frpkojcscvtoonxyrazedjlydesufmrevzor` (`postDate`),
  KEY `idx_xzzcfzphekjaulkqayqrzftmgetbjcqwlfyq` (`expiryDate`),
  KEY `idx_jwhixwqkunrjksjybjuvyvekfcjvrjvjdopr` (`authorId`),
  KEY `idx_nrlftglhqiyujvlbnmiayjgbzwqidmtwmapt` (`sectionId`),
  KEY `idx_vesymqizojrueoqlqffoxciwofpepwholvdo` (`typeId`),
  KEY `fk_khqqgdisbfxcxyjedmxpwascjuarwfynnlgy` (`parentId`),
  CONSTRAINT `fk_gjouhpftjapkcodluuehbqjywdzajcfqbsvk` FOREIGN KEY (`authorId`) REFERENCES `users` (`id`) ON DELETE SET NULL,
  CONSTRAINT `fk_khqqgdisbfxcxyjedmxpwascjuarwfynnlgy` FOREIGN KEY (`parentId`) REFERENCES `entries` (`id`) ON DELETE SET NULL,
  CONSTRAINT `fk_lpiciskvexovtwjrchrcgzotxxbeubysswzs` FOREIGN KEY (`typeId`) REFERENCES `entrytypes` (`id`) ON DELETE CASCADE,
  CONSTRAINT `fk_nwmjqgtajosvdrwrvypboxgireypzxzljjpc` FOREIGN KEY (`sectionId`) REFERENCES `sections` (`id`) ON DELETE CASCADE,
  CONSTRAINT `fk_vlqykageeaveonpjxnzhbeckhsrhqhiyacmx` FOREIGN KEY (`id`) REFERENCES `elements` (`id`) ON DELETE CASCADE
) ENGINE=InnoDB DEFAULT CHARSET=utf8mb3 COLLATE=utf8mb3_unicode_ci;
/*!40101 SET character_set_client = @saved_cs_client */;

--
-- Dumping data for table `entries`
--

LOCK TABLES `entries` WRITE;
/*!40000 ALTER TABLE `entries` DISABLE KEYS */;
INSERT INTO `entries` VALUES (2,2,NULL,2,NULL,'2022-02-19 14:28:00',NULL,NULL,'2022-02-19 14:28:34','2022-02-19 14:28:34','88305aa6-1ab4-4799-a76e-b4caef52a4d9'),(3,2,NULL,2,NULL,'2022-02-19 14:28:00',NULL,NULL,'2022-02-19 14:28:34','2022-02-19 14:28:34','e911614b-8362-4340-af75-bdaf89ee3345'),(4,2,NULL,2,NULL,'2022-02-19 14:28:00',NULL,NULL,'2022-02-19 21:47:00','2022-02-19 21:47:00','d5af6647-c32e-4e54-a095-e2d0c1489b8f'),(5,1,NULL,1,1,'2022-02-19 21:54:00',NULL,NULL,'2022-02-19 21:54:12','2022-02-19 21:54:12','930183ab-71f7-426d-99bc-b7d0799049d5'),(6,1,NULL,1,1,'2022-02-19 21:54:00',NULL,NULL,'2022-02-19 21:54:20','2022-02-19 21:54:20','e7f2887f-0ea7-451f-90bb-2e3dfcdd45fa'),(11,2,NULL,2,NULL,'2022-02-19 14:28:00',NULL,NULL,'2022-02-19 21:54:53','2022-02-19 21:54:53','fce29eb8-38f2-4b3e-a315-5f2d9a3c4a51'),(20,1,NULL,1,1,'2022-02-20 12:56:00',NULL,NULL,'2022-02-20 12:56:22','2022-02-20 12:56:22','57ae02d5-8869-418b-a0dc-528255b4b7a7'),(21,1,NULL,1,1,'2022-02-20 12:56:00',NULL,NULL,'2022-02-20 12:56:30','2022-02-20 12:56:30','f996aba0-741d-4de3-a393-790d580dccae'),(22,1,NULL,1,1,'2022-02-20 12:56:00',NULL,NULL,'2022-02-20 12:56:32','2022-02-20 12:56:32','10aaede4-6b6b-4353-9c15-cba7a959d910'),(23,1,NULL,1,1,'2022-02-20 12:56:00',NULL,NULL,'2022-02-20 12:56:46','2022-02-20 12:56:46','5a8415d5-7ba7-489c-a61b-95083586e6d6'),(39,3,NULL,3,1,'2022-02-20 13:07:00',NULL,NULL,'2022-02-20 13:07:38','2022-02-20 13:07:38','b3befd08-0665-4000-810c-c45ceeaabf11'),(40,3,NULL,3,1,'2022-02-20 13:07:00',NULL,NULL,'2022-02-20 13:07:38','2022-02-20 13:07:38','bd5884bf-c902-40cf-9f8c-076ea08fcc50'),(44,4,NULL,4,1,'2022-02-20 13:09:00',NULL,NULL,'2022-02-20 13:09:18','2022-02-20 13:09:18','2ece4ecd-f609-484b-8f83-dbd10d3c8de3'),(45,4,NULL,4,1,'2022-02-20 13:09:00',NULL,NULL,'2022-02-20 13:09:18','2022-02-20 13:09:18','58c0c8aa-b1bb-4d39-8287-ffce480f90fc'),(54,2,NULL,2,NULL,'2022-02-19 14:28:00',NULL,NULL,'2022-02-20 13:13:19','2022-02-20 13:13:19','a1551970-8a77-43a9-ae7e-3380f84da5bf'),(75,2,NULL,2,NULL,'2022-02-19 14:28:00',NULL,NULL,'2022-02-20 17:09:30','2022-02-20 17:09:30','b8390c08-5929-412e-a171-545c8afca833'),(88,2,NULL,2,NULL,'2022-02-19 14:28:00',NULL,NULL,'2022-02-20 18:18:25','2022-02-20 18:18:25','96792478-544f-43a1-80e8-9ea7f3eb7ddc'),(100,2,NULL,2,NULL,'2022-02-19 14:28:00',NULL,NULL,'2022-02-20 18:19:27','2022-02-20 18:19:27','d11e2576-e44f-4e72-8df8-45b585903a96'),(123,2,NULL,2,NULL,'2022-02-19 14:28:00',NULL,NULL,'2022-02-20 18:28:12','2022-02-20 18:28:12','f8666e1a-6fa3-4ae6-aba0-92dbab84ab39'),(139,2,NULL,2,NULL,'2022-02-19 14:28:00',NULL,NULL,'2022-02-20 18:28:30','2022-02-20 18:28:30','41fee507-4705-4af1-967e-11dfc7f6328f'),(147,3,NULL,3,1,'2022-02-20 13:07:00',NULL,NULL,'2022-02-20 18:31:37','2022-02-20 18:31:37','fbe86305-38dc-49b0-8234-21ecdfa9e43c'),(148,3,NULL,3,1,'2022-02-20 13:07:00',NULL,NULL,'2022-02-20 18:31:37','2022-02-20 18:31:37','f4dfe489-f62a-4ce8-a624-1b2118c0b968'),(149,3,NULL,3,1,'2022-02-20 13:07:00',NULL,NULL,'2022-02-20 18:31:39','2022-02-20 18:31:39','07a4dd3f-0ead-4bd7-a757-7e1f2a26f20c'),(150,3,NULL,3,1,'2022-02-20 13:07:00',NULL,NULL,'2022-02-20 18:31:40','2022-02-20 18:31:40','a0790072-d6cf-43f3-b1fc-9521e6b4aecc'),(151,3,NULL,3,1,'2022-02-20 13:07:00',NULL,NULL,'2022-02-20 18:31:41','2022-02-20 18:31:41','965a7f17-ee72-4856-b689-ab4b0b5bf20e'),(152,3,NULL,3,1,'2022-02-20 13:07:00',NULL,NULL,'2022-02-20 18:31:41','2022-02-20 18:31:41','939277ce-64de-4e72-8057-383c726b6666'),(154,3,NULL,3,1,'2022-02-20 13:07:00',NULL,NULL,'2022-02-20 18:32:01','2022-02-20 18:32:01','b52e6b86-4b6e-443a-a84c-cd8575a705cb'),(164,3,NULL,3,1,'2022-02-20 13:07:00',NULL,NULL,'2022-02-20 19:08:19','2022-02-20 19:08:19','832828b8-b4d4-4b6e-956a-b7dd5363884c'),(166,3,NULL,3,1,'2022-02-20 13:07:00',NULL,NULL,'2022-02-20 19:08:29','2022-02-20 19:08:29','a9421f20-a728-46bc-9896-8bc438eb5ae7'),(169,4,NULL,4,1,'2022-02-20 13:09:00',NULL,NULL,'2022-02-20 19:10:16','2022-02-20 19:10:16','f738974a-6320-45f1-a7f3-8d92f9e63df9'),(170,4,NULL,4,1,'2022-02-20 19:10:00',NULL,NULL,'2022-02-20 19:10:24','2022-02-20 19:10:24','9964345c-94d5-4920-ba8c-74a0d6dc50f6'),(172,4,NULL,4,1,'2022-02-20 19:10:00',NULL,NULL,'2022-02-20 19:11:52','2022-02-20 19:11:52','d6cc8475-790c-42dd-a7d8-d2f9d86f3c33'),(173,2,NULL,2,NULL,'2022-02-19 14:28:00',NULL,NULL,'2022-02-20 19:15:28','2022-02-20 19:15:28','94c8df4f-c414-4e07-90ca-0d2642f05e8a'),(183,3,NULL,3,1,'2022-02-20 13:07:00',NULL,NULL,'2022-02-20 20:59:50','2022-02-20 20:59:50','3177cbc1-0cf6-4c5b-81a0-0f182f313c14'),(186,3,NULL,3,1,'2022-02-20 13:07:00',NULL,NULL,'2022-02-20 21:00:09','2022-02-20 21:00:09','c1ba56bb-9133-49af-9a2d-fdc2775a54a7'),(190,3,NULL,3,1,'2022-02-20 13:07:00',NULL,NULL,'2022-02-20 21:00:48','2022-02-20 21:00:48','c473f4e0-dcc8-4bc5-947a-34208719cc81'),(193,3,NULL,3,1,'2022-02-20 13:07:00',NULL,NULL,'2022-02-20 21:01:07','2022-02-20 21:01:07','8d64f133-eb83-4293-bdd5-9fb439596cd1'),(202,2,NULL,2,NULL,'2022-02-19 14:28:00',NULL,NULL,'2022-02-20 21:40:42','2022-02-20 21:40:42','4207b69e-abeb-4607-a0f6-9162716acac6'),(256,2,NULL,2,NULL,'2022-02-19 14:28:00',NULL,NULL,'2022-02-20 21:46:48','2022-02-20 21:46:48','b0ba1e93-f4fc-4ed6-9370-5568a1ff4be0'),(265,4,NULL,4,1,'2022-02-20 21:51:00',NULL,NULL,'2022-02-20 21:51:09','2022-02-20 21:51:09','90eca1ff-1922-4e75-afaf-45a612655e5d'),(266,4,NULL,4,1,'2022-02-20 21:51:00',NULL,NULL,'2022-02-20 21:51:09','2022-02-20 21:51:09','ae2fdffa-9ec7-4050-a601-cf4359d94b46'),(275,2,NULL,2,NULL,'2022-02-19 14:28:00',NULL,NULL,'2022-02-20 21:51:30','2022-02-20 21:51:30','a8e53bf3-1cf6-482b-a8d6-64d4d5f110d9'),(291,2,NULL,2,NULL,'2022-02-19 14:28:00',NULL,NULL,'2022-02-21 21:39:58','2022-02-21 21:39:58','0dc94af2-c7e0-450d-a69f-e2f910b012ed'),(337,2,NULL,2,NULL,'2022-02-19 14:28:00',NULL,NULL,'2022-02-21 21:48:44','2022-02-21 21:48:44','fe096e13-d80b-43f6-827e-feaa4072e4b5'),(363,2,NULL,2,NULL,'2022-02-19 14:28:00',NULL,NULL,'2022-02-21 22:05:54','2022-02-21 22:05:54','e2bb38f5-2680-4e08-93ab-ae09ff2d8672'),(379,2,NULL,2,NULL,'2022-02-19 14:28:00',NULL,NULL,'2022-02-21 22:11:47','2022-02-21 22:11:47','ddf0a6b0-09f1-4e38-82ea-b4a8be1ff7f4'),(396,2,NULL,2,NULL,'2022-02-19 14:28:00',NULL,NULL,'2022-02-21 22:14:00','2022-02-21 22:14:00','c3495571-0b0c-4e5a-a0b3-46ccb9954521'),(404,1,NULL,1,1,'2022-02-26 11:07:00',NULL,NULL,'2022-02-26 11:07:59','2022-02-26 11:07:59','57e727c5-9851-439e-ac4a-30764ee3b907'),(405,5,NULL,5,1,'2022-02-26 11:21:00',NULL,NULL,'2022-02-26 11:21:59','2022-02-26 11:21:59','d44bcc4c-a1aa-4ff9-9d21-26cdbdea38d1'),(407,5,NULL,5,1,'2022-02-26 11:21:00',NULL,NULL,'2022-02-26 11:28:32','2022-02-26 11:28:32','e8c8eed6-786c-470b-9281-25f3c095fcf4'),(408,1,NULL,1,1,'2022-02-26 11:07:00',NULL,NULL,'2022-02-26 11:29:46','2022-02-26 11:29:46','319984fd-fc96-438f-b8ec-97853e002bd9'),(417,2,NULL,2,NULL,'2022-02-19 14:28:00',NULL,NULL,'2022-02-26 11:41:46','2022-02-26 11:41:46','21554bf6-592c-4ab3-8d3a-a446445b2803'),(444,2,NULL,2,NULL,'2022-02-19 14:28:00',NULL,NULL,'2022-02-26 11:56:24','2022-02-26 11:56:24','5ff5b343-64c3-4e9f-b97c-56bf16d73075'),(462,2,NULL,2,NULL,'2022-02-19 14:28:00',NULL,NULL,'2022-02-26 12:24:48','2022-02-26 12:24:48','1e9a9145-b73b-4da9-98e1-7c645d2a8350'),(472,4,NULL,4,1,'2022-02-26 12:47:00',NULL,NULL,'2022-02-26 12:47:10','2022-02-26 12:47:10','aab9fee8-69ff-44ee-a75f-c9ed7cc8bf2b'),(473,4,NULL,4,1,'2022-02-26 12:47:00',NULL,NULL,'2022-02-26 12:47:10','2022-02-26 12:47:10','a90f33c5-cdda-4652-99a2-d931ccbc9fa2'),(483,2,NULL,2,NULL,'2022-02-19 14:28:00',NULL,NULL,'2022-02-26 12:47:16','2022-02-26 12:47:16','693f6d7a-7481-423a-a04a-783c27400a89'),(501,2,NULL,2,NULL,'2022-02-19 14:28:00',NULL,NULL,'2022-02-26 12:48:58','2022-02-26 12:48:58','ce2db268-fab6-4d6e-ac40-d27a9851cbdb'),(519,2,NULL,2,NULL,'2022-02-19 14:28:00',NULL,NULL,'2022-02-26 12:49:13','2022-02-26 12:49:13','225d8b6a-ad66-42a2-aae5-ca6344afae91'),(537,2,NULL,2,NULL,'2022-02-19 14:28:00',NULL,NULL,'2022-02-26 12:50:06','2022-02-26 12:50:06','c903b60a-05d9-4fda-a91f-4e5677abb159'),(561,2,NULL,2,NULL,'2022-02-19 14:28:00',NULL,NULL,'2022-02-26 12:51:10','2022-02-26 12:51:10','366fe9aa-b6dc-4c40-8b1b-b946936a5d36'),(581,2,NULL,2,NULL,'2022-02-19 14:28:00',NULL,NULL,'2022-02-26 12:51:27','2022-02-26 12:51:27','0d11aa00-50b3-4957-a549-06ed08001105'),(601,2,NULL,2,NULL,'2022-02-19 14:28:00',NULL,NULL,'2022-02-26 12:51:46','2022-02-26 12:51:46','086ab61e-644f-4c6b-addd-d4a2bf235b2e'),(621,2,NULL,2,NULL,'2022-02-19 14:28:00',NULL,NULL,'2022-02-26 12:55:28','2022-02-26 12:55:28','97917a1d-6ee1-4c55-8f7f-b099ee4a8f92'),(653,2,NULL,2,NULL,'2022-02-19 14:28:00',NULL,NULL,'2022-02-26 13:02:39','2022-02-26 13:02:39','eb0f63bc-8ca8-4e50-8f3b-2b01cbcc8cbc'),(677,2,NULL,2,NULL,'2022-02-19 14:28:00',NULL,NULL,'2022-02-26 13:02:56','2022-02-26 13:02:56','5fa80812-8256-4927-ba09-2eb6480bb451'),(701,2,NULL,2,NULL,'2022-02-19 14:28:00',NULL,NULL,'2022-02-26 13:03:10','2022-02-26 13:03:10','12ba9cd2-3a3e-4838-a2b7-d928b6feead8'),(725,2,NULL,2,NULL,'2022-02-19 14:28:00',NULL,NULL,'2022-02-26 13:03:55','2022-02-26 13:03:55','d7447bb4-2fb9-4673-9e62-ff32ecddc88a');
/*!40000 ALTER TABLE `entries` ENABLE KEYS */;
UNLOCK TABLES;

--
-- Table structure for table `entrytypes`
--

DROP TABLE IF EXISTS `entrytypes`;
/*!40101 SET @saved_cs_client     = @@character_set_client */;
/*!40101 SET character_set_client = utf8 */;
CREATE TABLE `entrytypes` (
  `id` int(11) NOT NULL AUTO_INCREMENT,
  `sectionId` int(11) NOT NULL,
  `fieldLayoutId` int(11) DEFAULT NULL,
  `name` varchar(255) COLLATE utf8mb3_unicode_ci NOT NULL,
  `handle` varchar(255) COLLATE utf8mb3_unicode_ci NOT NULL,
  `hasTitleField` tinyint(1) NOT NULL DEFAULT 1,
  `titleTranslationMethod` varchar(255) COLLATE utf8mb3_unicode_ci NOT NULL DEFAULT 'site',
  `titleTranslationKeyFormat` text COLLATE utf8mb3_unicode_ci DEFAULT NULL,
  `titleFormat` varchar(255) COLLATE utf8mb3_unicode_ci DEFAULT NULL,
  `sortOrder` smallint(6) unsigned DEFAULT NULL,
  `dateCreated` datetime NOT NULL,
  `dateUpdated` datetime NOT NULL,
  `dateDeleted` datetime DEFAULT NULL,
  `uid` char(36) COLLATE utf8mb3_unicode_ci NOT NULL DEFAULT '0',
  PRIMARY KEY (`id`),
  KEY `idx_hxgggpeykxhtuvasslzirjnvwectckzkedls` (`name`,`sectionId`),
  KEY `idx_qbsnlseggbhfvmruwxfpglhbayqgdigwzlgx` (`handle`,`sectionId`),
  KEY `idx_pprjsfecodihtqkrjmjotqocjhioqtttqebf` (`sectionId`),
  KEY `idx_ccssurzacgawqfolzyltcqhiklbjomembfbb` (`fieldLayoutId`),
  KEY `idx_dxfjcnrzfuzexltasfwyxccvohdrvdebnrsu` (`dateDeleted`),
  CONSTRAINT `fk_ipbwdiohgblpjjklqjtgjfknrawjwnhascrc` FOREIGN KEY (`sectionId`) REFERENCES `sections` (`id`) ON DELETE CASCADE,
  CONSTRAINT `fk_qlkssbruvtlktkswpquejenimdctrivwlvjl` FOREIGN KEY (`fieldLayoutId`) REFERENCES `fieldlayouts` (`id`) ON DELETE SET NULL
) ENGINE=InnoDB AUTO_INCREMENT=6 DEFAULT CHARSET=utf8mb3 COLLATE=utf8mb3_unicode_ci;
/*!40101 SET character_set_client = @saved_cs_client */;

--
-- Dumping data for table `entrytypes`
--

LOCK TABLES `entrytypes` WRITE;
/*!40000 ALTER TABLE `entrytypes` DISABLE KEYS */;
INSERT INTO `entrytypes` VALUES (1,1,1,'Default','default',1,'site',NULL,NULL,1,'2022-02-19 14:26:20','2022-02-19 14:26:20',NULL,'97d20be1-a3a2-4b1c-a566-94ad2de96608'),(2,2,2,'Home','home',0,'site',NULL,'{section.name|raw}',1,'2022-02-19 14:28:34','2022-02-19 14:28:34',NULL,'1ee72fc5-a94f-41b6-90d1-e4688a60aef5'),(3,3,6,'Default','default',1,'site',NULL,NULL,1,'2022-02-19 14:53:24','2022-02-19 14:53:24',NULL,'a9765927-ed93-4cbd-9565-b13833b6c7a4'),(4,4,9,'Default','default',1,'site',NULL,NULL,1,'2022-02-19 15:34:11','2022-02-19 15:34:11',NULL,'6e9b6c4a-54f8-4a7b-b66d-c13675c56095'),(5,5,15,'Default','default',1,'site',NULL,NULL,1,'2022-02-26 11:12:49','2022-02-26 11:12:49',NULL,'1097e697-d566-4b6c-9d4a-ad7f7bc7f659');
/*!40000 ALTER TABLE `entrytypes` ENABLE KEYS */;
UNLOCK TABLES;

--
-- Table structure for table `fieldgroups`
--

DROP TABLE IF EXISTS `fieldgroups`;
/*!40101 SET @saved_cs_client     = @@character_set_client */;
/*!40101 SET character_set_client = utf8 */;
CREATE TABLE `fieldgroups` (
  `id` int(11) NOT NULL AUTO_INCREMENT,
  `name` varchar(255) COLLATE utf8mb3_unicode_ci NOT NULL,
  `dateCreated` datetime NOT NULL,
  `dateUpdated` datetime NOT NULL,
  `dateDeleted` datetime DEFAULT NULL,
  `uid` char(36) COLLATE utf8mb3_unicode_ci NOT NULL DEFAULT '0',
  PRIMARY KEY (`id`),
  KEY `idx_zhvqanippzotshgnafmojztvfxmrgoxrrkzf` (`name`),
  KEY `idx_klgjgtjsvuxalaihdmmxfphnsnvwlbkbwcnu` (`dateDeleted`,`name`)
) ENGINE=InnoDB AUTO_INCREMENT=6 DEFAULT CHARSET=utf8mb3 COLLATE=utf8mb3_unicode_ci;
/*!40101 SET character_set_client = @saved_cs_client */;

--
-- Dumping data for table `fieldgroups`
--

LOCK TABLES `fieldgroups` WRITE;
/*!40000 ALTER TABLE `fieldgroups` DISABLE KEYS */;
INSERT INTO `fieldgroups` VALUES (1,'Pages','2022-02-19 14:10:02','2022-02-19 14:33:36',NULL,'859f76e9-421e-4a4c-9e1c-3aafbd4156d3'),(2,'Features','2022-02-19 14:55:08','2022-02-19 14:55:08',NULL,'c4e4c1ee-df7a-4017-8023-3cf2e2a62ee1'),(3,'Feature Pages','2022-02-19 15:34:54','2022-02-19 15:35:55',NULL,'ac77a0cf-929c-4d27-97c3-621aa1376963'),(4,'Branding','2022-02-20 12:30:56','2022-02-20 12:30:56',NULL,'ca14a627-d094-4bb7-b16f-2af0e4fd5d73'),(5,'Portfolio','2022-02-26 11:14:00','2022-02-26 11:14:00',NULL,'00dbaff8-ea86-4dde-9e97-8440100f38af');
/*!40000 ALTER TABLE `fieldgroups` ENABLE KEYS */;
UNLOCK TABLES;

--
-- Table structure for table `fieldlayoutfields`
--

DROP TABLE IF EXISTS `fieldlayoutfields`;
/*!40101 SET @saved_cs_client     = @@character_set_client */;
/*!40101 SET character_set_client = utf8 */;
CREATE TABLE `fieldlayoutfields` (
  `id` int(11) NOT NULL AUTO_INCREMENT,
  `layoutId` int(11) NOT NULL,
  `tabId` int(11) NOT NULL,
  `fieldId` int(11) NOT NULL,
  `required` tinyint(1) NOT NULL DEFAULT 0,
  `sortOrder` smallint(6) unsigned DEFAULT NULL,
  `dateCreated` datetime NOT NULL,
  `dateUpdated` datetime NOT NULL,
  `uid` char(36) COLLATE utf8mb3_unicode_ci NOT NULL DEFAULT '0',
  PRIMARY KEY (`id`),
  UNIQUE KEY `idx_whntdzsheufvzgporodsjsozbsqdtdnpneuy` (`layoutId`,`fieldId`),
  KEY `idx_wfeksapoikxzgmcfkyrmlmghjpvqbsudrvui` (`sortOrder`),
  KEY `idx_utlemzfvsjaruxykjjyuojwdhxpnsqvafthz` (`tabId`),
  KEY `idx_ywmnusxcibhiecnhomyjwgmbnchbwvjstacp` (`fieldId`),
  CONSTRAINT `fk_aayokzjhspwnuzzqwtgscvdjfjakrssdsnxa` FOREIGN KEY (`layoutId`) REFERENCES `fieldlayouts` (`id`) ON DELETE CASCADE,
  CONSTRAINT `fk_hhljjpidcgmntpizmcufrugrxxuzhpoqkvor` FOREIGN KEY (`tabId`) REFERENCES `fieldlayouttabs` (`id`) ON DELETE CASCADE,
  CONSTRAINT `fk_lpchnyelzoerkkffbbdvoxxegxhoprpjseit` FOREIGN KEY (`fieldId`) REFERENCES `fields` (`id`) ON DELETE CASCADE
) ENGINE=InnoDB AUTO_INCREMENT=339 DEFAULT CHARSET=utf8mb3 COLLATE=utf8mb3_unicode_ci;
/*!40101 SET character_set_client = @saved_cs_client */;

--
-- Dumping data for table `fieldlayoutfields`
--

LOCK TABLES `fieldlayoutfields` WRITE;
/*!40000 ALTER TABLE `fieldlayoutfields` DISABLE KEYS */;
INSERT INTO `fieldlayoutfields` VALUES (15,1,21,2,0,1,'2022-02-19 21:46:42','2022-02-19 21:46:42','a9efa614-4692-45a9-8ea5-95e25b8dc62d'),(16,2,22,2,0,1,'2022-02-19 21:47:00','2022-02-19 21:47:00','f82e2da7-e4f2-4fd8-8d5a-ee9894eb8467'),(29,11,31,14,0,0,'2022-02-20 12:32:26','2022-02-20 12:32:26','0ee03631-d258-4bd4-94b3-96b2ea945698'),(30,11,31,15,0,1,'2022-02-20 12:32:26','2022-02-20 12:32:26','65c50b1e-62ab-411e-bfbb-f7d948389a0f'),(79,9,67,11,1,0,'2022-02-20 19:20:49','2022-02-20 19:20:49','1d6ed0da-7a54-4590-a26c-e795b0c753e0'),(80,9,67,10,1,2,'2022-02-20 19:20:49','2022-02-20 19:20:49','b695de3f-59c1-45a2-b46e-2f357a2d3d05'),(81,9,67,12,1,3,'2022-02-20 19:20:49','2022-02-20 19:20:49','b8e7e4ed-990a-4b86-967e-8929405ac0d6'),(82,6,68,6,1,0,'2022-02-20 20:50:39','2022-02-20 20:50:39','2c0d713c-689a-4413-a87b-7d142347bc3a'),(83,6,68,8,0,2,'2022-02-20 20:50:39','2022-02-20 20:50:39','c492031e-a031-4c78-ba7b-59c24b483352'),(234,15,138,34,0,1,'2022-02-26 11:21:04','2022-02-26 11:21:04','aab65e1d-5f2e-4662-b2bc-3749017c77e5'),(235,15,138,35,0,2,'2022-02-26 11:21:04','2022-02-26 11:21:04','9a547304-3246-4ac2-ada3-5456b1d6cecb'),(236,15,138,36,0,3,'2022-02-26 11:21:04','2022-02-26 11:21:04','36baa5f6-f9b2-4d34-91d8-005bd32bdb80'),(237,15,138,37,0,4,'2022-02-26 11:21:04','2022-02-26 11:21:04','32ffa3d5-dcf9-433f-8f92-5e2121369b53'),(238,15,138,38,0,5,'2022-02-26 11:21:04','2022-02-26 11:21:04','6d02b292-1d25-415a-bd28-26d369cb05d7'),(313,10,164,13,1,0,'2022-02-26 12:52:40','2022-02-26 12:52:40','e9f11681-c080-404f-a4c4-aa57b56cbf9d'),(314,10,164,39,0,1,'2022-02-26 12:52:40','2022-02-26 12:52:40','44a80524-56c8-4a6d-97b8-646e6a53c514'),(315,16,165,40,1,0,'2022-02-26 12:52:40','2022-02-26 12:52:40','99981e81-023d-44ba-ad95-7aee024d5223'),(316,16,165,41,0,1,'2022-02-26 12:52:40','2022-02-26 12:52:40','b0a7375c-0b3c-4e3d-bd08-130f5b935c6c'),(317,4,166,16,1,0,'2022-02-26 12:52:40','2022-02-26 12:52:40','84ce2667-e3ea-42d6-aedb-5d8dc3a0d5ff'),(318,4,166,4,0,1,'2022-02-26 12:52:40','2022-02-26 12:52:40','55ce8fc8-94dc-425e-a90b-83866d40be31'),(319,4,166,17,0,2,'2022-02-26 12:52:40','2022-02-26 12:52:40','7bd9cf0d-f187-454e-8ee3-4006268694ab'),(320,4,166,18,0,3,'2022-02-26 12:52:40','2022-02-26 12:52:40','aea35e83-b9a0-476e-8b22-7234887b4b85'),(321,5,167,5,1,0,'2022-02-26 12:52:40','2022-02-26 12:52:40','8950cdcf-466d-40d3-ac8b-fb5133c32f5b'),(322,8,168,9,1,0,'2022-02-26 12:52:40','2022-02-26 12:52:40','d8958318-90bd-4906-a3c0-ebe8d98def94'),(323,3,169,3,0,0,'2022-02-26 12:52:40','2022-02-26 12:52:40','2eff1cde-0435-4889-b98e-d9c9bf1d4945'),(324,3,169,20,0,1,'2022-02-26 12:52:40','2022-02-26 12:52:40','0a8ad556-c0af-456f-ae7b-6f78983ca3b9'),(325,12,170,19,1,0,'2022-02-26 12:52:41','2022-02-26 12:52:41','6712c8e4-5199-421e-a07e-ab404c1318f5'),(326,12,170,21,0,1,'2022-02-26 12:52:41','2022-02-26 12:52:41','2eebad11-89a1-4db6-a52d-83b05152b38c'),(327,13,171,26,0,0,'2022-02-26 12:52:41','2022-02-26 12:52:41','88d4079e-4f5d-4487-9aa9-dbbc8834e91c'),(328,13,171,25,0,1,'2022-02-26 12:52:41','2022-02-26 12:52:41','6aa8517d-4b5c-4a4c-99ad-224a2624c858'),(329,13,171,27,0,2,'2022-02-26 12:52:41','2022-02-26 12:52:41','8fe6b6fe-f7c6-462b-a223-87db5374dad6'),(330,13,171,22,0,3,'2022-02-26 12:52:41','2022-02-26 12:52:41','52cf54e3-7962-4cf2-af64-6463a16cb374'),(331,13,171,23,0,4,'2022-02-26 12:52:41','2022-02-26 12:52:41','d10c00fe-5e54-44de-bb90-eaa3fdf5ed3c'),(332,13,171,24,0,5,'2022-02-26 12:52:41','2022-02-26 12:52:41','cea87e9b-3604-40d5-8ea6-fbe48cf0eddb'),(333,14,172,32,0,0,'2022-02-26 12:52:43','2022-02-26 12:52:43','0fd1b5b8-8338-4340-98c0-0d7fae616354'),(334,14,172,30,0,1,'2022-02-26 12:52:43','2022-02-26 12:52:43','8ce3af6d-5ded-482d-95c3-40b79db680c6'),(335,14,172,28,0,2,'2022-02-26 12:52:43','2022-02-26 12:52:43','1cb9b14d-20e8-47d2-9337-54dd26c97515'),(336,14,172,29,0,3,'2022-02-26 12:52:43','2022-02-26 12:52:43','fe2c77da-411c-48ba-99a6-10c4fbf66c8f'),(337,14,172,31,0,4,'2022-02-26 12:52:43','2022-02-26 12:52:43','89672093-326b-44c1-a02d-29eaf54b17cc'),(338,14,172,33,0,5,'2022-02-26 12:52:43','2022-02-26 12:52:43','08c18c38-8a28-482e-aa1b-ae2ffd91715c');
/*!40000 ALTER TABLE `fieldlayoutfields` ENABLE KEYS */;
UNLOCK TABLES;

--
-- Table structure for table `fieldlayouts`
--

DROP TABLE IF EXISTS `fieldlayouts`;
/*!40101 SET @saved_cs_client     = @@character_set_client */;
/*!40101 SET character_set_client = utf8 */;
CREATE TABLE `fieldlayouts` (
  `id` int(11) NOT NULL AUTO_INCREMENT,
  `type` varchar(255) COLLATE utf8mb3_unicode_ci NOT NULL,
  `dateCreated` datetime NOT NULL,
  `dateUpdated` datetime NOT NULL,
  `dateDeleted` datetime DEFAULT NULL,
  `uid` char(36) COLLATE utf8mb3_unicode_ci NOT NULL DEFAULT '0',
  PRIMARY KEY (`id`),
  KEY `idx_aiksarocnsfgrtpnjwyzfnebahyfdhbhpuga` (`dateDeleted`),
  KEY `idx_xqrqvxueoblijtxhrzqugvmkvfbnvcbfvaft` (`type`)
) ENGINE=InnoDB AUTO_INCREMENT=17 DEFAULT CHARSET=utf8mb3 COLLATE=utf8mb3_unicode_ci;
/*!40101 SET character_set_client = @saved_cs_client */;

--
-- Dumping data for table `fieldlayouts`
--

LOCK TABLES `fieldlayouts` WRITE;
/*!40000 ALTER TABLE `fieldlayouts` DISABLE KEYS */;
INSERT INTO `fieldlayouts` VALUES (1,'craft\\elements\\Entry','2022-02-19 14:26:20','2022-02-19 14:26:20',NULL,'9e94ea38-ae50-4168-ab07-9e5dab6f2340'),(2,'craft\\elements\\Entry','2022-02-19 14:28:34','2022-02-19 14:28:34',NULL,'7c67272b-04fc-4e0d-a67a-a13722d3777b'),(3,'craft\\elements\\MatrixBlock','2022-02-19 14:47:14','2022-02-19 14:47:14',NULL,'11577787-553b-4924-a8fd-34b982af8717'),(4,'craft\\elements\\MatrixBlock','2022-02-19 14:47:14','2022-02-19 14:47:14',NULL,'d92740d0-69b2-4cb4-b8f0-1da6784b3c9b'),(5,'craft\\elements\\MatrixBlock','2022-02-19 14:52:39','2022-02-19 14:52:39',NULL,'9ae9794d-def8-41db-a5bf-fc2a7cc9c4e9'),(6,'craft\\elements\\Entry','2022-02-19 14:53:24','2022-02-19 14:53:24',NULL,'a5743708-acd4-4275-9749-c693f831b048'),(7,'craft\\elements\\Asset','2022-02-19 15:09:17','2022-02-19 15:09:17',NULL,'2f08780c-1036-4453-9013-97f30d358a59'),(8,'craft\\elements\\MatrixBlock','2022-02-19 15:15:25','2022-02-19 15:15:25',NULL,'ad9eb060-7513-4a77-9d90-5eb73f0cd368'),(9,'craft\\elements\\Entry','2022-02-19 15:34:11','2022-02-19 15:34:11',NULL,'d98c09c3-9222-43ab-9a26-7daf5e9064e8'),(10,'craft\\elements\\MatrixBlock','2022-02-19 22:07:33','2022-02-19 22:07:33',NULL,'5b22c491-2528-401b-b9f2-26b0876f8d72'),(11,'craft\\elements\\GlobalSet','2022-02-20 12:32:26','2022-02-20 12:32:26',NULL,'a5018267-73a7-430e-8dd7-485d274671c8'),(12,'craft\\elements\\MatrixBlock','2022-02-20 18:27:14','2022-02-20 18:27:14',NULL,'3b8512c8-ce00-4cab-877b-43c391842d6c'),(13,'craft\\elements\\MatrixBlock','2022-02-21 21:52:04','2022-02-21 21:52:04',NULL,'930cc3a1-da5a-43d9-be06-ac50bd1ec7df'),(14,'craft\\elements\\MatrixBlock','2022-02-26 11:12:02','2022-02-26 11:12:02',NULL,'4d1ce43e-09b6-4333-ab6d-c9a278c4973b'),(15,'craft\\elements\\Entry','2022-02-26 11:12:49','2022-02-26 11:12:49',NULL,'cc2cdb10-fada-4c39-9c91-10bf0332fc5a'),(16,'craft\\elements\\MatrixBlock','2022-02-26 11:54:49','2022-02-26 11:54:49',NULL,'4da4bca5-822a-454d-af2d-742d56eafbd0');
/*!40000 ALTER TABLE `fieldlayouts` ENABLE KEYS */;
UNLOCK TABLES;

--
-- Table structure for table `fieldlayouttabs`
--

DROP TABLE IF EXISTS `fieldlayouttabs`;
/*!40101 SET @saved_cs_client     = @@character_set_client */;
/*!40101 SET character_set_client = utf8 */;
CREATE TABLE `fieldlayouttabs` (
  `id` int(11) NOT NULL AUTO_INCREMENT,
  `layoutId` int(11) NOT NULL,
  `name` varchar(255) COLLATE utf8mb3_unicode_ci NOT NULL,
  `elements` text COLLATE utf8mb3_unicode_ci DEFAULT NULL,
  `sortOrder` smallint(6) unsigned DEFAULT NULL,
  `dateCreated` datetime NOT NULL,
  `dateUpdated` datetime NOT NULL,
  `uid` char(36) COLLATE utf8mb3_unicode_ci NOT NULL DEFAULT '0',
  PRIMARY KEY (`id`),
  KEY `idx_kcbroutxcmpirompqozwqrkspaabfaebdioh` (`sortOrder`),
  KEY `idx_kiegnybmmfibsyqkyupzirxwvsxxzdnsiqum` (`layoutId`),
  CONSTRAINT `fk_xvohifxsgiocxliusubeomcumuuhimofsyli` FOREIGN KEY (`layoutId`) REFERENCES `fieldlayouts` (`id`) ON DELETE CASCADE
) ENGINE=InnoDB AUTO_INCREMENT=173 DEFAULT CHARSET=utf8mb3 COLLATE=utf8mb3_unicode_ci;
/*!40101 SET character_set_client = @saved_cs_client */;

--
-- Dumping data for table `fieldlayouttabs`
--

LOCK TABLES `fieldlayouttabs` WRITE;
/*!40000 ALTER TABLE `fieldlayouttabs` DISABLE KEYS */;
INSERT INTO `fieldlayouttabs` VALUES (21,1,'Content','[{\"type\":\"craft\\\\fieldlayoutelements\\\\EntryTitleField\",\"autocomplete\":false,\"class\":null,\"size\":null,\"name\":null,\"autocorrect\":true,\"autocapitalize\":true,\"disabled\":false,\"readonly\":false,\"title\":null,\"placeholder\":null,\"step\":null,\"min\":null,\"max\":null,\"requirable\":false,\"id\":null,\"containerAttributes\":[],\"inputContainerAttributes\":[],\"labelAttributes\":[],\"orientation\":null,\"label\":null,\"instructions\":null,\"tip\":null,\"warning\":null,\"width\":100},{\"type\":\"craft\\\\fieldlayoutelements\\\\CustomField\",\"label\":null,\"instructions\":null,\"tip\":null,\"warning\":null,\"required\":false,\"width\":100,\"fieldUid\":\"45510379-3fcf-4283-a246-9069f9bc58bb\"}]',1,'2022-02-19 21:46:42','2022-02-19 21:46:42','3a2196b1-534f-4d25-8a8e-e768ed57cf0e'),(22,2,'Content','[{\"type\":\"craft\\\\fieldlayoutelements\\\\EntryTitleField\",\"autocomplete\":false,\"class\":null,\"size\":null,\"name\":null,\"autocorrect\":true,\"autocapitalize\":true,\"disabled\":false,\"readonly\":false,\"title\":null,\"placeholder\":null,\"step\":null,\"min\":null,\"max\":null,\"requirable\":false,\"id\":null,\"containerAttributes\":[],\"inputContainerAttributes\":[],\"labelAttributes\":[],\"orientation\":null,\"label\":null,\"instructions\":null,\"tip\":null,\"warning\":null,\"width\":100},{\"type\":\"craft\\\\fieldlayoutelements\\\\CustomField\",\"label\":null,\"instructions\":null,\"tip\":null,\"warning\":null,\"required\":false,\"width\":100,\"fieldUid\":\"45510379-3fcf-4283-a246-9069f9bc58bb\"}]',1,'2022-02-19 21:47:00','2022-02-19 21:47:00','64dc64c4-413c-4647-8121-7706a89617da'),(31,11,'Images','[{\"type\":\"craft\\\\fieldlayoutelements\\\\CustomField\",\"label\":null,\"instructions\":null,\"tip\":null,\"warning\":null,\"required\":false,\"width\":100,\"fieldUid\":\"3a5b8da2-b957-469b-8d3e-e811cdd6763d\"},{\"type\":\"craft\\\\fieldlayoutelements\\\\CustomField\",\"label\":null,\"instructions\":null,\"tip\":null,\"warning\":null,\"required\":false,\"width\":100,\"fieldUid\":\"4fc16aef-2cf4-4d14-869c-d7550a7a4cec\"}]',1,'2022-02-20 12:32:26','2022-02-20 12:32:26','e742cf8f-188d-4f49-a76a-fe060341cded'),(32,7,'Content','[{\"type\":\"craft\\\\fieldlayoutelements\\\\AssetTitleField\",\"autocomplete\":false,\"class\":null,\"size\":null,\"name\":null,\"autocorrect\":true,\"autocapitalize\":true,\"disabled\":false,\"readonly\":false,\"title\":null,\"placeholder\":null,\"step\":null,\"min\":null,\"max\":null,\"requirable\":false,\"id\":null,\"containerAttributes\":[],\"inputContainerAttributes\":[],\"labelAttributes\":[],\"orientation\":null,\"label\":null,\"instructions\":null,\"tip\":null,\"warning\":null,\"width\":100}]',1,'2022-02-20 12:41:50','2022-02-20 12:41:50','05075736-b23a-4f44-9953-e220a4b395ee'),(67,9,'Content','[{\"type\":\"craft\\\\fieldlayoutelements\\\\CustomField\",\"label\":\"\",\"instructions\":\"\",\"tip\":null,\"warning\":null,\"required\":\"1\",\"width\":100,\"fieldUid\":\"c5877c79-629e-4ea2-b30b-46f0b9d1df55\"},{\"type\":\"craft\\\\fieldlayoutelements\\\\EntryTitleField\",\"autocomplete\":false,\"class\":null,\"size\":null,\"name\":null,\"autocorrect\":true,\"autocapitalize\":true,\"disabled\":false,\"readonly\":false,\"title\":null,\"placeholder\":null,\"step\":null,\"min\":null,\"max\":null,\"requirable\":false,\"id\":null,\"containerAttributes\":[],\"inputContainerAttributes\":[],\"labelAttributes\":[],\"orientation\":null,\"label\":null,\"instructions\":null,\"tip\":null,\"warning\":null,\"width\":100},{\"type\":\"craft\\\\fieldlayoutelements\\\\CustomField\",\"label\":\"\",\"instructions\":\"\",\"tip\":null,\"warning\":null,\"required\":\"1\",\"width\":100,\"fieldUid\":\"a855cc54-b3cf-4574-9f7d-2d7186d0c56a\"},{\"type\":\"craft\\\\fieldlayoutelements\\\\CustomField\",\"label\":\"\",\"instructions\":\"\",\"tip\":null,\"warning\":null,\"required\":\"1\",\"width\":100,\"fieldUid\":\"e3cbf09d-5a34-4839-8d0e-d4202ff195f3\"}]',1,'2022-02-20 19:20:49','2022-02-20 19:20:49','15ee5761-8e8c-4703-8964-823497f4be0e'),(68,6,'Content','[{\"type\":\"craft\\\\fieldlayoutelements\\\\CustomField\",\"label\":\"\",\"instructions\":\"\",\"tip\":null,\"warning\":null,\"required\":\"1\",\"width\":100,\"fieldUid\":\"8ec02121-dce7-4c10-afef-2f16973f3e80\"},{\"type\":\"craft\\\\fieldlayoutelements\\\\EntryTitleField\",\"autocomplete\":false,\"class\":null,\"size\":null,\"name\":null,\"autocorrect\":true,\"autocapitalize\":true,\"disabled\":false,\"readonly\":false,\"title\":null,\"placeholder\":null,\"step\":null,\"min\":null,\"max\":null,\"requirable\":false,\"id\":null,\"containerAttributes\":[],\"inputContainerAttributes\":[],\"labelAttributes\":[],\"orientation\":null,\"label\":null,\"instructions\":null,\"tip\":null,\"warning\":null,\"width\":100},{\"type\":\"craft\\\\fieldlayoutelements\\\\CustomField\",\"label\":null,\"instructions\":null,\"tip\":null,\"warning\":null,\"required\":false,\"width\":100,\"fieldUid\":\"cc1596c9-97c9-4ac5-80dd-873c5b8889c9\"}]',1,'2022-02-20 20:50:39','2022-02-20 20:50:39','4fe85f3b-57e8-4858-8328-6004655cabe3'),(138,15,'Content','[{\"type\":\"craft\\\\fieldlayoutelements\\\\EntryTitleField\",\"autocomplete\":false,\"class\":null,\"size\":null,\"name\":null,\"autocorrect\":true,\"autocapitalize\":true,\"disabled\":false,\"readonly\":false,\"title\":null,\"placeholder\":null,\"step\":null,\"min\":null,\"max\":null,\"requirable\":false,\"id\":null,\"containerAttributes\":[],\"inputContainerAttributes\":[],\"labelAttributes\":[],\"orientation\":null,\"label\":null,\"instructions\":null,\"tip\":null,\"warning\":null,\"width\":100},{\"type\":\"craft\\\\fieldlayoutelements\\\\CustomField\",\"label\":null,\"instructions\":null,\"tip\":null,\"warning\":null,\"required\":false,\"width\":100,\"fieldUid\":\"c0481e1b-d384-42e2-9ccf-270eca5da1a8\"},{\"type\":\"craft\\\\fieldlayoutelements\\\\CustomField\",\"label\":null,\"instructions\":null,\"tip\":null,\"warning\":null,\"required\":false,\"width\":100,\"fieldUid\":\"80930367-3591-4339-8e68-c95abe182c1c\"},{\"type\":\"craft\\\\fieldlayoutelements\\\\CustomField\",\"label\":null,\"instructions\":null,\"tip\":null,\"warning\":null,\"required\":false,\"width\":100,\"fieldUid\":\"9eab5502-84f6-4d82-9dbb-3cd0b2bcc15c\"},{\"type\":\"craft\\\\fieldlayoutelements\\\\CustomField\",\"label\":null,\"instructions\":null,\"tip\":null,\"warning\":null,\"required\":false,\"width\":100,\"fieldUid\":\"8d89ac9c-2e6b-4488-8fd3-cc51785f41ce\"},{\"type\":\"craft\\\\fieldlayoutelements\\\\CustomField\",\"label\":null,\"instructions\":null,\"tip\":null,\"warning\":null,\"required\":false,\"width\":100,\"fieldUid\":\"7c2f32d9-d13a-417c-9068-f72819209db7\"}]',1,'2022-02-26 11:21:04','2022-02-26 11:21:04','ae1de8a2-f14f-420a-a5e1-c0ac93ab4d71'),(164,10,'Content','[{\"type\":\"craft\\\\fieldlayoutelements\\\\CustomField\",\"label\":null,\"instructions\":null,\"tip\":null,\"warning\":null,\"required\":true,\"width\":100,\"fieldUid\":\"a09ae5e6-c3ec-464a-b352-36cc6dcc779f\"},{\"type\":\"craft\\\\fieldlayoutelements\\\\CustomField\",\"label\":null,\"instructions\":null,\"tip\":null,\"warning\":null,\"required\":false,\"width\":100,\"fieldUid\":\"ef79fad2-ae37-44a6-afb2-4109716c2a2c\"}]',1,'2022-02-26 12:52:40','2022-02-26 12:52:40','56e3d8d9-0d66-4b73-967b-3771468b5a60'),(165,16,'Content','[{\"type\":\"craft\\\\fieldlayoutelements\\\\CustomField\",\"label\":null,\"instructions\":null,\"tip\":null,\"warning\":null,\"required\":true,\"width\":100,\"fieldUid\":\"23f29628-c753-408f-8004-d909cf927f83\"},{\"type\":\"craft\\\\fieldlayoutelements\\\\CustomField\",\"label\":null,\"instructions\":null,\"tip\":null,\"warning\":null,\"required\":false,\"width\":100,\"fieldUid\":\"ef313fab-ef14-41aa-9dd4-bc0db95cb677\"}]',1,'2022-02-26 12:52:40','2022-02-26 12:52:40','113bbc3a-bcf1-479d-a724-391c774ad986'),(166,4,'Content','[{\"type\":\"craft\\\\fieldlayoutelements\\\\CustomField\",\"label\":null,\"instructions\":null,\"tip\":null,\"warning\":null,\"required\":true,\"width\":100,\"fieldUid\":\"9a471311-aafe-434a-a62d-23339bbb0583\"},{\"type\":\"craft\\\\fieldlayoutelements\\\\CustomField\",\"label\":null,\"instructions\":null,\"tip\":null,\"warning\":null,\"required\":false,\"width\":100,\"fieldUid\":\"6c3952b6-b5dd-43da-bfac-1526baeaa336\"},{\"type\":\"craft\\\\fieldlayoutelements\\\\CustomField\",\"label\":null,\"instructions\":null,\"tip\":null,\"warning\":null,\"required\":false,\"width\":100,\"fieldUid\":\"034eb49b-1dd5-4879-af24-2a377e193e6b\"},{\"type\":\"craft\\\\fieldlayoutelements\\\\CustomField\",\"label\":null,\"instructions\":null,\"tip\":null,\"warning\":null,\"required\":false,\"width\":100,\"fieldUid\":\"f348fbaa-f1f3-4bf1-b645-381ea9a03139\"}]',1,'2022-02-26 12:52:40','2022-02-26 12:52:40','7ed59186-12e0-4b0c-bff6-1694770fe654'),(167,5,'Content','[{\"type\":\"craft\\\\fieldlayoutelements\\\\CustomField\",\"label\":null,\"instructions\":null,\"tip\":null,\"warning\":null,\"required\":true,\"width\":100,\"fieldUid\":\"6a07e3c2-d002-41f8-9a14-788a2228fc53\"}]',1,'2022-02-26 12:52:40','2022-02-26 12:52:40','5c6a534e-85b5-4ddf-92fa-16908c002368'),(168,8,'Content','[{\"type\":\"craft\\\\fieldlayoutelements\\\\CustomField\",\"label\":null,\"instructions\":null,\"tip\":null,\"warning\":null,\"required\":true,\"width\":100,\"fieldUid\":\"815b36c0-971d-4ffc-80ec-b5bbae1a6cef\"}]',1,'2022-02-26 12:52:40','2022-02-26 12:52:40','07d6884a-0eda-48ff-bb61-b3903a27278a'),(169,3,'Content','[{\"type\":\"craft\\\\fieldlayoutelements\\\\CustomField\",\"label\":null,\"instructions\":null,\"tip\":null,\"warning\":null,\"required\":false,\"width\":100,\"fieldUid\":\"c9d3718a-3e2d-4287-bc14-1f08fb337928\"},{\"type\":\"craft\\\\fieldlayoutelements\\\\CustomField\",\"label\":null,\"instructions\":null,\"tip\":null,\"warning\":null,\"required\":false,\"width\":100,\"fieldUid\":\"6a7fb1e8-d9c7-412d-8ba7-b009a34bf534\"}]',1,'2022-02-26 12:52:40','2022-02-26 12:52:40','bf8ca46d-4fb7-4977-abe3-0e7cee122554'),(170,12,'Content','[{\"type\":\"craft\\\\fieldlayoutelements\\\\CustomField\",\"label\":null,\"instructions\":null,\"tip\":null,\"warning\":null,\"required\":true,\"width\":100,\"fieldUid\":\"fd067bbd-c8de-4a78-9c25-edf59625daf9\"},{\"type\":\"craft\\\\fieldlayoutelements\\\\CustomField\",\"label\":null,\"instructions\":null,\"tip\":null,\"warning\":null,\"required\":false,\"width\":100,\"fieldUid\":\"9bf2d9e5-1946-495a-ae14-b08f357a07ec\"}]',1,'2022-02-26 12:52:41','2022-02-26 12:52:41','b3d9684d-30c3-47ea-9b55-df5e59cc87db'),(171,13,'Content','[{\"type\":\"craft\\\\fieldlayoutelements\\\\CustomField\",\"label\":null,\"instructions\":null,\"tip\":null,\"warning\":null,\"required\":false,\"width\":50,\"fieldUid\":\"38ce72b8-1521-44a3-8839-679d0e0345ce\"},{\"type\":\"craft\\\\fieldlayoutelements\\\\CustomField\",\"label\":null,\"instructions\":null,\"tip\":null,\"warning\":null,\"required\":false,\"width\":50,\"fieldUid\":\"d73d362e-39d4-4f37-94ab-4072abc295d8\"},{\"type\":\"craft\\\\fieldlayoutelements\\\\CustomField\",\"label\":null,\"instructions\":null,\"tip\":null,\"warning\":null,\"required\":false,\"width\":50,\"fieldUid\":\"4e1bed0c-f90c-4174-b37f-d7aa08e1f95e\"},{\"type\":\"craft\\\\fieldlayoutelements\\\\CustomField\",\"label\":null,\"instructions\":null,\"tip\":null,\"warning\":null,\"required\":false,\"width\":50,\"fieldUid\":\"0054f69b-9011-4d15-a0ff-c6ea48730185\"},{\"type\":\"craft\\\\fieldlayoutelements\\\\CustomField\",\"label\":null,\"instructions\":null,\"tip\":null,\"warning\":null,\"required\":false,\"width\":100,\"fieldUid\":\"79a8dc44-6a63-4c33-8c43-97839331c8e4\"},{\"type\":\"craft\\\\fieldlayoutelements\\\\CustomField\",\"label\":null,\"instructions\":null,\"tip\":null,\"warning\":null,\"required\":false,\"width\":100,\"fieldUid\":\"c427cb38-182e-4ab8-a69d-731097bef2fd\"}]',1,'2022-02-26 12:52:41','2022-02-26 12:52:41','4b91fe29-c44e-4671-9ebb-f17a8c8b2f2f'),(172,14,'Content','[{\"type\":\"craft\\\\fieldlayoutelements\\\\CustomField\",\"label\":null,\"instructions\":null,\"tip\":null,\"warning\":null,\"required\":false,\"width\":100,\"fieldUid\":\"bd7c8386-f859-40ab-8718-cff8f68cf847\"},{\"type\":\"craft\\\\fieldlayoutelements\\\\CustomField\",\"label\":null,\"instructions\":null,\"tip\":null,\"warning\":null,\"required\":false,\"width\":100,\"fieldUid\":\"6fa01cb4-23c8-44bd-a162-e0a80a7abc42\"},{\"type\":\"craft\\\\fieldlayoutelements\\\\CustomField\",\"label\":null,\"instructions\":null,\"tip\":null,\"warning\":null,\"required\":false,\"width\":100,\"fieldUid\":\"0bd8f637-c7a7-4739-bf10-8ae337c1d9dd\"},{\"type\":\"craft\\\\fieldlayoutelements\\\\CustomField\",\"label\":null,\"instructions\":null,\"tip\":null,\"warning\":null,\"required\":false,\"width\":100,\"fieldUid\":\"1bad43de-da32-4393-9b17-e8d12f6346f6\"},{\"type\":\"craft\\\\fieldlayoutelements\\\\CustomField\",\"label\":null,\"instructions\":null,\"tip\":null,\"warning\":null,\"required\":false,\"width\":100,\"fieldUid\":\"052b58a2-700f-43f8-8451-a23fbed4816c\"},{\"type\":\"craft\\\\fieldlayoutelements\\\\CustomField\",\"label\":null,\"instructions\":null,\"tip\":null,\"warning\":null,\"required\":false,\"width\":100,\"fieldUid\":\"d4a8396e-ade9-4f39-9efb-3e6dae7a1f3a\"}]',1,'2022-02-26 12:52:43','2022-02-26 12:52:43','c187482d-2905-420a-b3ec-aace6e7f8bf6');
/*!40000 ALTER TABLE `fieldlayouttabs` ENABLE KEYS */;
UNLOCK TABLES;

--
-- Table structure for table `fields`
--

DROP TABLE IF EXISTS `fields`;
/*!40101 SET @saved_cs_client     = @@character_set_client */;
/*!40101 SET character_set_client = utf8 */;
CREATE TABLE `fields` (
  `id` int(11) NOT NULL AUTO_INCREMENT,
  `groupId` int(11) DEFAULT NULL,
  `name` varchar(255) COLLATE utf8mb3_unicode_ci NOT NULL,
  `handle` varchar(64) COLLATE utf8mb3_unicode_ci NOT NULL,
  `context` varchar(255) COLLATE utf8mb3_unicode_ci NOT NULL DEFAULT 'global',
  `columnSuffix` char(8) COLLATE utf8mb3_unicode_ci DEFAULT NULL,
  `instructions` text COLLATE utf8mb3_unicode_ci DEFAULT NULL,
  `searchable` tinyint(1) NOT NULL DEFAULT 1,
  `translationMethod` varchar(255) COLLATE utf8mb3_unicode_ci NOT NULL DEFAULT 'none',
  `translationKeyFormat` text COLLATE utf8mb3_unicode_ci DEFAULT NULL,
  `type` varchar(255) COLLATE utf8mb3_unicode_ci NOT NULL,
  `settings` text COLLATE utf8mb3_unicode_ci DEFAULT NULL,
  `dateCreated` datetime NOT NULL,
  `dateUpdated` datetime NOT NULL,
  `uid` char(36) COLLATE utf8mb3_unicode_ci NOT NULL DEFAULT '0',
  PRIMARY KEY (`id`),
  KEY `idx_jhqoxkqusiolewsmrhvifybcmljlcltbyxea` (`handle`,`context`),
  KEY `idx_qngemiufkrnwfmzxpygjcyvcvrfpgixvbnmy` (`groupId`),
  KEY `idx_zgpxvfxwecrbkjiloekdiuusatmqtctlbpvf` (`context`),
  CONSTRAINT `fk_xgvtqziumgblsvmoucadbjxtgqtahoxltejq` FOREIGN KEY (`groupId`) REFERENCES `fieldgroups` (`id`) ON DELETE CASCADE
) ENGINE=InnoDB AUTO_INCREMENT=42 DEFAULT CHARSET=utf8mb3 COLLATE=utf8mb3_unicode_ci;
/*!40101 SET character_set_client = @saved_cs_client */;

--
-- Dumping data for table `fields`
--

LOCK TABLES `fields` WRITE;
/*!40000 ALTER TABLE `fields` DISABLE KEYS */;
INSERT INTO `fields` VALUES (2,1,'Page Components','pageComponents','global',NULL,'',0,'site',NULL,'craft\\fields\\Matrix','{\"contentTable\":\"{{%matrixcontent_pagecomponents}}\",\"maxBlocks\":\"\",\"minBlocks\":\"\",\"propagationKeyFormat\":null,\"propagationMethod\":\"all\"}','2022-02-19 14:47:14','2022-02-19 14:47:14','45510379-3fcf-4283-a246-9069f9bc58bb'),(3,NULL,'Theme','theme','matrixBlockType:8feb6fc3-d245-4a8d-bb00-ec9e1d05c12a',NULL,'',0,'none',NULL,'craft\\fields\\Lightswitch','{\"default\":false,\"offLabel\":\"Light\",\"onLabel\":\"Dark\"}','2022-02-19 14:47:14','2022-02-26 12:52:40','c9d3718a-3e2d-4287-bc14-1f08fb337928'),(4,NULL,'Image Position','imagePosition','matrixBlockType:5d853b89-8e8f-499d-9549-37c71e4b95a0',NULL,'',0,'none',NULL,'craft\\fields\\Lightswitch','{\"default\":true,\"offLabel\":\"Left\",\"onLabel\":\"Right\"}','2022-02-19 14:47:14','2022-02-19 14:52:39','6c3952b6-b5dd-43da-bfac-1526baeaa336'),(5,NULL,'Feature','feature','matrixBlockType:e666783f-6ce0-4274-a5d6-61b1112ca24e',NULL,'Select features to populate the feature bar',0,'site',NULL,'craft\\fields\\Entries','{\"allowSelfRelations\":false,\"limit\":\"\",\"localizeRelations\":false,\"selectionLabel\":\"\",\"showSiteMenu\":true,\"source\":null,\"sources\":[\"section:bcd15103-454c-4f79-a346-b9627704710c\"],\"targetSiteId\":null,\"validateRelatedElements\":false,\"viewMode\":null}','2022-02-19 14:52:39','2022-02-19 15:15:25','6a07e3c2-d002-41f8-9a14-788a2228fc53'),(6,2,'Feature Image','featureImage','global',NULL,'',0,'site',NULL,'craft\\fields\\Assets','{\"allowSelfRelations\":false,\"allowUploads\":true,\"allowedKinds\":[\"image\"],\"defaultUploadLocationSource\":\"volume:800c016b-2fa3-4b15-a888-4e0d4da70c32\",\"defaultUploadLocationSubpath\":\"features\",\"limit\":\"1\",\"localizeRelations\":false,\"previewMode\":\"full\",\"restrictFiles\":\"1\",\"selectionLabel\":\"\",\"showSiteMenu\":true,\"showUnpermittedFiles\":false,\"showUnpermittedVolumes\":false,\"singleUploadLocationSource\":\"volume:800c016b-2fa3-4b15-a888-4e0d4da70c32\",\"singleUploadLocationSubpath\":\"features/\",\"source\":null,\"sources\":[\"volume:800c016b-2fa3-4b15-a888-4e0d4da70c32\"],\"targetSiteId\":null,\"useSingleFolder\":true,\"validateRelatedElements\":false,\"viewMode\":\"list\"}','2022-02-19 14:56:20','2022-02-20 18:32:31','8ec02121-dce7-4c10-afef-2f16973f3e80'),(8,2,'Feature Description','featureDescription','global','ooknthon','',0,'none',NULL,'craft\\redactor\\Field','{\"availableTransforms\":\"*\",\"availableVolumes\":\"*\",\"columnType\":\"text\",\"configSelectionMode\":\"choose\",\"defaultTransform\":\"\",\"manualConfig\":\"\",\"purifierConfig\":\"\",\"purifyHtml\":\"1\",\"redactorConfig\":\"\",\"removeEmptyTags\":\"1\",\"removeInlineStyles\":\"1\",\"removeNbsp\":\"1\",\"showHtmlButtonForNonAdmins\":\"\",\"showUnpermittedFiles\":false,\"showUnpermittedVolumes\":false,\"uiMode\":\"enlarged\"}','2022-02-19 15:05:30','2022-02-19 15:07:14','cc1596c9-97c9-4ac5-80dd-873c5b8889c9'),(9,NULL,'Sections','sections','matrixBlockType:709836f9-0e5e-40bc-97e6-08a369f3f3e8',NULL,'',0,'site',NULL,'craft\\fields\\Entries','{\"allowSelfRelations\":false,\"limit\":\"\",\"localizeRelations\":false,\"selectionLabel\":\"\",\"showSiteMenu\":true,\"source\":null,\"sources\":[\"section:0bff018e-5871-462b-a2d0-404b19107f70\"],\"targetSiteId\":null,\"validateRelatedElements\":false,\"viewMode\":null}','2022-02-19 15:15:25','2022-02-20 13:10:45','815b36c0-971d-4ffc-80ec-b5bbae1a6cef'),(10,3,'Linked Page','linkedPage','global',NULL,'',0,'site',NULL,'craft\\fields\\Entries','{\"allowSelfRelations\":false,\"limit\":\"1\",\"localizeRelations\":false,\"selectionLabel\":\"\",\"showSiteMenu\":true,\"source\":null,\"sources\":[\"section:cbf3800a-f50c-4b4f-8b1c-30cfc66edb25\"],\"targetSiteId\":null,\"validateRelatedElements\":false,\"viewMode\":null}','2022-02-19 15:36:28','2022-02-19 21:50:05','a855cc54-b3cf-4574-9f7d-2d7186d0c56a'),(11,3,'Background Image','backgroundImage','global',NULL,'',0,'site',NULL,'craft\\fields\\Assets','{\"allowSelfRelations\":false,\"allowUploads\":true,\"allowedKinds\":[\"image\"],\"defaultUploadLocationSource\":\"volume:800c016b-2fa3-4b15-a888-4e0d4da70c32\",\"defaultUploadLocationSubpath\":\"backgrounds/\",\"limit\":\"1\",\"localizeRelations\":false,\"previewMode\":\"full\",\"restrictFiles\":\"1\",\"selectionLabel\":\"\",\"showSiteMenu\":true,\"showUnpermittedFiles\":false,\"showUnpermittedVolumes\":false,\"singleUploadLocationSource\":\"volume:800c016b-2fa3-4b15-a888-4e0d4da70c32\",\"singleUploadLocationSubpath\":\"backgrounds/\",\"source\":null,\"sources\":[\"volume:800c016b-2fa3-4b15-a888-4e0d4da70c32\"],\"targetSiteId\":null,\"useSingleFolder\":true,\"validateRelatedElements\":false,\"viewMode\":\"list\"}','2022-02-19 15:39:19','2022-02-20 18:35:04','c5877c79-629e-4ea2-b30b-46f0b9d1df55'),(12,3,'Link Text','linkText','global','ohhtbvst','',0,'none',NULL,'craft\\fields\\PlainText','{\"byteLimit\":null,\"charLimit\":null,\"code\":\"\",\"columnType\":null,\"initialRows\":\"4\",\"multiline\":\"\",\"placeholder\":null,\"uiMode\":\"normal\"}','2022-02-19 21:49:23','2022-02-19 21:49:58','e3cbf09d-5a34-4839-8d0e-d4202ff195f3'),(13,NULL,'Images','images','matrixBlockType:48b85d0b-31ca-465f-b4a8-4323237cc894',NULL,'',0,'site',NULL,'craft\\fields\\Assets','{\"allowSelfRelations\":false,\"allowUploads\":true,\"allowedKinds\":[\"image\"],\"defaultUploadLocationSource\":\"volume:800c016b-2fa3-4b15-a888-4e0d4da70c32\",\"defaultUploadLocationSubpath\":\"slideshow/{entry.title}/\",\"limit\":\"\",\"localizeRelations\":false,\"previewMode\":\"full\",\"restrictFiles\":\"1\",\"selectionLabel\":\"\",\"showSiteMenu\":true,\"showUnpermittedFiles\":false,\"showUnpermittedVolumes\":false,\"singleUploadLocationSource\":\"volume:800c016b-2fa3-4b15-a888-4e0d4da70c32\",\"singleUploadLocationSubpath\":\"blocks/slideshow/\",\"source\":null,\"sources\":[\"volume:800c016b-2fa3-4b15-a888-4e0d4da70c32\"],\"targetSiteId\":null,\"useSingleFolder\":true,\"validateRelatedElements\":false,\"viewMode\":\"list\"}','2022-02-19 22:07:33','2022-02-20 13:13:09','a09ae5e6-c3ec-464a-b352-36cc6dcc779f'),(14,4,'Site Logo','siteLogo','global',NULL,'',0,'site',NULL,'craft\\fields\\Assets','{\"allowSelfRelations\":false,\"allowUploads\":true,\"allowedKinds\":[\"image\"],\"defaultUploadLocationSource\":\"volume:800c016b-2fa3-4b15-a888-4e0d4da70c32\",\"defaultUploadLocationSubpath\":\"branding/\",\"limit\":\"1\",\"localizeRelations\":false,\"previewMode\":\"full\",\"restrictFiles\":\"1\",\"selectionLabel\":\"\",\"showSiteMenu\":true,\"showUnpermittedFiles\":false,\"showUnpermittedVolumes\":false,\"singleUploadLocationSource\":\"volume:800c016b-2fa3-4b15-a888-4e0d4da70c32\",\"singleUploadLocationSubpath\":\"branding/\",\"source\":null,\"sources\":[\"volume:800c016b-2fa3-4b15-a888-4e0d4da70c32\"],\"targetSiteId\":null,\"useSingleFolder\":true,\"validateRelatedElements\":false,\"viewMode\":\"list\"}','2022-02-20 12:31:29','2022-02-20 18:35:34','3a5b8da2-b957-469b-8d3e-e811cdd6763d'),(15,4,'Site Icon','siteIcon','global',NULL,'',0,'site',NULL,'craft\\fields\\Assets','{\"allowSelfRelations\":false,\"allowUploads\":true,\"allowedKinds\":[\"image\"],\"defaultUploadLocationSource\":\"volume:800c016b-2fa3-4b15-a888-4e0d4da70c32\",\"defaultUploadLocationSubpath\":\"branding/\",\"limit\":\"1\",\"localizeRelations\":false,\"previewMode\":\"full\",\"restrictFiles\":\"1\",\"selectionLabel\":\"\",\"showSiteMenu\":true,\"showUnpermittedFiles\":false,\"showUnpermittedVolumes\":false,\"singleUploadLocationSource\":\"volume:800c016b-2fa3-4b15-a888-4e0d4da70c32\",\"singleUploadLocationSubpath\":\"branding/\",\"source\":null,\"sources\":[\"volume:800c016b-2fa3-4b15-a888-4e0d4da70c32\"],\"targetSiteId\":null,\"useSingleFolder\":true,\"validateRelatedElements\":false,\"viewMode\":\"list\"}','2022-02-20 12:31:59','2022-02-20 18:35:26','4fc16aef-2cf4-4d14-869c-d7550a7a4cec'),(16,NULL,'Side Image','sideImage','matrixBlockType:5d853b89-8e8f-499d-9549-37c71e4b95a0',NULL,'',0,'site',NULL,'craft\\fields\\Assets','{\"allowSelfRelations\":false,\"allowUploads\":true,\"allowedKinds\":null,\"defaultUploadLocationSource\":\"volume:800c016b-2fa3-4b15-a888-4e0d4da70c32\",\"defaultUploadLocationSubpath\":\"\",\"limit\":\"1\",\"localizeRelations\":false,\"previewMode\":\"full\",\"restrictFiles\":\"\",\"selectionLabel\":\"\",\"showSiteMenu\":true,\"showUnpermittedFiles\":false,\"showUnpermittedVolumes\":false,\"singleUploadLocationSource\":\"volume:800c016b-2fa3-4b15-a888-4e0d4da70c32\",\"singleUploadLocationSubpath\":\"blocks/imageText/\",\"source\":null,\"sources\":\"*\",\"targetSiteId\":null,\"useSingleFolder\":true,\"validateRelatedElements\":false,\"viewMode\":\"list\"}','2022-02-20 13:13:09','2022-02-20 18:17:56','9a471311-aafe-434a-a62d-23339bbb0583'),(17,NULL,'Block Title','blockTitle','matrixBlockType:5d853b89-8e8f-499d-9549-37c71e4b95a0',NULL,'',0,'none',NULL,'craft\\fields\\PlainText','{\"byteLimit\":null,\"charLimit\":null,\"code\":\"\",\"columnType\":null,\"initialRows\":\"4\",\"multiline\":\"\",\"placeholder\":null,\"uiMode\":\"normal\"}','2022-02-20 13:13:09','2022-02-20 18:17:57','034eb49b-1dd5-4879-af24-2a377e193e6b'),(18,NULL,'Block Body','blockBody','matrixBlockType:5d853b89-8e8f-499d-9549-37c71e4b95a0',NULL,'',0,'none',NULL,'craft\\redactor\\Field','{\"availableTransforms\":\"*\",\"availableVolumes\":\"\",\"columnType\":\"text\",\"configSelectionMode\":\"choose\",\"defaultTransform\":\"\",\"manualConfig\":\"\",\"purifierConfig\":\"\",\"purifyHtml\":\"1\",\"redactorConfig\":\"\",\"removeEmptyTags\":\"1\",\"removeInlineStyles\":\"1\",\"removeNbsp\":\"1\",\"showHtmlButtonForNonAdmins\":\"\",\"showUnpermittedFiles\":false,\"showUnpermittedVolumes\":false,\"uiMode\":\"enlarged\"}','2022-02-20 13:13:09','2022-02-20 18:17:57','f348fbaa-f1f3-4bf1-b645-381ea9a03139'),(19,NULL,'Height','height','matrixBlockType:abc15f34-2022-44f5-9b78-e043131f7a0e',NULL,'Enter the height of the spacer in pixels',0,'none',NULL,'craft\\fields\\Number','{\"decimals\":0,\"defaultValue\":50,\"max\":null,\"min\":0,\"prefix\":null,\"previewCurrency\":\"\",\"previewFormat\":\"none\",\"size\":null,\"suffix\":null}','2022-02-20 18:27:14','2022-02-20 21:37:40','fd067bbd-c8de-4a78-9c25-edf59625daf9'),(20,NULL,'Instagram Username','instagramUsername','matrixBlockType:8feb6fc3-d245-4a8d-bb00-ec9e1d05c12a',NULL,'If you want to over-ride the default with a particular hashtag or account enter the username or hashtag',0,'none',NULL,'craft\\fields\\PlainText','{\"byteLimit\":null,\"charLimit\":null,\"code\":\"\",\"columnType\":null,\"initialRows\":\"4\",\"multiline\":\"\",\"placeholder\":null,\"uiMode\":\"normal\"}','2022-02-20 21:37:40','2022-02-20 21:40:29','6a7fb1e8-d9c7-412d-8ba7-b009a34bf534'),(21,NULL,'Colour','colour','matrixBlockType:abc15f34-2022-44f5-9b78-e043131f7a0e',NULL,'',0,'none',NULL,'craft\\fields\\Color','{\"defaultColor\":\"#ffffff\"}','2022-02-20 21:45:32','2022-02-20 21:46:57','9bf2d9e5-1946-495a-ae14-b08f357a07ec'),(22,NULL,'Text Colour','textColour','matrixBlockType:00b25e5a-0d0d-4632-b64e-f657c13c0d93',NULL,'',0,'none',NULL,'craft\\fields\\Color','{\"defaultColor\":\"#000000\"}','2022-02-21 21:52:04','2022-02-21 22:04:33','0054f69b-9011-4d15-a0ff-c6ea48730185'),(23,NULL,'Block Title','blockTitle','matrixBlockType:00b25e5a-0d0d-4632-b64e-f657c13c0d93',NULL,'',0,'none',NULL,'craft\\fields\\PlainText','{\"byteLimit\":null,\"charLimit\":null,\"code\":\"\",\"columnType\":null,\"initialRows\":\"4\",\"multiline\":\"\",\"placeholder\":null,\"uiMode\":\"normal\"}','2022-02-21 21:52:04','2022-02-21 22:04:33','79a8dc44-6a63-4c33-8c43-97839331c8e4'),(24,NULL,'Block Body','blockBody','matrixBlockType:00b25e5a-0d0d-4632-b64e-f657c13c0d93',NULL,'',0,'none',NULL,'craft\\redactor\\Field','{\"availableTransforms\":\"*\",\"availableVolumes\":\"*\",\"columnType\":\"text\",\"configSelectionMode\":\"choose\",\"defaultTransform\":\"\",\"manualConfig\":\"\",\"purifierConfig\":\"\",\"purifyHtml\":\"1\",\"redactorConfig\":\"\",\"removeEmptyTags\":\"1\",\"removeInlineStyles\":\"1\",\"removeNbsp\":\"1\",\"showHtmlButtonForNonAdmins\":\"\",\"showUnpermittedFiles\":false,\"showUnpermittedVolumes\":false,\"uiMode\":\"enlarged\"}','2022-02-21 21:52:04','2022-02-21 22:04:33','c427cb38-182e-4ab8-a69d-731097bef2fd'),(25,NULL,'Background Colour','backgroundColour','matrixBlockType:00b25e5a-0d0d-4632-b64e-f657c13c0d93',NULL,'',0,'none',NULL,'craft\\fields\\Color','{\"defaultColor\":\"#cccccc\"}','2022-02-21 21:52:04','2022-02-21 22:04:33','d73d362e-39d4-4f37-94ab-4072abc295d8'),(26,NULL,'Background Image','backgroundImage','matrixBlockType:00b25e5a-0d0d-4632-b64e-f657c13c0d93',NULL,'',0,'site',NULL,'craft\\fields\\Assets','{\"allowSelfRelations\":false,\"allowUploads\":true,\"allowedKinds\":[\"image\"],\"defaultUploadLocationSource\":\"volume:800c016b-2fa3-4b15-a888-4e0d4da70c32\",\"defaultUploadLocationSubpath\":\"\",\"limit\":\"1\",\"localizeRelations\":false,\"previewMode\":\"full\",\"restrictFiles\":\"1\",\"selectionLabel\":\"\",\"showSiteMenu\":true,\"showUnpermittedFiles\":false,\"showUnpermittedVolumes\":false,\"singleUploadLocationSource\":\"volume:800c016b-2fa3-4b15-a888-4e0d4da70c32\",\"singleUploadLocationSubpath\":\"blocks/centralText/\",\"source\":null,\"sources\":\"*\",\"targetSiteId\":null,\"useSingleFolder\":true,\"validateRelatedElements\":false,\"viewMode\":\"list\"}','2022-02-21 22:04:33','2022-02-21 22:04:48','38ce72b8-1521-44a3-8839-679d0e0345ce'),(27,NULL,'Body Background Colour','bodyBackgroundColour','matrixBlockType:00b25e5a-0d0d-4632-b64e-f657c13c0d93',NULL,'',0,'none',NULL,'craft\\fields\\Color','{\"defaultColor\":\"#ffffff\"}','2022-02-21 22:10:20','2022-02-21 22:11:40','4e1bed0c-f90c-4174-b37f-d7aa08e1f95e'),(28,NULL,'Testimonial','testimonial','matrixBlockType:ba3ca3ea-4af3-4670-a5a5-4634af27c536',NULL,'',0,'none',NULL,'craft\\fields\\PlainText','{\"byteLimit\":null,\"charLimit\":null,\"code\":\"\",\"columnType\":null,\"initialRows\":\"2\",\"multiline\":\"1\",\"placeholder\":null,\"uiMode\":\"normal\"}','2022-02-26 11:12:02','2022-02-26 11:40:10','0bd8f637-c7a7-4739-bf10-8ae337c1d9dd'),(29,NULL,'Customer Image','customerImage','matrixBlockType:ba3ca3ea-4af3-4670-a5a5-4634af27c536',NULL,'',0,'none',NULL,'craft\\fields\\PlainText','{\"byteLimit\":null,\"charLimit\":null,\"code\":\"\",\"columnType\":null,\"initialRows\":\"4\",\"multiline\":\"\",\"placeholder\":null,\"uiMode\":\"normal\"}','2022-02-26 11:12:02','2022-02-26 11:40:10','1bad43de-da32-4393-9b17-e8d12f6346f6'),(30,NULL,'Text Colour','textColour','matrixBlockType:ba3ca3ea-4af3-4670-a5a5-4634af27c536',NULL,'',0,'none',NULL,'craft\\fields\\Color','{\"defaultColor\":\"#ffffff\"}','2022-02-26 11:12:02','2022-02-26 11:40:10','6fa01cb4-23c8-44bd-a162-e0a80a7abc42'),(31,NULL,'Customer Name','customerName','matrixBlockType:ba3ca3ea-4af3-4670-a5a5-4634af27c536',NULL,'',0,'none',NULL,'craft\\fields\\PlainText','{\"byteLimit\":null,\"charLimit\":null,\"code\":\"\",\"columnType\":null,\"initialRows\":\"4\",\"multiline\":\"\",\"placeholder\":null,\"uiMode\":\"normal\"}','2022-02-26 11:12:02','2022-02-26 11:40:10','052b58a2-700f-43f8-8451-a23fbed4816c'),(32,NULL,'Background Colour','backgroundColour','matrixBlockType:ba3ca3ea-4af3-4670-a5a5-4634af27c536',NULL,'',0,'none',NULL,'craft\\fields\\Color','{\"defaultColor\":\"#000080\"}','2022-02-26 11:12:02','2022-02-26 11:40:10','bd7c8386-f859-40ab-8718-cff8f68cf847'),(33,NULL,'Portfolio Link','portfolioLink','matrixBlockType:ba3ca3ea-4af3-4670-a5a5-4634af27c536',NULL,'If this person can be linked to a portfolio piece',0,'site',NULL,'craft\\fields\\Entries','{\"allowSelfRelations\":false,\"limit\":\"\",\"localizeRelations\":false,\"selectionLabel\":\"\",\"showSiteMenu\":true,\"source\":null,\"sources\":\"*\",\"targetSiteId\":null,\"validateRelatedElements\":false,\"viewMode\":null}','2022-02-26 11:12:02','2022-02-26 11:40:10','d4a8396e-ade9-4f39-9efb-3e6dae7a1f3a'),(34,5,'Lead Image','leadImage','global',NULL,'',0,'site',NULL,'craft\\fields\\Assets','{\"allowSelfRelations\":false,\"allowUploads\":true,\"allowedKinds\":[\"image\"],\"defaultUploadLocationSource\":\"volume:800c016b-2fa3-4b15-a888-4e0d4da70c32\",\"defaultUploadLocationSubpath\":\"\",\"limit\":\"1\",\"localizeRelations\":false,\"previewMode\":\"full\",\"restrictFiles\":\"1\",\"selectionLabel\":\"\",\"showSiteMenu\":false,\"showUnpermittedFiles\":false,\"showUnpermittedVolumes\":false,\"singleUploadLocationSource\":\"volume:800c016b-2fa3-4b15-a888-4e0d4da70c32\",\"singleUploadLocationSubpath\":\"portfolio/lead-images/\",\"source\":null,\"sources\":\"*\",\"targetSiteId\":null,\"useSingleFolder\":true,\"validateRelatedElements\":false,\"viewMode\":\"list\"}','2022-02-26 11:14:44','2022-02-26 11:14:44','c0481e1b-d384-42e2-9ccf-270eca5da1a8'),(35,5,'Start Date','startDate','global','vdwfdbny','',0,'none',NULL,'craft\\fields\\Date','{\"max\":null,\"min\":null,\"minuteIncrement\":\"30\",\"showDate\":true,\"showTime\":false,\"showTimeZone\":false}','2022-02-26 11:15:33','2022-02-26 11:15:33','80930367-3591-4339-8e68-c95abe182c1c'),(36,5,'Finish Date','finishDate','global','uphgztpk','',0,'none',NULL,'craft\\fields\\Date','{\"max\":null,\"min\":null,\"minuteIncrement\":\"30\",\"showDate\":true,\"showTime\":false,\"showTimeZone\":false}','2022-02-26 11:15:45','2022-02-26 11:15:45','9eab5502-84f6-4d82-9dbb-3cd0b2bcc15c'),(37,5,'External Link','externalLink','global','fxbiiicp','A link to some relevant content not on this website',0,'none',NULL,'craft\\fields\\Url','{\"maxLength\":\"255\",\"placeholder\":null,\"types\":[\"url\"]}','2022-02-26 11:17:15','2022-02-26 11:17:15','8d89ac9c-2e6b-4488-8fd3-cc51785f41ce'),(38,5,'External Link Descriptor','externalLinkDescriptor','global','xmdtxgrl','If linking to some external content, provide detail here to why and what relevance it has',0,'none',NULL,'craft\\fields\\PlainText','{\"byteLimit\":null,\"charLimit\":null,\"code\":\"\",\"columnType\":null,\"initialRows\":\"2\",\"multiline\":\"1\",\"placeholder\":null,\"uiMode\":\"normal\"}','2022-02-26 11:20:41','2022-02-26 11:20:41','7c2f32d9-d13a-417c-9068-f72819209db7'),(39,NULL,'Light or Dark Controls?','lightOrDarkControls','matrixBlockType:48b85d0b-31ca-465f-b4a8-4323237cc894',NULL,'',0,'none',NULL,'craft\\fields\\Lightswitch','{\"default\":false,\"offLabel\":\"Light\",\"onLabel\":\"Dark\"}','2022-02-26 11:40:09','2022-02-26 11:41:34','ef79fad2-ae37-44a6-afb2-4109716c2a2c'),(40,NULL,'Images','images','matrixBlockType:1b2d764b-336f-4530-b688-b2220820ab84',NULL,'',0,'site',NULL,'craft\\fields\\Assets','{\"allowSelfRelations\":false,\"allowUploads\":true,\"allowedKinds\":[\"image\"],\"defaultUploadLocationSource\":\"volume:800c016b-2fa3-4b15-a888-4e0d4da70c32\",\"defaultUploadLocationSubpath\":\"\",\"limit\":\"\",\"localizeRelations\":false,\"previewMode\":\"full\",\"restrictFiles\":\"1\",\"selectionLabel\":\"\",\"showSiteMenu\":true,\"showUnpermittedFiles\":false,\"showUnpermittedVolumes\":false,\"singleUploadLocationSource\":\"volume:800c016b-2fa3-4b15-a888-4e0d4da70c32\",\"singleUploadLocationSubpath\":\"blocks/central-slideshow/\",\"source\":null,\"sources\":\"*\",\"targetSiteId\":null,\"useSingleFolder\":true,\"validateRelatedElements\":false,\"viewMode\":\"list\"}','2022-02-26 11:54:49','2022-02-26 12:52:40','23f29628-c753-408f-8004-d909cf927f83'),(41,NULL,'Light or Dark Controls','lightOrDarkControls','matrixBlockType:1b2d764b-336f-4530-b688-b2220820ab84',NULL,'',0,'none',NULL,'craft\\fields\\Lightswitch','{\"default\":false,\"offLabel\":\"Light\",\"onLabel\":\"Dark\"}','2022-02-26 11:54:49','2022-02-26 12:52:40','ef313fab-ef14-41aa-9dd4-bc0db95cb677');
/*!40000 ALTER TABLE `fields` ENABLE KEYS */;
UNLOCK TABLES;

--
-- Table structure for table `globalsets`
--

DROP TABLE IF EXISTS `globalsets`;
/*!40101 SET @saved_cs_client     = @@character_set_client */;
/*!40101 SET character_set_client = utf8 */;
CREATE TABLE `globalsets` (
  `id` int(11) NOT NULL AUTO_INCREMENT,
  `name` varchar(255) COLLATE utf8mb3_unicode_ci NOT NULL,
  `handle` varchar(255) COLLATE utf8mb3_unicode_ci NOT NULL,
  `fieldLayoutId` int(11) DEFAULT NULL,
  `sortOrder` smallint(6) unsigned DEFAULT NULL,
  `dateCreated` datetime NOT NULL,
  `dateUpdated` datetime NOT NULL,
  `uid` char(36) COLLATE utf8mb3_unicode_ci NOT NULL DEFAULT '0',
  PRIMARY KEY (`id`),
  KEY `idx_wspmhwbfqdzvaqpacmmozqesumhmnjtplkfq` (`name`),
  KEY `idx_xapzcsfsbvzmihrihmhjbrrcnhqgjcxfhtea` (`handle`),
  KEY `idx_vxiixrsdcfmlomcolhzowcvtatgiujcyalbi` (`fieldLayoutId`),
  KEY `idx_ygsjqwubahububthogrxtkjsonyuaoyqaaaj` (`sortOrder`),
  CONSTRAINT `fk_chqiyqfhtzytpyzabfavboeqwhsmjiifiltg` FOREIGN KEY (`fieldLayoutId`) REFERENCES `fieldlayouts` (`id`) ON DELETE SET NULL,
  CONSTRAINT `fk_fubekahwqibntinnozzgbfjgcesptbfontus` FOREIGN KEY (`id`) REFERENCES `elements` (`id`) ON DELETE CASCADE
) ENGINE=InnoDB AUTO_INCREMENT=14 DEFAULT CHARSET=utf8mb3 COLLATE=utf8mb3_unicode_ci;
/*!40101 SET character_set_client = @saved_cs_client */;

--
-- Dumping data for table `globalsets`
--

LOCK TABLES `globalsets` WRITE;
/*!40000 ALTER TABLE `globalsets` DISABLE KEYS */;
INSERT INTO `globalsets` VALUES (13,'Branding','branding',11,1,'2022-02-20 12:30:43','2022-02-20 12:32:26','f8064539-475a-4b14-b028-de8274084eed');
/*!40000 ALTER TABLE `globalsets` ENABLE KEYS */;
UNLOCK TABLES;

--
-- Table structure for table `gqlschemas`
--

DROP TABLE IF EXISTS `gqlschemas`;
/*!40101 SET @saved_cs_client     = @@character_set_client */;
/*!40101 SET character_set_client = utf8 */;
CREATE TABLE `gqlschemas` (
  `id` int(11) NOT NULL AUTO_INCREMENT,
  `name` varchar(255) COLLATE utf8mb3_unicode_ci NOT NULL,
  `scope` text COLLATE utf8mb3_unicode_ci DEFAULT NULL,
  `isPublic` tinyint(1) NOT NULL DEFAULT 0,
  `dateCreated` datetime NOT NULL,
  `dateUpdated` datetime NOT NULL,
  `uid` char(36) COLLATE utf8mb3_unicode_ci NOT NULL DEFAULT '0',
  PRIMARY KEY (`id`)
) ENGINE=InnoDB AUTO_INCREMENT=2 DEFAULT CHARSET=utf8mb3 COLLATE=utf8mb3_unicode_ci;
/*!40101 SET character_set_client = @saved_cs_client */;

--
-- Dumping data for table `gqlschemas`
--

LOCK TABLES `gqlschemas` WRITE;
/*!40000 ALTER TABLE `gqlschemas` DISABLE KEYS */;
INSERT INTO `gqlschemas` VALUES (1,'Public Schema','[]',1,'2022-02-19 22:08:58','2022-02-19 22:08:58','de0de983-eb37-4fb8-925f-30f92b42fd1d');
/*!40000 ALTER TABLE `gqlschemas` ENABLE KEYS */;
UNLOCK TABLES;

--
-- Table structure for table `gqltokens`
--

DROP TABLE IF EXISTS `gqltokens`;
/*!40101 SET @saved_cs_client     = @@character_set_client */;
/*!40101 SET character_set_client = utf8 */;
CREATE TABLE `gqltokens` (
  `id` int(11) NOT NULL AUTO_INCREMENT,
  `name` varchar(255) COLLATE utf8mb3_unicode_ci NOT NULL,
  `accessToken` varchar(255) COLLATE utf8mb3_unicode_ci NOT NULL,
  `enabled` tinyint(1) NOT NULL DEFAULT 1,
  `expiryDate` datetime DEFAULT NULL,
  `lastUsed` datetime DEFAULT NULL,
  `schemaId` int(11) DEFAULT NULL,
  `dateCreated` datetime NOT NULL,
  `dateUpdated` datetime NOT NULL,
  `uid` char(36) COLLATE utf8mb3_unicode_ci NOT NULL DEFAULT '0',
  PRIMARY KEY (`id`),
  UNIQUE KEY `idx_uiaixdtxobtzoulwwdvjqnnnnarppnrnhuhr` (`accessToken`),
  UNIQUE KEY `idx_pqfovonpkpgghrefnnswnqokgkzeiokaqhzc` (`name`),
  KEY `fk_hlsfkfcznbaufaixrkekavddfiimhghamajg` (`schemaId`),
  CONSTRAINT `fk_hlsfkfcznbaufaixrkekavddfiimhghamajg` FOREIGN KEY (`schemaId`) REFERENCES `gqlschemas` (`id`) ON DELETE SET NULL
) ENGINE=InnoDB AUTO_INCREMENT=2 DEFAULT CHARSET=utf8mb3 COLLATE=utf8mb3_unicode_ci;
/*!40101 SET character_set_client = @saved_cs_client */;

--
-- Dumping data for table `gqltokens`
--

LOCK TABLES `gqltokens` WRITE;
/*!40000 ALTER TABLE `gqltokens` DISABLE KEYS */;
INSERT INTO `gqltokens` VALUES (1,'Public Token','__PUBLIC__',1,NULL,NULL,1,'2022-02-19 22:08:58','2022-02-19 22:08:58','34f70df2-8f1d-4f4c-95ac-18ede9af3637');
/*!40000 ALTER TABLE `gqltokens` ENABLE KEYS */;
UNLOCK TABLES;

--
-- Table structure for table `info`
--

DROP TABLE IF EXISTS `info`;
/*!40101 SET @saved_cs_client     = @@character_set_client */;
/*!40101 SET character_set_client = utf8 */;
CREATE TABLE `info` (
  `id` int(11) NOT NULL AUTO_INCREMENT,
  `version` varchar(50) COLLATE utf8mb3_unicode_ci NOT NULL,
  `schemaVersion` varchar(15) COLLATE utf8mb3_unicode_ci NOT NULL,
  `maintenance` tinyint(1) NOT NULL DEFAULT 0,
  `configVersion` char(12) COLLATE utf8mb3_unicode_ci NOT NULL DEFAULT '000000000000',
  `fieldVersion` char(12) COLLATE utf8mb3_unicode_ci NOT NULL DEFAULT '000000000000',
  `dateCreated` datetime NOT NULL,
  `dateUpdated` datetime NOT NULL,
  `uid` char(36) COLLATE utf8mb3_unicode_ci NOT NULL DEFAULT '0',
  PRIMARY KEY (`id`)
) ENGINE=InnoDB AUTO_INCREMENT=2 DEFAULT CHARSET=utf8mb3 COLLATE=utf8mb3_unicode_ci;
/*!40101 SET character_set_client = @saved_cs_client */;

--
-- Dumping data for table `info`
--

LOCK TABLES `info` WRITE;
/*!40000 ALTER TABLE `info` DISABLE KEYS */;
INSERT INTO `info` VALUES (1,'3.7.33','3.7.33',0,'waqvqwujpisp','2@xvbgharrsc','2022-02-19 14:10:02','2022-02-26 12:52:43','75f71d37-12e7-495b-9d64-6c519ec4922a');
/*!40000 ALTER TABLE `info` ENABLE KEYS */;
UNLOCK TABLES;

--
-- Table structure for table `matrixblocks`
--

DROP TABLE IF EXISTS `matrixblocks`;
/*!40101 SET @saved_cs_client     = @@character_set_client */;
/*!40101 SET character_set_client = utf8 */;
CREATE TABLE `matrixblocks` (
  `id` int(11) NOT NULL,
  `ownerId` int(11) NOT NULL,
  `fieldId` int(11) NOT NULL,
  `typeId` int(11) NOT NULL,
  `sortOrder` smallint(6) unsigned DEFAULT NULL,
  `deletedWithOwner` tinyint(1) DEFAULT NULL,
  `dateCreated` datetime NOT NULL,
  `dateUpdated` datetime NOT NULL,
  `uid` char(36) COLLATE utf8mb3_unicode_ci NOT NULL DEFAULT '0',
  PRIMARY KEY (`id`),
  KEY `idx_laffvttlqxbttxegqsmmyoyvwknymqsmwiex` (`ownerId`),
  KEY `idx_lkhuocteffubzxkagbbgfevfehiahehgngsn` (`fieldId`),
  KEY `idx_vjrzowwcjaxehgtpjfuckctyhinkfmvhyhwq` (`typeId`),
  KEY `idx_lcfnwznhmznlxcwatyqhjeyfolxvobeonciw` (`sortOrder`),
  CONSTRAINT `fk_djtanguvdjoffuybwqlhxzxrbvyabhbnwuol` FOREIGN KEY (`id`) REFERENCES `elements` (`id`) ON DELETE CASCADE,
  CONSTRAINT `fk_hlihuerkoyxsmeabktzrqdolqusivjzmenkh` FOREIGN KEY (`ownerId`) REFERENCES `elements` (`id`) ON DELETE CASCADE,
  CONSTRAINT `fk_pkdiurvjuorossdktvdjjoqlshxbknsfqcuc` FOREIGN KEY (`fieldId`) REFERENCES `fields` (`id`) ON DELETE CASCADE,
  CONSTRAINT `fk_ztlbzprvkbpsadhqmotxcbdhejalzxzatafh` FOREIGN KEY (`typeId`) REFERENCES `matrixblocktypes` (`id`) ON DELETE CASCADE
) ENGINE=InnoDB DEFAULT CHARSET=utf8mb3 COLLATE=utf8mb3_unicode_ci;
/*!40101 SET character_set_client = @saved_cs_client */;

--
-- Dumping data for table `matrixblocks`
--

LOCK TABLES `matrixblocks` WRITE;
/*!40000 ALTER TABLE `matrixblocks` DISABLE KEYS */;
INSERT INTO `matrixblocks` VALUES (10,2,2,1,11,NULL,'2022-02-19 21:54:53','2022-02-26 13:02:39','5c5928c8-38ee-4d62-a71f-5b6c06cf69f2'),(12,11,2,1,1,NULL,'2022-02-19 21:54:53','2022-02-19 21:54:53','507ebb8e-20be-437a-9bf2-30f77a7bdbca'),(50,2,2,5,1,NULL,'2022-02-20 13:13:18','2022-02-20 13:13:18','cd5eef43-d7cc-4665-a0b5-04478b17a5e3'),(51,2,2,2,5,NULL,'2022-02-20 13:13:19','2022-02-26 12:50:05','e87444ac-f618-41ce-b37d-e573479e1d01'),(52,2,2,3,2,NULL,'2022-02-20 13:13:19','2022-02-26 12:49:13','d423dce0-0c70-4a66-895d-d5d813a879ae'),(53,2,2,4,3,NULL,'2022-02-20 13:13:19','2022-02-26 12:49:13','e63cc0c9-f2bb-4cc1-a62f-c5f9d5f9801d'),(55,54,2,5,1,NULL,'2022-02-20 13:13:19','2022-02-20 13:13:19','e9e45b0f-8c7a-4819-a54a-99d6509a976f'),(56,54,2,2,2,NULL,'2022-02-20 13:13:20','2022-02-20 13:13:20','908f28a7-e51e-48fb-85b3-744b532e8079'),(57,54,2,3,3,NULL,'2022-02-20 13:13:20','2022-02-20 13:13:20','de3c5199-5cfa-4bbc-b919-b6ec626a5a43'),(58,54,2,4,4,NULL,'2022-02-20 13:13:20','2022-02-20 13:13:20','b8247846-e4b2-4b3e-8d91-7f174e5efbad'),(59,54,2,1,5,NULL,'2022-02-20 13:13:20','2022-02-20 13:13:20','d8b2a721-8db7-46c2-9622-9dd06b46f391'),(76,75,2,5,1,NULL,'2022-02-20 17:09:30','2022-02-20 17:09:30','f00567c0-fb47-43de-9a4d-67c48a5edd42'),(77,75,2,2,2,NULL,'2022-02-20 17:09:30','2022-02-20 17:09:30','bab8057f-43eb-4f58-bedf-1716f6ad32d7'),(78,75,2,3,3,NULL,'2022-02-20 17:09:30','2022-02-20 17:09:30','42d283f5-830e-4c2f-a356-13e1279e6cf8'),(79,75,2,4,4,NULL,'2022-02-20 17:09:30','2022-02-20 17:09:30','c20ba5aa-3858-440d-a774-a163afef762b'),(80,75,2,1,5,NULL,'2022-02-20 17:09:30','2022-02-20 17:09:30','a3432a19-e924-4b1f-b601-f1b1a5e980ed'),(89,88,2,5,1,NULL,'2022-02-20 18:18:25','2022-02-20 18:18:25','0b3835cd-a79c-4d3b-b200-8be72f94417b'),(90,88,2,2,2,NULL,'2022-02-20 18:18:25','2022-02-20 18:18:25','d9302b5e-6fd1-4c48-8ca7-07b7e30036e4'),(91,88,2,3,3,NULL,'2022-02-20 18:18:25','2022-02-20 18:18:25','37948ca2-d2e8-414b-ae9b-e3f29605532e'),(92,88,2,4,4,NULL,'2022-02-20 18:18:25','2022-02-20 18:18:25','797d7ed7-2e60-4cbb-b755-ce8737c59b23'),(93,88,2,1,5,NULL,'2022-02-20 18:18:25','2022-02-20 18:18:25','fe7976f5-46ee-4e25-a240-ecfba19074ce'),(101,100,2,5,1,NULL,'2022-02-20 18:19:27','2022-02-20 18:19:27','a8b5ef1b-06c4-413f-a0fa-ad2daf99fffc'),(102,100,2,2,2,NULL,'2022-02-20 18:19:27','2022-02-20 18:19:27','c2032c98-9a7f-45d5-9cad-400a204f7609'),(103,100,2,3,3,NULL,'2022-02-20 18:19:27','2022-02-20 18:19:27','dac2737a-2aa0-4917-b272-4c9cc6bdc211'),(104,100,2,4,4,NULL,'2022-02-20 18:19:27','2022-02-20 18:19:27','d79276c7-e102-4aaf-8d78-02a68af48232'),(105,100,2,1,5,NULL,'2022-02-20 18:19:27','2022-02-20 18:19:27','f14d6a80-e5f0-4c0c-b7c7-be3fc57cec56'),(121,2,2,6,4,NULL,'2022-02-20 18:28:12','2022-02-26 12:50:05','78f8545b-b2de-4465-a3ad-645fc7921542'),(122,2,2,6,5,0,'2022-02-20 18:28:12','2022-02-20 21:46:48','7d42f9a7-0ea4-48df-82fe-0c5aaf26e5c2'),(124,123,2,5,1,NULL,'2022-02-20 18:28:12','2022-02-20 18:28:12','e7fb2ccd-2456-4ee4-bee4-ff0eb8218e0c'),(125,123,2,6,2,NULL,'2022-02-20 18:28:12','2022-02-20 18:28:12','92da5760-daf7-455b-810c-37174ad00183'),(126,123,2,2,3,NULL,'2022-02-20 18:28:12','2022-02-20 18:28:12','1886154f-9bfa-4f2a-926f-3843a9731e23'),(127,123,2,6,4,NULL,'2022-02-20 18:28:12','2022-02-20 18:28:12','8edc315f-48f8-408c-8eb0-70c1503450b6'),(128,123,2,3,5,NULL,'2022-02-20 18:28:12','2022-02-20 18:28:12','c08bd73f-2e08-4015-8df7-282877f2e721'),(129,123,2,4,6,NULL,'2022-02-20 18:28:12','2022-02-20 18:28:12','3633c026-acc6-4387-9273-bfd9e08af65d'),(130,123,2,1,7,NULL,'2022-02-20 18:28:12','2022-02-20 18:28:12','2995d18c-0561-43d1-8987-db3b0bdc31ff'),(140,139,2,5,1,NULL,'2022-02-20 18:28:30','2022-02-20 18:28:30','0b9bddc0-8502-4b2c-8f68-783c1426eaaf'),(141,139,2,6,2,NULL,'2022-02-20 18:28:30','2022-02-20 18:28:30','4dee6b27-18b1-4d61-a1ac-99886a65a3a9'),(142,139,2,2,3,NULL,'2022-02-20 18:28:30','2022-02-20 18:28:30','89fa212b-9bf7-42b0-9a77-f0c47ea659d1'),(143,139,2,6,4,NULL,'2022-02-20 18:28:30','2022-02-20 18:28:30','6c580ea2-9ddf-4913-b155-d0554a8cb80c'),(144,139,2,3,5,NULL,'2022-02-20 18:28:30','2022-02-20 18:28:30','46c9ad25-44d7-48a1-8455-30f1b80d6ece'),(145,139,2,4,6,NULL,'2022-02-20 18:28:30','2022-02-20 18:28:30','51128b21-9ba8-4e16-bddf-7aefa6c7679c'),(146,139,2,1,7,NULL,'2022-02-20 18:28:30','2022-02-20 18:28:30','16fa9479-b624-4068-a987-0166f994be91'),(174,173,2,5,1,NULL,'2022-02-20 19:15:28','2022-02-20 19:15:28','06dcb80d-3c2e-4bb2-bf75-674072d49d03'),(175,173,2,6,2,NULL,'2022-02-20 19:15:28','2022-02-20 19:15:28','a4018cf4-664f-418c-ba68-6ee79d6a8e3f'),(176,173,2,2,3,NULL,'2022-02-20 19:15:28','2022-02-20 19:15:28','3abd79a6-0fab-4f5b-b6a2-b6cc5c7ee1a1'),(177,173,2,6,4,NULL,'2022-02-20 19:15:28','2022-02-20 19:15:28','2362b3fb-e2f1-4b98-9590-285a0c8855fd'),(178,173,2,3,5,NULL,'2022-02-20 19:15:28','2022-02-20 19:15:28','3f38123e-49b3-4c5b-ac7e-ddb121838729'),(179,173,2,4,6,NULL,'2022-02-20 19:15:28','2022-02-20 19:15:28','7d6aab73-c7b9-4584-b353-e7b3c2f643ab'),(180,173,2,1,7,NULL,'2022-02-20 19:15:28','2022-02-20 19:15:28','031e2d6b-f75f-4628-9b10-03182bd2c4f0'),(203,202,2,5,1,NULL,'2022-02-20 21:40:42','2022-02-20 21:40:42','ca4abca7-c2ce-46db-bad1-a27c83fca958'),(204,202,2,6,2,NULL,'2022-02-20 21:40:42','2022-02-20 21:40:42','653c8fa6-f5f4-4e38-b795-4f6e9f5774ba'),(205,202,2,2,3,NULL,'2022-02-20 21:40:42','2022-02-20 21:40:42','00ceb602-2566-4387-8a41-f345089fca16'),(206,202,2,6,4,NULL,'2022-02-20 21:40:42','2022-02-20 21:40:42','fa932061-4a55-49e9-af01-b75aca5831c5'),(207,202,2,3,5,NULL,'2022-02-20 21:40:42','2022-02-20 21:40:42','09fbcaf4-ba3b-4933-ae6f-6aee1e571495'),(208,202,2,4,6,NULL,'2022-02-20 21:40:42','2022-02-20 21:40:42','26f7e39a-b83d-4507-92f0-1175e0b9019c'),(209,202,2,1,7,NULL,'2022-02-20 21:40:42','2022-02-20 21:40:42','fdf90508-a580-423e-8d5e-1520b43472ea'),(257,256,2,5,1,NULL,'2022-02-20 21:46:48','2022-02-20 21:46:48','9d21a08e-cf70-48fa-a167-f815c0fd9a1c'),(258,256,2,3,2,NULL,'2022-02-20 21:46:48','2022-02-20 21:46:48','7a481e23-e681-4dd4-89cf-947d10ea39e9'),(259,256,2,6,3,NULL,'2022-02-20 21:46:48','2022-02-20 21:46:48','0a79724e-ad97-4115-8b3b-959f7962f392'),(260,256,2,2,4,NULL,'2022-02-20 21:46:48','2022-02-20 21:46:48','f737c96b-19bc-4034-80b9-98ac12a104fd'),(261,256,2,6,5,NULL,'2022-02-20 21:46:48','2022-02-20 21:46:48','fece9ff3-0617-49e3-b915-e5b480bd5bff'),(262,256,2,4,6,NULL,'2022-02-20 21:46:48','2022-02-20 21:46:48','28b1b3e5-faa0-4ce8-bf66-22cae1b804f2'),(263,256,2,1,7,NULL,'2022-02-20 21:46:48','2022-02-20 21:46:48','161584a5-1d7d-4214-bae5-739aebced7d0'),(276,275,2,5,1,NULL,'2022-02-20 21:51:30','2022-02-20 21:51:30','f9e8a5f8-2234-41bc-a5ef-c1813b186d31'),(277,275,2,3,2,NULL,'2022-02-20 21:51:30','2022-02-20 21:51:30','bd01601f-7e99-4dba-8288-e9ab75b375bc'),(278,275,2,6,3,NULL,'2022-02-20 21:51:30','2022-02-20 21:51:30','395d8cfe-88f5-4920-8ef4-e052965b7e8f'),(279,275,2,2,4,NULL,'2022-02-20 21:51:30','2022-02-20 21:51:30','ae60500e-4df6-49a0-981f-fc150b39cab5'),(280,275,2,6,5,NULL,'2022-02-20 21:51:30','2022-02-20 21:51:30','c0ba8d78-c73b-4cd5-9e51-7d458863bffb'),(281,275,2,4,6,NULL,'2022-02-20 21:51:30','2022-02-20 21:51:30','04a0a110-517d-48b2-a3e2-50ec24604499'),(282,275,2,1,7,NULL,'2022-02-20 21:51:30','2022-02-20 21:51:30','27f1cb5e-d366-496d-8250-d13588a9bc1d'),(292,291,2,5,1,NULL,'2022-02-21 21:39:58','2022-02-21 21:39:58','20d9227b-63a0-451d-87a9-461984dca311'),(293,291,2,3,2,NULL,'2022-02-21 21:39:58','2022-02-21 21:39:58','959ed0f8-6ca5-469a-8a99-89210200927b'),(294,291,2,6,3,NULL,'2022-02-21 21:39:58','2022-02-21 21:39:58','6fcd094a-b721-422b-93c8-844d38a9f55b'),(295,291,2,2,4,NULL,'2022-02-21 21:39:58','2022-02-21 21:39:58','61439ae6-3a04-44e5-aa0d-fc57cea5afec'),(296,291,2,6,5,NULL,'2022-02-21 21:39:58','2022-02-21 21:39:58','bbf2b8a8-055e-4707-b241-0767d5e5f199'),(297,291,2,4,6,NULL,'2022-02-21 21:39:58','2022-02-21 21:39:58','b4070767-1c7b-46f6-a171-7780e415dd17'),(298,291,2,1,7,NULL,'2022-02-21 21:39:58','2022-02-21 21:39:58','6d623328-975d-401e-994a-9591f643edcc'),(338,337,2,5,1,NULL,'2022-02-21 21:48:44','2022-02-21 21:48:44','df97cc26-75b8-4433-aaa3-5240ef8557b9'),(339,337,2,3,2,NULL,'2022-02-21 21:48:44','2022-02-21 21:48:44','2258634f-0396-4aff-afc9-480a4df93881'),(340,337,2,6,3,NULL,'2022-02-21 21:48:44','2022-02-21 21:48:44','8c947bbd-47bc-4528-8834-926f94fccd84'),(341,337,2,2,4,NULL,'2022-02-21 21:48:44','2022-02-21 21:48:44','fb228174-191a-4059-81f6-9855729f9141'),(342,337,2,4,5,NULL,'2022-02-21 21:48:44','2022-02-21 21:48:44','7e0346f7-89cb-4e8c-82ec-009e66a44fa4'),(343,337,2,1,6,NULL,'2022-02-21 21:48:44','2022-02-21 21:48:44','b97787cf-7cde-4614-a2d4-b1eabac82ca3'),(362,2,2,7,7,NULL,'2022-02-21 22:05:54','2022-02-26 12:51:09','8b289a17-59ab-471b-bdcc-4f41db02ab8e'),(364,363,2,5,1,NULL,'2022-02-21 22:05:54','2022-02-21 22:05:54','9d92442e-3184-48a0-8605-4b423494c5a3'),(365,363,2,3,2,NULL,'2022-02-21 22:05:54','2022-02-21 22:05:54','be19c183-de4c-428c-9e9b-4d263f4e1b55'),(366,363,2,6,3,NULL,'2022-02-21 22:05:54','2022-02-21 22:05:54','b21ea462-3027-437f-8530-5c07dd3dc89e'),(367,363,2,2,4,NULL,'2022-02-21 22:05:54','2022-02-21 22:05:54','b33c63df-0721-40df-9b09-7b57b37dfb50'),(368,363,2,4,5,NULL,'2022-02-21 22:05:54','2022-02-21 22:05:54','fcd58750-8687-4f70-8da7-e911418e18f7'),(369,363,2,1,6,NULL,'2022-02-21 22:05:54','2022-02-21 22:05:54','900d13d3-f747-49dd-b001-022df2fa17e2'),(370,363,2,7,7,NULL,'2022-02-21 22:05:54','2022-02-21 22:05:54','09a696bd-b923-496e-b41d-3b336915bbd3'),(380,379,2,5,1,NULL,'2022-02-21 22:11:47','2022-02-21 22:11:47','425108ce-075a-45ff-b532-76e963c98b32'),(381,379,2,3,2,NULL,'2022-02-21 22:11:47','2022-02-21 22:11:47','ce18938b-a3f4-4089-85a4-b8d6f83cf00f'),(382,379,2,6,3,NULL,'2022-02-21 22:11:47','2022-02-21 22:11:47','0d7b7f9a-e500-49ad-b43b-365a43d5b484'),(383,379,2,2,4,NULL,'2022-02-21 22:11:47','2022-02-21 22:11:47','3d4170a3-e885-4a43-a462-50e285b59a6c'),(384,379,2,4,5,NULL,'2022-02-21 22:11:47','2022-02-21 22:11:47','e33718a2-6dbc-48aa-a88a-42a28ee5b027'),(385,379,2,1,6,NULL,'2022-02-21 22:11:47','2022-02-21 22:11:47','7b91c0bb-8308-4970-9999-859f7b77a4e9'),(386,379,2,7,7,NULL,'2022-02-21 22:11:47','2022-02-21 22:11:47','144466aa-8572-4bc1-8ce7-0dc1761a6d2c'),(397,396,2,5,1,NULL,'2022-02-21 22:14:00','2022-02-21 22:14:00','b4d87f2c-4fdb-440f-9ad9-90e862e1d7e3'),(398,396,2,3,2,NULL,'2022-02-21 22:14:00','2022-02-21 22:14:00','e8987639-249c-4d62-93b7-05a7ddc8e1e6'),(399,396,2,6,3,NULL,'2022-02-21 22:14:00','2022-02-21 22:14:00','fe55ac34-b630-41c7-9c5d-0e47d88e2458'),(400,396,2,2,4,NULL,'2022-02-21 22:14:00','2022-02-21 22:14:00','2b956744-282b-486d-b6b1-5942f3d38b31'),(401,396,2,4,5,NULL,'2022-02-21 22:14:00','2022-02-21 22:14:00','85267473-cfa3-435a-bdf8-a3ca8af05c01'),(402,396,2,7,6,NULL,'2022-02-21 22:14:00','2022-02-21 22:14:00','907579ee-bb2d-499d-b33f-f2ac4d41967a'),(403,396,2,1,7,NULL,'2022-02-21 22:14:00','2022-02-21 22:14:00','cd973ce3-5787-45c4-a262-60bc146b46aa'),(418,417,2,5,1,NULL,'2022-02-26 11:41:46','2022-02-26 11:41:46','944e3be9-623a-4ef0-bcc0-eee5fad120cb'),(419,417,2,3,2,NULL,'2022-02-26 11:41:46','2022-02-26 11:41:46','45cc2fb2-5e91-4c4f-bfca-98911e87105a'),(420,417,2,6,3,NULL,'2022-02-26 11:41:46','2022-02-26 11:41:46','7e403ae5-f03e-4802-ac72-a7a9a669c3a3'),(421,417,2,2,4,NULL,'2022-02-26 11:41:46','2022-02-26 11:41:46','e967d2ba-85a3-4f69-8455-ba6098bc74be'),(422,417,2,4,5,NULL,'2022-02-26 11:41:46','2022-02-26 11:41:46','a6dc4a02-007c-453e-87ec-8d15054f65e9'),(423,417,2,7,6,NULL,'2022-02-26 11:41:46','2022-02-26 11:41:46','2bb07d41-84fc-4db0-a067-758f4f783974'),(424,417,2,1,7,NULL,'2022-02-26 11:41:46','2022-02-26 11:41:46','23808ccb-7ac0-4ec9-97e9-6a5aa167ddfe'),(443,2,2,9,9,NULL,'2022-02-26 11:56:20','2022-02-26 13:02:39','0dc36e4e-7b56-47c5-ae90-72126c2ef22d'),(445,444,2,5,1,NULL,'2022-02-26 11:56:24','2022-02-26 11:56:24','72a095bb-cc64-4e44-b0ea-e54b9b26b37b'),(446,444,2,9,2,NULL,'2022-02-26 11:56:24','2022-02-26 11:56:24','f0600c8a-8103-4518-a40f-5a20b77a57e0'),(447,444,2,3,3,NULL,'2022-02-26 11:56:24','2022-02-26 11:56:24','3c6c1625-46aa-41d4-aaba-c8f514607686'),(448,444,2,6,4,NULL,'2022-02-26 11:56:24','2022-02-26 11:56:24','734ebd58-62a6-4a25-92e1-642b05142ced'),(449,444,2,2,5,NULL,'2022-02-26 11:56:24','2022-02-26 11:56:24','87bc6b8b-342a-4515-a216-1ca63709618a'),(450,444,2,4,6,NULL,'2022-02-26 11:56:24','2022-02-26 11:56:24','879c35de-444e-4aee-baed-579a8bf7d858'),(451,444,2,7,7,NULL,'2022-02-26 11:56:24','2022-02-26 11:56:24','2de28d72-4eef-464b-95bc-9c1a0afc3288'),(452,444,2,1,8,NULL,'2022-02-26 11:56:24','2022-02-26 11:56:24','e73b4d0c-ca4e-4748-8aa2-fda3a25d8a16'),(463,462,2,5,1,NULL,'2022-02-26 12:24:48','2022-02-26 12:24:48','2e8d3c53-dc87-4350-b60f-25bde6eddae4'),(464,462,2,9,2,NULL,'2022-02-26 12:24:48','2022-02-26 12:24:48','16ab84c2-c1fd-488e-b2db-2b61dd0572f7'),(465,462,2,3,3,NULL,'2022-02-26 12:24:48','2022-02-26 12:24:48','4139b065-6c64-4227-930b-f52c4cd4e630'),(466,462,2,6,4,NULL,'2022-02-26 12:24:48','2022-02-26 12:24:48','444299bb-f53f-4a79-a94c-5790273f0433'),(467,462,2,2,5,NULL,'2022-02-26 12:24:48','2022-02-26 12:24:48','0d8febed-58a4-4020-986b-97849aab3557'),(468,462,2,4,6,NULL,'2022-02-26 12:24:48','2022-02-26 12:24:48','77b48b9c-6e79-4943-b1e2-306524174e02'),(469,462,2,7,7,NULL,'2022-02-26 12:24:48','2022-02-26 12:24:48','47337c7c-2c04-4abc-96c7-aa8db89727ef'),(470,462,2,1,8,NULL,'2022-02-26 12:24:48','2022-02-26 12:24:48','abb4cd92-6b9b-417b-89af-c76e4bb8aa43'),(484,483,2,5,1,NULL,'2022-02-26 12:47:16','2022-02-26 12:47:16','e1a4bbc1-2015-46ee-b704-609f179d6ca8'),(485,483,2,9,2,NULL,'2022-02-26 12:47:16','2022-02-26 12:47:16','e024fa25-987f-4c03-82ad-4e6374d5b62f'),(486,483,2,3,3,NULL,'2022-02-26 12:47:16','2022-02-26 12:47:16','38d1287a-8962-4571-8713-22e6aea0d392'),(487,483,2,6,4,NULL,'2022-02-26 12:47:16','2022-02-26 12:47:16','6c7da7e9-a5f5-4f8a-a544-db795523fc8f'),(488,483,2,2,5,NULL,'2022-02-26 12:47:16','2022-02-26 12:47:16','14d113bc-b60d-4349-a5bb-3baa829178b6'),(489,483,2,4,6,NULL,'2022-02-26 12:47:16','2022-02-26 12:47:16','26cb5a69-376d-4035-b376-1a4665dbaca5'),(490,483,2,7,7,NULL,'2022-02-26 12:47:16','2022-02-26 12:47:16','c963bc2c-e445-46c0-9d08-0b4180ba576c'),(491,483,2,1,8,NULL,'2022-02-26 12:47:16','2022-02-26 12:47:16','417249c4-79ce-4d7a-b165-b2a469b55720'),(502,501,2,5,1,NULL,'2022-02-26 12:48:58','2022-02-26 12:48:58','6ca1d761-1a5f-43ca-8e50-b7e9877dfd6c'),(503,501,2,4,2,NULL,'2022-02-26 12:48:58','2022-02-26 12:48:58','05d069a0-1b39-400b-8cd3-f109c3482deb'),(504,501,2,3,3,NULL,'2022-02-26 12:48:58','2022-02-26 12:48:58','af9498fc-3565-483a-bde7-1585bfb9bed5'),(505,501,2,2,4,NULL,'2022-02-26 12:48:58','2022-02-26 12:48:58','1753f5bd-b22a-4f8b-a7b9-fb11a3d83ede'),(506,501,2,9,5,NULL,'2022-02-26 12:48:58','2022-02-26 12:48:58','a4b6e987-405d-4f08-b1ea-fbafdd3739f7'),(507,501,2,6,6,NULL,'2022-02-26 12:48:58','2022-02-26 12:48:58','4546d0d3-95f3-4059-b04b-12a405de6f85'),(508,501,2,7,7,NULL,'2022-02-26 12:48:58','2022-02-26 12:48:58','87536e87-bb51-4ff2-9d78-6c68ee037353'),(509,501,2,1,8,NULL,'2022-02-26 12:48:58','2022-02-26 12:48:58','e85bc825-8354-43a2-85e9-e8657c627bb9'),(520,519,2,5,1,NULL,'2022-02-26 12:49:13','2022-02-26 12:49:13','fda99225-c53d-4356-9d26-0a9c68935183'),(521,519,2,3,2,NULL,'2022-02-26 12:49:13','2022-02-26 12:49:13','c2acea8d-9c08-4bec-8f29-18d8327eee5a'),(522,519,2,4,3,NULL,'2022-02-26 12:49:13','2022-02-26 12:49:13','e83701ea-4c10-47d6-8cd7-73657fc123f3'),(523,519,2,2,4,NULL,'2022-02-26 12:49:14','2022-02-26 12:49:14','2df8093c-1be1-4eab-9e33-f98c4af86ae1'),(524,519,2,9,5,NULL,'2022-02-26 12:49:14','2022-02-26 12:49:14','3f61d656-aec2-42d5-8636-7c674e09ea17'),(525,519,2,6,6,NULL,'2022-02-26 12:49:14','2022-02-26 12:49:14','bc0c34ef-fccb-46f9-8a9d-565b1d3eb38d'),(526,519,2,7,7,NULL,'2022-02-26 12:49:14','2022-02-26 12:49:14','7489480f-ea84-425a-8d78-868abc47c6a1'),(527,519,2,1,8,NULL,'2022-02-26 12:49:14','2022-02-26 12:49:14','7e306dc7-fcf2-4932-bc0c-606fc97d380d'),(538,537,2,5,1,NULL,'2022-02-26 12:50:06','2022-02-26 12:50:06','7e10eb37-1d50-4943-80ce-ccb9026d0a6a'),(539,537,2,3,2,NULL,'2022-02-26 12:50:06','2022-02-26 12:50:06','c010c795-d822-45c4-ad8d-9bd5030fc74f'),(540,537,2,4,3,NULL,'2022-02-26 12:50:06','2022-02-26 12:50:06','728ac300-f8d1-4adf-8e25-1c01465b05bc'),(541,537,2,6,4,NULL,'2022-02-26 12:50:06','2022-02-26 12:50:06','689ef331-3e6a-4e97-b6df-630d14e03878'),(542,537,2,2,5,NULL,'2022-02-26 12:50:06','2022-02-26 12:50:06','1acafde9-09e8-40ee-b3b3-ed952cb96a5c'),(543,537,2,7,6,NULL,'2022-02-26 12:50:06','2022-02-26 12:50:06','9ee435d3-ffe0-4c6a-8cd7-5c21b101de97'),(544,537,2,9,7,NULL,'2022-02-26 12:50:06','2022-02-26 12:50:06','db510039-dcb0-4b15-9533-4fa5b795a445'),(545,537,2,1,8,NULL,'2022-02-26 12:50:06','2022-02-26 12:50:06','fa8e9996-4582-4087-8fa0-5841b90e3f39'),(560,2,2,6,6,NULL,'2022-02-26 12:51:09','2022-02-26 12:51:09','be51cbeb-f901-4fcd-9476-4d3581e6d17b'),(562,561,2,5,1,NULL,'2022-02-26 12:51:10','2022-02-26 12:51:10','ee6c3ed4-b32b-4f9d-a6eb-a49928245dfd'),(563,561,2,3,2,NULL,'2022-02-26 12:51:10','2022-02-26 12:51:10','45dbd4ee-ac4a-432c-b7a7-e9ac2107f7b7'),(564,561,2,4,3,NULL,'2022-02-26 12:51:10','2022-02-26 12:51:10','6d68ef67-7bf3-4b3c-8cd4-062559ff0a90'),(565,561,2,6,4,NULL,'2022-02-26 12:51:10','2022-02-26 12:51:10','c5d4b375-ff1e-4895-8cd5-75cc17040177'),(566,561,2,2,5,NULL,'2022-02-26 12:51:10','2022-02-26 12:51:10','2c91716f-2b07-405e-9e0d-39cca5f2bb31'),(567,561,2,6,6,NULL,'2022-02-26 12:51:10','2022-02-26 12:51:10','4293c898-a742-4be5-95a2-e7f9bc1b273c'),(568,561,2,7,7,NULL,'2022-02-26 12:51:10','2022-02-26 12:51:10','c693e5cf-a616-4f48-92cc-dabaa66113e9'),(569,561,2,9,8,NULL,'2022-02-26 12:51:10','2022-02-26 12:51:10','a3225dae-beea-445a-9639-3b3c5c9c2055'),(570,561,2,1,9,NULL,'2022-02-26 12:51:10','2022-02-26 12:51:10','ce1d3760-0a56-4d9c-a23d-ed61b751807c'),(582,581,2,5,1,NULL,'2022-02-26 12:51:27','2022-02-26 12:51:27','0bad58d7-3c52-4881-907e-eaef2af60aba'),(583,581,2,3,2,NULL,'2022-02-26 12:51:27','2022-02-26 12:51:27','c9db795a-b994-41ec-998e-e9dfd931a253'),(584,581,2,4,3,NULL,'2022-02-26 12:51:27','2022-02-26 12:51:27','076c3673-c1fa-44b1-8d66-f255f87c16e1'),(585,581,2,6,4,NULL,'2022-02-26 12:51:27','2022-02-26 12:51:27','1f805dcc-c41e-4f95-afa6-7b5616bb8537'),(586,581,2,2,5,NULL,'2022-02-26 12:51:27','2022-02-26 12:51:27','605d79df-9796-4c8f-b6b1-e4b7d037fefa'),(587,581,2,6,6,NULL,'2022-02-26 12:51:27','2022-02-26 12:51:27','495f6c28-5a34-4dec-9187-6f4c22ca9e83'),(588,581,2,7,7,NULL,'2022-02-26 12:51:27','2022-02-26 12:51:27','4e2a0dfc-d353-4379-9bfe-7e060a01b69b'),(589,581,2,9,8,NULL,'2022-02-26 12:51:27','2022-02-26 12:51:27','99aa4c10-f8c5-4595-b6ce-6c81fcfc67ae'),(590,581,2,1,9,NULL,'2022-02-26 12:51:27','2022-02-26 12:51:27','3236f641-4bd5-425c-90e4-f5578524e3ca'),(602,601,2,5,1,NULL,'2022-02-26 12:51:46','2022-02-26 12:51:46','229425a0-acfa-4003-97ac-1a381b2d0449'),(603,601,2,3,2,NULL,'2022-02-26 12:51:46','2022-02-26 12:51:46','292730ef-f5bb-4813-8530-52ee888edc65'),(604,601,2,4,3,NULL,'2022-02-26 12:51:46','2022-02-26 12:51:46','90ac82ab-b7b4-460f-88a5-f57ca8961171'),(605,601,2,6,4,NULL,'2022-02-26 12:51:46','2022-02-26 12:51:46','5511a450-6ca7-4702-800d-6e1e3bec60ee'),(606,601,2,2,5,NULL,'2022-02-26 12:51:46','2022-02-26 12:51:46','1347d1ed-f2c4-4cce-ad03-40b3890209f0'),(607,601,2,6,6,NULL,'2022-02-26 12:51:46','2022-02-26 12:51:46','fdb588cf-b1ad-40e1-9fe0-41a0f89ecf15'),(608,601,2,7,7,NULL,'2022-02-26 12:51:46','2022-02-26 12:51:46','39374206-20a9-46c4-95ef-cb103c1c07cc'),(609,601,2,9,8,NULL,'2022-02-26 12:51:46','2022-02-26 12:51:46','1c89db34-103f-4ffd-a34e-6c50453446e7'),(610,601,2,1,9,NULL,'2022-02-26 12:51:46','2022-02-26 12:51:46','ce89daff-002f-4d63-b63a-0f71fd989a04'),(622,621,2,5,1,NULL,'2022-02-26 12:55:28','2022-02-26 12:55:28','0e5d6d05-cdf1-4ae6-ac6a-f497ac15366a'),(623,621,2,3,2,NULL,'2022-02-26 12:55:29','2022-02-26 12:55:29','bc0b20b9-2f31-42f2-98be-8c96ebf3306a'),(624,621,2,4,3,NULL,'2022-02-26 12:55:29','2022-02-26 12:55:29','64c22d06-6475-40cd-9130-82a6e47527e5'),(625,621,2,6,4,NULL,'2022-02-26 12:55:29','2022-02-26 12:55:29','d0c3ae25-0e7a-4d64-8ffe-292a386783cc'),(626,621,2,2,5,NULL,'2022-02-26 12:55:29','2022-02-26 12:55:29','d9ca17b2-ecc7-404f-a76c-a4afa4487a9b'),(627,621,2,6,6,NULL,'2022-02-26 12:55:29','2022-02-26 12:55:29','59851e4a-e0eb-4071-9ab1-f539d610598e'),(628,621,2,7,7,NULL,'2022-02-26 12:55:29','2022-02-26 12:55:29','869817de-a568-4929-98b2-a05b3f9f85db'),(629,621,2,9,8,NULL,'2022-02-26 12:55:29','2022-02-26 12:55:29','b8d7f937-8010-43d5-abf7-d537f809e0fb'),(630,621,2,1,9,NULL,'2022-02-26 12:55:29','2022-02-26 12:55:29','ccb9faaa-f14a-44a0-b9cd-369539283085'),(651,2,2,6,8,NULL,'2022-02-26 13:02:39','2022-02-26 13:02:39','0549797f-fff7-4d69-86d1-159633e63c6c'),(652,2,2,6,10,NULL,'2022-02-26 13:02:39','2022-02-26 13:02:39','f12396c2-71ae-4b57-9167-d7270ac1a2ec'),(654,653,2,5,1,NULL,'2022-02-26 13:02:39','2022-02-26 13:02:39','0b124114-c89a-4998-bfc6-95d6ce81d2b2'),(655,653,2,3,2,NULL,'2022-02-26 13:02:39','2022-02-26 13:02:39','4e9a85e3-5a5b-418a-9dd5-8bfe1f6b0750'),(656,653,2,4,3,NULL,'2022-02-26 13:02:39','2022-02-26 13:02:39','0c248d2f-11fd-43d1-8c52-6b9c8721e22b'),(657,653,2,6,4,NULL,'2022-02-26 13:02:39','2022-02-26 13:02:39','d43789b3-d16c-4678-8cb8-e14f0483fcbf'),(658,653,2,2,5,NULL,'2022-02-26 13:02:39','2022-02-26 13:02:39','a44e57a5-7728-46a8-b956-6714f1ab00fe'),(659,653,2,6,6,NULL,'2022-02-26 13:02:39','2022-02-26 13:02:39','063de488-15dd-4f42-8c88-c92d2993003d'),(660,653,2,7,7,NULL,'2022-02-26 13:02:39','2022-02-26 13:02:39','32628700-705a-453a-b9a2-b37897e1349e'),(661,653,2,6,8,NULL,'2022-02-26 13:02:39','2022-02-26 13:02:39','c9af7e91-ca64-4a33-92cf-46397b5b8ff9'),(662,653,2,9,9,NULL,'2022-02-26 13:02:39','2022-02-26 13:02:39','b418a3e4-f9f6-4ab6-beb9-0ec01597961b'),(663,653,2,6,10,NULL,'2022-02-26 13:02:39','2022-02-26 13:02:39','5959271d-a9d7-4f7c-ad5b-ceefbff848b7'),(664,653,2,1,11,NULL,'2022-02-26 13:02:39','2022-02-26 13:02:39','bab4e282-c8d8-43b1-9626-ba6a240ba95a'),(678,677,2,5,1,NULL,'2022-02-26 13:02:56','2022-02-26 13:02:56','2273ef3f-d562-4d5e-9dd6-cf7d80f01cd3'),(679,677,2,3,2,NULL,'2022-02-26 13:02:56','2022-02-26 13:02:56','10581f81-6822-4656-ba0b-4ac80c14f19c'),(680,677,2,4,3,NULL,'2022-02-26 13:02:56','2022-02-26 13:02:56','83b03d64-2ef5-45e6-8f93-4f36c599c911'),(681,677,2,6,4,NULL,'2022-02-26 13:02:56','2022-02-26 13:02:56','a55f3694-5f02-4dc5-afec-10f74c1e43c7'),(682,677,2,2,5,NULL,'2022-02-26 13:02:56','2022-02-26 13:02:56','2984bbc9-56a8-4143-961d-ff8a9371dc1c'),(683,677,2,6,6,NULL,'2022-02-26 13:02:56','2022-02-26 13:02:56','0cfb03cd-70e6-47ad-a152-33732ba0494e'),(684,677,2,7,7,NULL,'2022-02-26 13:02:56','2022-02-26 13:02:56','19056788-eee9-435d-aa47-26578e926c77'),(685,677,2,6,8,NULL,'2022-02-26 13:02:57','2022-02-26 13:02:57','1203a621-fb7f-4f1e-8443-e43ef64c0992'),(686,677,2,9,9,NULL,'2022-02-26 13:02:57','2022-02-26 13:02:57','837620f4-5697-4e07-83f3-1fb9b61214ee'),(687,677,2,6,10,NULL,'2022-02-26 13:02:57','2022-02-26 13:02:57','753e0b87-74df-47fb-9385-4c285c6d0328'),(688,677,2,1,11,NULL,'2022-02-26 13:02:57','2022-02-26 13:02:57','1cc8d719-a77a-4622-8ecf-e9b591241f30'),(702,701,2,5,1,NULL,'2022-02-26 13:03:10','2022-02-26 13:03:10','026372ba-7953-414a-9de3-bbcf46b5b4e9'),(703,701,2,3,2,NULL,'2022-02-26 13:03:10','2022-02-26 13:03:10','2078c2ec-bc53-4cbb-9c7a-76d87a251a70'),(704,701,2,4,3,NULL,'2022-02-26 13:03:10','2022-02-26 13:03:10','58b8eb2f-b60e-4ade-8f0a-e25fcf782a4e'),(705,701,2,6,4,NULL,'2022-02-26 13:03:10','2022-02-26 13:03:10','4f03d3db-4a75-4d03-a406-8a63af89d90f'),(706,701,2,2,5,NULL,'2022-02-26 13:03:10','2022-02-26 13:03:10','670f803c-ce16-4033-8197-b998ef24dd16'),(707,701,2,6,6,NULL,'2022-02-26 13:03:10','2022-02-26 13:03:10','9cfd05cd-fa05-44e4-bb53-3c1f07713c6f'),(708,701,2,7,7,NULL,'2022-02-26 13:03:10','2022-02-26 13:03:10','429e0c14-2a01-4fd7-b50e-72b5a9cbfeda'),(709,701,2,6,8,NULL,'2022-02-26 13:03:10','2022-02-26 13:03:10','8eb53455-9c68-487a-a14e-4ef938714a0d'),(710,701,2,9,9,NULL,'2022-02-26 13:03:10','2022-02-26 13:03:10','7e18e754-dd24-4662-9a45-58d4c53acb17'),(711,701,2,6,10,NULL,'2022-02-26 13:03:10','2022-02-26 13:03:10','83fb2694-0b0e-42f0-a04f-7219b071cc1f'),(712,701,2,1,11,NULL,'2022-02-26 13:03:10','2022-02-26 13:03:10','e8b761d0-5ffa-46f8-81e3-23395ed7758a'),(726,725,2,5,1,NULL,'2022-02-26 13:03:55','2022-02-26 13:03:55','7a52b7c5-ab30-4de2-83d5-d84680846988'),(727,725,2,3,2,NULL,'2022-02-26 13:03:55','2022-02-26 13:03:55','df0d74f7-b2a1-4e8f-9f1b-5a123fb55216'),(728,725,2,4,3,NULL,'2022-02-26 13:03:55','2022-02-26 13:03:55','6ee85544-9445-45dd-8e12-7ebcc1f180ab'),(729,725,2,6,4,NULL,'2022-02-26 13:03:55','2022-02-26 13:03:55','8316e598-b1c1-4b7e-bef2-d1391a9c5705'),(730,725,2,2,5,NULL,'2022-02-26 13:03:55','2022-02-26 13:03:55','9e3605dc-a359-4fdf-a088-34144a3db4c0'),(731,725,2,6,6,NULL,'2022-02-26 13:03:55','2022-02-26 13:03:55','0d78efcf-8e54-4f11-a4d5-fe62f3ff4e95'),(732,725,2,7,7,NULL,'2022-02-26 13:03:55','2022-02-26 13:03:55','133ee948-c834-4589-a1e8-cfaa2b88b3ce'),(733,725,2,6,8,NULL,'2022-02-26 13:03:55','2022-02-26 13:03:55','862771f9-dade-4358-99b2-28cc1002aacc'),(734,725,2,9,9,NULL,'2022-02-26 13:03:55','2022-02-26 13:03:55','92aa5760-38a3-42ce-8c45-9017b43a5e24'),(735,725,2,6,10,NULL,'2022-02-26 13:03:55','2022-02-26 13:03:55','9c349475-0c04-495a-bf19-718d21b27b81'),(736,725,2,1,11,NULL,'2022-02-26 13:03:55','2022-02-26 13:03:55','e60646e7-6784-43f7-9013-6811b324e8a6');
/*!40000 ALTER TABLE `matrixblocks` ENABLE KEYS */;
UNLOCK TABLES;

--
-- Table structure for table `matrixblocktypes`
--

DROP TABLE IF EXISTS `matrixblocktypes`;
/*!40101 SET @saved_cs_client     = @@character_set_client */;
/*!40101 SET character_set_client = utf8 */;
CREATE TABLE `matrixblocktypes` (
  `id` int(11) NOT NULL AUTO_INCREMENT,
  `fieldId` int(11) NOT NULL,
  `fieldLayoutId` int(11) DEFAULT NULL,
  `name` varchar(255) COLLATE utf8mb3_unicode_ci NOT NULL,
  `handle` varchar(255) COLLATE utf8mb3_unicode_ci NOT NULL,
  `sortOrder` smallint(6) unsigned DEFAULT NULL,
  `dateCreated` datetime NOT NULL,
  `dateUpdated` datetime NOT NULL,
  `uid` char(36) COLLATE utf8mb3_unicode_ci NOT NULL DEFAULT '0',
  PRIMARY KEY (`id`),
  KEY `idx_usxggqymzwzcbjuqylygttxhhronkdrragtg` (`name`,`fieldId`),
  KEY `idx_brdyndhyukcdtumixuouymhytuvdyfjxeknm` (`handle`,`fieldId`),
  KEY `idx_vrnddtwnvfxgxaybuoonjibfjhliezdrotnf` (`fieldId`),
  KEY `idx_firlligwyjltffbavdudriafpgzvlbnzdkrr` (`fieldLayoutId`),
  CONSTRAINT `fk_fgnybbwasebvgdtexrbzvdhtsiourkbilisd` FOREIGN KEY (`fieldId`) REFERENCES `fields` (`id`) ON DELETE CASCADE,
  CONSTRAINT `fk_nhwxzixrkqzhzbzbtuqgsyuzufbgcljgkypr` FOREIGN KEY (`fieldLayoutId`) REFERENCES `fieldlayouts` (`id`) ON DELETE SET NULL
) ENGINE=InnoDB AUTO_INCREMENT=10 DEFAULT CHARSET=utf8mb3 COLLATE=utf8mb3_unicode_ci;
/*!40101 SET character_set_client = @saved_cs_client */;

--
-- Dumping data for table `matrixblocktypes`
--

LOCK TABLES `matrixblocktypes` WRITE;
/*!40000 ALTER TABLE `matrixblocktypes` DISABLE KEYS */;
INSERT INTO `matrixblocktypes` VALUES (1,2,3,'Instagram Grid','instagramGrid',6,'2022-02-19 14:47:14','2022-02-26 11:54:50','8feb6fc3-d245-4a8d-bb00-ec9e1d05c12a'),(2,2,4,'Image Text Block','imageTextBlock',3,'2022-02-19 14:47:14','2022-02-26 11:54:50','5d853b89-8e8f-499d-9549-37c71e4b95a0'),(3,2,5,'Feature List','featureList',4,'2022-02-19 14:52:39','2022-02-26 11:54:50','e666783f-6ce0-4274-a5d6-61b1112ca24e'),(4,2,8,'Section Grid','sectionGrid',5,'2022-02-19 15:15:25','2022-02-26 11:54:50','709836f9-0e5e-40bc-97e6-08a369f3f3e8'),(5,2,10,'Slideshow','slideshow',1,'2022-02-19 22:07:33','2022-02-19 22:07:33','48b85d0b-31ca-465f-b4a8-4323237cc894'),(6,2,12,'Spacer','spacer',7,'2022-02-20 18:27:14','2022-02-26 11:54:50','abc15f34-2022-44f5-9b78-e043131f7a0e'),(7,2,13,'Central Text Section','centralTextSection',8,'2022-02-21 21:52:04','2022-02-26 11:54:50','00b25e5a-0d0d-4632-b64e-f657c13c0d93'),(8,2,14,'Testimonial','testimonial',9,'2022-02-26 11:12:02','2022-02-26 11:54:51','ba3ca3ea-4af3-4670-a5a5-4634af27c536'),(9,2,16,'Central Slideshow','centralSlideshow',2,'2022-02-26 11:54:49','2022-02-26 11:54:49','1b2d764b-336f-4530-b688-b2220820ab84');
/*!40000 ALTER TABLE `matrixblocktypes` ENABLE KEYS */;
UNLOCK TABLES;

--
-- Table structure for table `matrixcontent_pagecomponents`
--

DROP TABLE IF EXISTS `matrixcontent_pagecomponents`;
/*!40101 SET @saved_cs_client     = @@character_set_client */;
/*!40101 SET character_set_client = utf8 */;
CREATE TABLE `matrixcontent_pagecomponents` (
  `id` int(11) NOT NULL AUTO_INCREMENT,
  `elementId` int(11) NOT NULL,
  `siteId` int(11) NOT NULL,
  `dateCreated` datetime NOT NULL,
  `dateUpdated` datetime NOT NULL,
  `uid` char(36) COLLATE utf8mb3_unicode_ci NOT NULL DEFAULT '0',
  `field_instagramGrid_theme` tinyint(1) DEFAULT NULL,
  `field_imageTextBlock_imagePosition` tinyint(1) DEFAULT NULL,
  `field_imageTextBlock_blockTitle` text COLLATE utf8mb3_unicode_ci DEFAULT NULL,
  `field_imageTextBlock_blockBody` text COLLATE utf8mb3_unicode_ci DEFAULT NULL,
  `field_spacer_height` int(10) DEFAULT NULL,
  `field_instagramGrid_instagramUsername` text COLLATE utf8mb3_unicode_ci DEFAULT NULL,
  `field_spacer_colour` varchar(7) COLLATE utf8mb3_unicode_ci DEFAULT NULL,
  `field_centralTextSection_textColour` varchar(7) COLLATE utf8mb3_unicode_ci DEFAULT NULL,
  `field_centralTextSection_blockTitle` text COLLATE utf8mb3_unicode_ci DEFAULT NULL,
  `field_centralTextSection_blockBody` text COLLATE utf8mb3_unicode_ci DEFAULT NULL,
  `field_centralTextSection_backgroundColour` varchar(7) COLLATE utf8mb3_unicode_ci DEFAULT NULL,
  `field_centralTextSection_bodyBackgroundColour` varchar(7) COLLATE utf8mb3_unicode_ci DEFAULT NULL,
  `field_testimonial_testimonial` text COLLATE utf8mb3_unicode_ci DEFAULT NULL,
  `field_testimonial_customerImage` text COLLATE utf8mb3_unicode_ci DEFAULT NULL,
  `field_testimonial_textColour` varchar(7) COLLATE utf8mb3_unicode_ci DEFAULT NULL,
  `field_testimonial_customerName` text COLLATE utf8mb3_unicode_ci DEFAULT NULL,
  `field_testimonial_backgroundColour` varchar(7) COLLATE utf8mb3_unicode_ci DEFAULT NULL,
  `field_slideshow_lightOrDarkControls` tinyint(1) DEFAULT NULL,
  `field_centralSlideshow_lightOrDarkControls` tinyint(1) DEFAULT NULL,
  PRIMARY KEY (`id`),
  UNIQUE KEY `idx_pjuxcqwiplxnffubrryvqfipzojxrquryhga` (`elementId`,`siteId`),
  KEY `fk_corriujytktxmixqvtueccklrktbccbmqtjg` (`siteId`),
  CONSTRAINT `fk_cmkmqygyknrxzhxqzwfkqivjszrjunjejcdo` FOREIGN KEY (`elementId`) REFERENCES `elements` (`id`) ON DELETE CASCADE,
  CONSTRAINT `fk_corriujytktxmixqvtueccklrktbccbmqtjg` FOREIGN KEY (`siteId`) REFERENCES `sites` (`id`) ON DELETE CASCADE ON UPDATE CASCADE
) ENGINE=InnoDB AUTO_INCREMENT=538 DEFAULT CHARSET=utf8mb3 COLLATE=utf8mb3_unicode_ci;
/*!40101 SET character_set_client = @saved_cs_client */;

--
-- Dumping data for table `matrixcontent_pagecomponents`
--

LOCK TABLES `matrixcontent_pagecomponents` WRITE;
/*!40000 ALTER TABLE `matrixcontent_pagecomponents` DISABLE KEYS */;
INSERT INTO `matrixcontent_pagecomponents` VALUES (1,8,1,'2022-02-19 21:54:48','2022-02-19 21:54:48','f1f2c6ee-c8ed-478d-b55d-a390af29bcaa',1,NULL,NULL,NULL,NULL,NULL,NULL,NULL,NULL,NULL,NULL,NULL,NULL,NULL,NULL,NULL,NULL,NULL,NULL),(3,10,1,'2022-02-19 21:54:53','2022-02-26 13:03:55','f5a3d65d-e489-4725-a72a-875e6cc33f1f',1,NULL,NULL,NULL,NULL,'#trees',NULL,NULL,NULL,NULL,NULL,NULL,NULL,NULL,NULL,NULL,NULL,NULL,NULL),(4,12,1,'2022-02-19 21:54:53','2022-02-19 21:54:53','599e3d5a-6307-4691-913f-c0532de80049',0,NULL,NULL,NULL,NULL,NULL,NULL,NULL,NULL,NULL,NULL,NULL,NULL,NULL,NULL,NULL,NULL,NULL,NULL),(6,18,1,'2022-02-20 12:53:03','2022-02-20 12:53:03','124b3f24-c6b3-4ef9-9784-78506b9a479d',NULL,NULL,NULL,NULL,NULL,NULL,NULL,NULL,NULL,NULL,NULL,NULL,NULL,NULL,NULL,NULL,NULL,NULL,NULL),(8,27,1,'2022-02-20 13:06:49','2022-02-20 13:06:49','87d4ec14-1f65-42ec-8f0a-e8e0cd404104',NULL,1,NULL,NULL,NULL,NULL,NULL,NULL,NULL,NULL,NULL,NULL,NULL,NULL,NULL,NULL,NULL,NULL,NULL),(9,28,1,'2022-02-20 13:06:51','2022-02-20 13:06:51','210923c3-e90a-491d-810c-59f3a31d71bf',NULL,1,NULL,NULL,NULL,NULL,NULL,NULL,NULL,NULL,NULL,NULL,NULL,NULL,NULL,NULL,NULL,NULL,NULL),(10,29,1,'2022-02-20 13:06:51','2022-02-20 13:06:51','7ae7f4cd-7e4a-4851-9330-e1282b590fd8',NULL,NULL,NULL,NULL,NULL,NULL,NULL,NULL,NULL,NULL,NULL,NULL,NULL,NULL,NULL,NULL,NULL,NULL,NULL),(11,30,1,'2022-02-20 13:06:52','2022-02-20 13:06:52','05f7650c-0456-49bb-b88f-0801fbfdac44',NULL,1,NULL,NULL,NULL,NULL,NULL,NULL,NULL,NULL,NULL,NULL,NULL,NULL,NULL,NULL,NULL,NULL,NULL),(12,31,1,'2022-02-20 13:06:52','2022-02-20 13:06:52','1dda5f08-ff88-46ba-9b9f-bb7c2017c37e',NULL,NULL,NULL,NULL,NULL,NULL,NULL,NULL,NULL,NULL,NULL,NULL,NULL,NULL,NULL,NULL,NULL,NULL,NULL),(13,32,1,'2022-02-20 13:06:52','2022-02-20 13:06:52','18affe26-7579-45bf-8649-ff89658238c7',NULL,NULL,NULL,NULL,NULL,NULL,NULL,NULL,NULL,NULL,NULL,NULL,NULL,NULL,NULL,NULL,NULL,NULL,NULL),(14,33,1,'2022-02-20 13:06:57','2022-02-20 13:06:57','cf69fe03-4cdb-4b2d-805d-b28fb31b61b4',NULL,1,NULL,NULL,NULL,NULL,NULL,NULL,NULL,NULL,NULL,NULL,NULL,NULL,NULL,NULL,NULL,NULL,NULL),(15,34,1,'2022-02-20 13:06:57','2022-02-20 13:06:57','4a9bbe85-1c1a-4eb4-8af2-84a05e5aace1',NULL,NULL,NULL,NULL,NULL,NULL,NULL,NULL,NULL,NULL,NULL,NULL,NULL,NULL,NULL,NULL,NULL,NULL,NULL),(16,35,1,'2022-02-20 13:06:57','2022-02-20 13:06:57','3c4d905a-e470-496f-8ffa-7cf549bb311f',NULL,NULL,NULL,NULL,NULL,NULL,NULL,NULL,NULL,NULL,NULL,NULL,NULL,NULL,NULL,NULL,NULL,NULL,NULL),(17,36,1,'2022-02-20 13:07:05','2022-02-20 13:07:05','c300792a-0341-47b8-8135-4e939e3b1d14',NULL,1,NULL,NULL,NULL,NULL,NULL,NULL,NULL,NULL,NULL,NULL,NULL,NULL,NULL,NULL,NULL,NULL,NULL),(18,37,1,'2022-02-20 13:07:05','2022-02-20 13:07:05','2df71fa7-1191-48c6-b94c-b58ff9813a3a',NULL,NULL,NULL,NULL,NULL,NULL,NULL,NULL,NULL,NULL,NULL,NULL,NULL,NULL,NULL,NULL,NULL,NULL,NULL),(19,38,1,'2022-02-20 13:07:05','2022-02-20 13:07:05','3dd1f19d-8cdf-49c7-a9d4-0c177c9869b8',NULL,NULL,NULL,NULL,NULL,NULL,NULL,NULL,NULL,NULL,NULL,NULL,NULL,NULL,NULL,NULL,NULL,NULL,NULL),(20,41,1,'2022-02-20 13:07:43','2022-02-20 13:07:43','af647775-e918-4e4d-af15-907aad32b772',NULL,1,NULL,NULL,NULL,NULL,NULL,NULL,NULL,NULL,NULL,NULL,NULL,NULL,NULL,NULL,NULL,NULL,NULL),(21,42,1,'2022-02-20 13:07:43','2022-02-20 13:07:43','afaf7152-38e0-4e10-b672-90fbdea31eb7',NULL,NULL,NULL,NULL,NULL,NULL,NULL,NULL,NULL,NULL,NULL,NULL,NULL,NULL,NULL,NULL,NULL,NULL,NULL),(22,43,1,'2022-02-20 13:07:43','2022-02-20 13:07:43','12627c2a-aaa5-4976-a229-b39a8a091266',NULL,NULL,NULL,NULL,NULL,NULL,NULL,NULL,NULL,NULL,NULL,NULL,NULL,NULL,NULL,NULL,NULL,NULL,NULL),(27,50,1,'2022-02-20 13:13:18','2022-02-26 13:03:55','fb613a8b-7bf4-4121-b543-6e969fa9b785',NULL,NULL,NULL,NULL,NULL,NULL,NULL,NULL,NULL,NULL,NULL,NULL,NULL,NULL,NULL,NULL,NULL,1,NULL),(28,51,1,'2022-02-20 13:13:19','2022-02-26 13:03:55','9af2917e-e71e-4ef6-90e7-af9d9b9587b5',NULL,1,'Some Feature Here','<p>Maecenas sed diam eget risus varius blandit sit amet non magna. Cras mattis consectetur purus sit amet fermentum. Vestibulum id ligula porta felis euismod semper. Sed posuere consectetur est at lobortis.</p>',NULL,NULL,NULL,NULL,NULL,NULL,NULL,NULL,NULL,NULL,NULL,NULL,NULL,NULL,NULL),(29,52,1,'2022-02-20 13:13:19','2022-02-26 13:03:55','0858242e-0914-4c39-8722-e4a39c278521',NULL,NULL,NULL,NULL,NULL,NULL,NULL,NULL,NULL,NULL,NULL,NULL,NULL,NULL,NULL,NULL,NULL,NULL,NULL),(30,53,1,'2022-02-20 13:13:19','2022-02-26 13:03:55','b1593fca-3a79-4e32-8b26-086161cb712e',NULL,NULL,NULL,NULL,NULL,NULL,NULL,NULL,NULL,NULL,NULL,NULL,NULL,NULL,NULL,NULL,NULL,NULL,NULL),(31,55,1,'2022-02-20 13:13:19','2022-02-20 13:13:19','18d92171-7848-45c7-8bc9-9a184fb30eb5',NULL,NULL,NULL,NULL,NULL,NULL,NULL,NULL,NULL,NULL,NULL,NULL,NULL,NULL,NULL,NULL,NULL,NULL,NULL),(32,56,1,'2022-02-20 13:13:20','2022-02-20 13:13:20','b1f51b13-2157-4d78-b8cb-94f4dd5155fa',NULL,1,NULL,NULL,NULL,NULL,NULL,NULL,NULL,NULL,NULL,NULL,NULL,NULL,NULL,NULL,NULL,NULL,NULL),(33,57,1,'2022-02-20 13:13:20','2022-02-20 13:13:20','f0775d30-8003-4fd1-a9e4-0a36ef14ba10',NULL,NULL,NULL,NULL,NULL,NULL,NULL,NULL,NULL,NULL,NULL,NULL,NULL,NULL,NULL,NULL,NULL,NULL,NULL),(34,58,1,'2022-02-20 13:13:20','2022-02-20 13:13:20','e4c7b546-2333-4121-85ce-a81bc448786d',NULL,NULL,NULL,NULL,NULL,NULL,NULL,NULL,NULL,NULL,NULL,NULL,NULL,NULL,NULL,NULL,NULL,NULL,NULL),(35,59,1,'2022-02-20 13:13:20','2022-02-20 13:13:20','657ee2de-75eb-484a-8ddf-e108c188b3eb',0,NULL,NULL,NULL,NULL,NULL,NULL,NULL,NULL,NULL,NULL,NULL,NULL,NULL,NULL,NULL,NULL,NULL,NULL),(41,76,1,'2022-02-20 17:09:30','2022-02-20 17:09:30','e7ff0149-c9a9-441c-b9a9-15d57b77539d',NULL,NULL,NULL,NULL,NULL,NULL,NULL,NULL,NULL,NULL,NULL,NULL,NULL,NULL,NULL,NULL,NULL,NULL,NULL),(42,77,1,'2022-02-20 17:09:30','2022-02-20 17:09:30','d5c34dc7-3c93-425b-8243-ab15ced476f2',NULL,1,NULL,NULL,NULL,NULL,NULL,NULL,NULL,NULL,NULL,NULL,NULL,NULL,NULL,NULL,NULL,NULL,NULL),(43,78,1,'2022-02-20 17:09:30','2022-02-20 17:09:30','9365878e-9339-463b-a007-937a8c2f0d51',NULL,NULL,NULL,NULL,NULL,NULL,NULL,NULL,NULL,NULL,NULL,NULL,NULL,NULL,NULL,NULL,NULL,NULL,NULL),(44,79,1,'2022-02-20 17:09:30','2022-02-20 17:09:30','72ffc298-2bc2-4ff6-be75-985a012eab3f',NULL,NULL,NULL,NULL,NULL,NULL,NULL,NULL,NULL,NULL,NULL,NULL,NULL,NULL,NULL,NULL,NULL,NULL,NULL),(45,80,1,'2022-02-20 17:09:30','2022-02-20 17:09:30','ce9a1650-13f3-48cd-9c3c-3a3045e9cc5b',1,NULL,NULL,NULL,NULL,NULL,NULL,NULL,NULL,NULL,NULL,NULL,NULL,NULL,NULL,NULL,NULL,NULL,NULL),(51,89,1,'2022-02-20 18:18:25','2022-02-20 18:18:25','f465567b-cd21-41ea-bbc4-50fc56a44e79',NULL,NULL,NULL,NULL,NULL,NULL,NULL,NULL,NULL,NULL,NULL,NULL,NULL,NULL,NULL,NULL,NULL,NULL,NULL),(52,90,1,'2022-02-20 18:18:25','2022-02-20 18:18:25','be53d37e-4831-47ba-aba4-32a15808c889',NULL,1,NULL,NULL,NULL,NULL,NULL,NULL,NULL,NULL,NULL,NULL,NULL,NULL,NULL,NULL,NULL,NULL,NULL),(53,91,1,'2022-02-20 18:18:25','2022-02-20 18:18:25','fd9b4adf-d1ba-46ec-a549-14e005f048f6',NULL,NULL,NULL,NULL,NULL,NULL,NULL,NULL,NULL,NULL,NULL,NULL,NULL,NULL,NULL,NULL,NULL,NULL,NULL),(54,92,1,'2022-02-20 18:18:25','2022-02-20 18:18:25','4cedda5b-b332-4d60-8ac4-10dd07fa6e34',NULL,NULL,NULL,NULL,NULL,NULL,NULL,NULL,NULL,NULL,NULL,NULL,NULL,NULL,NULL,NULL,NULL,NULL,NULL),(55,93,1,'2022-02-20 18:18:25','2022-02-20 18:18:25','cd453527-66d6-4f11-b9e8-04ea4f0d5e47',1,NULL,NULL,NULL,NULL,NULL,NULL,NULL,NULL,NULL,NULL,NULL,NULL,NULL,NULL,NULL,NULL,NULL,NULL),(61,101,1,'2022-02-20 18:19:27','2022-02-20 18:19:27','ceced0d0-8fed-44b1-911b-d4a7348e0dd0',NULL,NULL,NULL,NULL,NULL,NULL,NULL,NULL,NULL,NULL,NULL,NULL,NULL,NULL,NULL,NULL,NULL,NULL,NULL),(62,102,1,'2022-02-20 18:19:27','2022-02-20 18:19:27','572af5b6-15f4-4cbe-b0fd-1eaef4c71ec0',NULL,1,'Some Feature Here','<p>Maecenas sed diam eget risus varius blandit sit amet non magna. Cras mattis consectetur purus sit amet fermentum. Vestibulum id ligula porta felis euismod semper. Sed posuere consectetur est at lobortis.</p>',NULL,NULL,NULL,NULL,NULL,NULL,NULL,NULL,NULL,NULL,NULL,NULL,NULL,NULL,NULL),(63,103,1,'2022-02-20 18:19:27','2022-02-20 18:19:27','f8edcfae-7314-4fc2-9c0d-928cb0092b6d',NULL,NULL,NULL,NULL,NULL,NULL,NULL,NULL,NULL,NULL,NULL,NULL,NULL,NULL,NULL,NULL,NULL,NULL,NULL),(64,104,1,'2022-02-20 18:19:27','2022-02-20 18:19:27','2cf0b60c-88cf-4f07-aa31-8e43b323ca9b',NULL,NULL,NULL,NULL,NULL,NULL,NULL,NULL,NULL,NULL,NULL,NULL,NULL,NULL,NULL,NULL,NULL,NULL,NULL),(65,105,1,'2022-02-20 18:19:27','2022-02-20 18:19:27','c6ebcf59-3186-4284-82af-525d4fa89d9b',1,NULL,NULL,NULL,NULL,NULL,NULL,NULL,NULL,NULL,NULL,NULL,NULL,NULL,NULL,NULL,NULL,NULL,NULL),(71,112,1,'2022-02-20 18:27:54','2022-02-20 18:27:54','fb324040-db93-4531-baf0-a99db055ab17',NULL,NULL,NULL,NULL,50,NULL,NULL,NULL,NULL,NULL,NULL,NULL,NULL,NULL,NULL,NULL,NULL,NULL,NULL),(72,113,1,'2022-02-20 18:27:56','2022-02-20 18:27:56','60939ad3-8929-4eaa-84ba-b232c6b3ece8',NULL,NULL,NULL,NULL,107,NULL,NULL,NULL,NULL,NULL,NULL,NULL,NULL,NULL,NULL,NULL,NULL,NULL,NULL),(73,114,1,'2022-02-20 18:27:59','2022-02-20 18:27:59','26e5cdf4-0ba3-468b-a358-e5f75a4d30fc',NULL,NULL,NULL,NULL,107,NULL,NULL,NULL,NULL,NULL,NULL,NULL,NULL,NULL,NULL,NULL,NULL,NULL,NULL),(74,115,1,'2022-02-20 18:28:03','2022-02-20 18:28:03','2f8ffd2b-0ac5-43e2-8b98-708624236339',NULL,NULL,NULL,NULL,107,NULL,NULL,NULL,NULL,NULL,NULL,NULL,NULL,NULL,NULL,NULL,NULL,NULL,NULL),(75,116,1,'2022-02-20 18:28:03','2022-02-20 18:28:03','5fa3746f-3a8d-4787-b763-faea9fa8e7d7',NULL,NULL,NULL,NULL,107,NULL,NULL,NULL,NULL,NULL,NULL,NULL,NULL,NULL,NULL,NULL,NULL,NULL,NULL),(76,117,1,'2022-02-20 18:28:05','2022-02-20 18:28:05','774d4610-aab5-4080-a2a3-21a5f0af3469',NULL,NULL,NULL,NULL,107,NULL,NULL,NULL,NULL,NULL,NULL,NULL,NULL,NULL,NULL,NULL,NULL,NULL,NULL),(77,118,1,'2022-02-20 18:28:05','2022-02-20 18:28:05','75e10fa2-2cfd-4ab9-a092-05c7d95c15b7',NULL,NULL,NULL,NULL,107,NULL,NULL,NULL,NULL,NULL,NULL,NULL,NULL,NULL,NULL,NULL,NULL,NULL,NULL),(80,121,1,'2022-02-20 18:28:12','2022-02-26 13:03:55','4073cad8-f6fc-4226-94f1-3ffea15ed505',NULL,NULL,NULL,NULL,60,NULL,'#dddddd',NULL,NULL,NULL,NULL,NULL,NULL,NULL,NULL,NULL,NULL,NULL,NULL),(81,122,1,'2022-02-20 18:28:12','2022-02-21 21:39:57','ee7b309a-5249-456a-bc09-d4916c86da22',NULL,NULL,NULL,NULL,30,NULL,'#7a7a7a',NULL,NULL,NULL,NULL,NULL,NULL,NULL,NULL,NULL,NULL,NULL,NULL),(82,124,1,'2022-02-20 18:28:12','2022-02-20 18:28:12','576f78e5-0dc3-46e0-8d71-47a9eb7383bc',NULL,NULL,NULL,NULL,NULL,NULL,NULL,NULL,NULL,NULL,NULL,NULL,NULL,NULL,NULL,NULL,NULL,NULL,NULL),(83,125,1,'2022-02-20 18:28:12','2022-02-20 18:28:12','f4dcdb50-c73a-4c88-8070-5270bcd4c049',NULL,NULL,NULL,NULL,107,NULL,NULL,NULL,NULL,NULL,NULL,NULL,NULL,NULL,NULL,NULL,NULL,NULL,NULL),(84,126,1,'2022-02-20 18:28:12','2022-02-20 18:28:12','9ba572fd-46b1-44cf-a7e1-a7ba1841f8de',NULL,1,'Some Feature Here','<p>Maecenas sed diam eget risus varius blandit sit amet non magna. Cras mattis consectetur purus sit amet fermentum. Vestibulum id ligula porta felis euismod semper. Sed posuere consectetur est at lobortis.</p>',NULL,NULL,NULL,NULL,NULL,NULL,NULL,NULL,NULL,NULL,NULL,NULL,NULL,NULL,NULL),(85,127,1,'2022-02-20 18:28:12','2022-02-20 18:28:12','87403134-6584-42e8-ab7c-e601ae2254b8',NULL,NULL,NULL,NULL,30,NULL,NULL,NULL,NULL,NULL,NULL,NULL,NULL,NULL,NULL,NULL,NULL,NULL,NULL),(86,128,1,'2022-02-20 18:28:12','2022-02-20 18:28:12','780419ab-5847-492c-82dc-0430294264c5',NULL,NULL,NULL,NULL,NULL,NULL,NULL,NULL,NULL,NULL,NULL,NULL,NULL,NULL,NULL,NULL,NULL,NULL,NULL),(87,129,1,'2022-02-20 18:28:12','2022-02-20 18:28:12','eb2815df-c561-4ac4-9a4e-229ffa9f146a',NULL,NULL,NULL,NULL,NULL,NULL,NULL,NULL,NULL,NULL,NULL,NULL,NULL,NULL,NULL,NULL,NULL,NULL,NULL),(88,130,1,'2022-02-20 18:28:12','2022-02-20 18:28:12','fc3cff5d-e963-4bce-8ec4-2996cf972aca',1,NULL,NULL,NULL,NULL,NULL,NULL,NULL,NULL,NULL,NULL,NULL,NULL,NULL,NULL,NULL,NULL,NULL,NULL),(96,140,1,'2022-02-20 18:28:30','2022-02-20 18:28:30','b05bfa9e-5b43-430b-813c-daf9a18f0e35',NULL,NULL,NULL,NULL,NULL,NULL,NULL,NULL,NULL,NULL,NULL,NULL,NULL,NULL,NULL,NULL,NULL,NULL,NULL),(97,141,1,'2022-02-20 18:28:30','2022-02-20 18:28:30','f45079b3-f0fc-4c12-a7f5-6fcbb3f096bf',NULL,NULL,NULL,NULL,30,NULL,NULL,NULL,NULL,NULL,NULL,NULL,NULL,NULL,NULL,NULL,NULL,NULL,NULL),(98,142,1,'2022-02-20 18:28:30','2022-02-20 18:28:30','1b7dd140-e2e8-422c-a9ba-c5544bf905c7',NULL,1,'Some Feature Here','<p>Maecenas sed diam eget risus varius blandit sit amet non magna. Cras mattis consectetur purus sit amet fermentum. Vestibulum id ligula porta felis euismod semper. Sed posuere consectetur est at lobortis.</p>',NULL,NULL,NULL,NULL,NULL,NULL,NULL,NULL,NULL,NULL,NULL,NULL,NULL,NULL,NULL),(99,143,1,'2022-02-20 18:28:30','2022-02-20 18:28:30','0123ad8d-f06d-4e32-bad4-a0b8293d0776',NULL,NULL,NULL,NULL,30,NULL,NULL,NULL,NULL,NULL,NULL,NULL,NULL,NULL,NULL,NULL,NULL,NULL,NULL),(100,144,1,'2022-02-20 18:28:30','2022-02-20 18:28:30','aaea8f42-3be2-40c0-9cbe-0ad218ce2a54',NULL,NULL,NULL,NULL,NULL,NULL,NULL,NULL,NULL,NULL,NULL,NULL,NULL,NULL,NULL,NULL,NULL,NULL,NULL),(101,145,1,'2022-02-20 18:28:30','2022-02-20 18:28:30','1a7f22fb-20c0-4421-8d71-5b50e1eacee7',NULL,NULL,NULL,NULL,NULL,NULL,NULL,NULL,NULL,NULL,NULL,NULL,NULL,NULL,NULL,NULL,NULL,NULL,NULL),(102,146,1,'2022-02-20 18:28:30','2022-02-20 18:28:30','bfc49ed5-34d3-48a6-8595-99ed98ab3323',1,NULL,NULL,NULL,NULL,NULL,NULL,NULL,NULL,NULL,NULL,NULL,NULL,NULL,NULL,NULL,NULL,NULL,NULL),(110,174,1,'2022-02-20 19:15:28','2022-02-20 19:15:28','1dd3e237-e655-4127-bd2e-a9c92ae7bf22',NULL,NULL,NULL,NULL,NULL,NULL,NULL,NULL,NULL,NULL,NULL,NULL,NULL,NULL,NULL,NULL,NULL,NULL,NULL),(111,175,1,'2022-02-20 19:15:28','2022-02-20 19:15:28','78c5277a-ba56-400c-9d1e-b26660e21642',NULL,NULL,NULL,NULL,30,NULL,NULL,NULL,NULL,NULL,NULL,NULL,NULL,NULL,NULL,NULL,NULL,NULL,NULL),(112,176,1,'2022-02-20 19:15:28','2022-02-20 19:15:28','da815969-d369-47cc-8e09-88bf12635a0a',NULL,1,'Some Feature Here','<p>Maecenas sed diam eget risus varius blandit sit amet non magna. Cras mattis consectetur purus sit amet fermentum. Vestibulum id ligula porta felis euismod semper. Sed posuere consectetur est at lobortis.</p>',NULL,NULL,NULL,NULL,NULL,NULL,NULL,NULL,NULL,NULL,NULL,NULL,NULL,NULL,NULL),(113,177,1,'2022-02-20 19:15:28','2022-02-20 19:15:28','52dad824-676b-41f2-93bd-b20b2469b291',NULL,NULL,NULL,NULL,30,NULL,NULL,NULL,NULL,NULL,NULL,NULL,NULL,NULL,NULL,NULL,NULL,NULL,NULL),(114,178,1,'2022-02-20 19:15:28','2022-02-20 19:15:28','ce3f8712-00cb-4036-bd4a-4ee87bdc8a0a',NULL,NULL,NULL,NULL,NULL,NULL,NULL,NULL,NULL,NULL,NULL,NULL,NULL,NULL,NULL,NULL,NULL,NULL,NULL),(115,179,1,'2022-02-20 19:15:28','2022-02-20 19:15:28','5e32f04a-22a2-4693-858b-d89a8ca2c745',NULL,NULL,NULL,NULL,NULL,NULL,NULL,NULL,NULL,NULL,NULL,NULL,NULL,NULL,NULL,NULL,NULL,NULL,NULL),(116,180,1,'2022-02-20 19:15:28','2022-02-20 19:15:28','00fcace6-5098-47c2-93bd-cfd1cfd78a6a',1,NULL,NULL,NULL,NULL,NULL,NULL,NULL,NULL,NULL,NULL,NULL,NULL,NULL,NULL,NULL,NULL,NULL,NULL),(124,203,1,'2022-02-20 21:40:42','2022-02-20 21:40:42','e6a20040-b236-4ec6-8aab-776c1279002b',NULL,NULL,NULL,NULL,NULL,NULL,NULL,NULL,NULL,NULL,NULL,NULL,NULL,NULL,NULL,NULL,NULL,NULL,NULL),(125,204,1,'2022-02-20 21:40:42','2022-02-20 21:40:42','7561e751-4288-4541-933a-4a4c174759e2',NULL,NULL,NULL,NULL,30,NULL,NULL,NULL,NULL,NULL,NULL,NULL,NULL,NULL,NULL,NULL,NULL,NULL,NULL),(126,205,1,'2022-02-20 21:40:42','2022-02-20 21:40:42','7a9f40c6-d3bc-4c16-8fff-0bafc63fd796',NULL,1,'Some Feature Here','<p>Maecenas sed diam eget risus varius blandit sit amet non magna. Cras mattis consectetur purus sit amet fermentum. Vestibulum id ligula porta felis euismod semper. Sed posuere consectetur est at lobortis.</p>',NULL,NULL,NULL,NULL,NULL,NULL,NULL,NULL,NULL,NULL,NULL,NULL,NULL,NULL,NULL),(127,206,1,'2022-02-20 21:40:42','2022-02-20 21:40:42','55a2d514-4ea2-41b7-a41f-b9794cd5aee8',NULL,NULL,NULL,NULL,30,NULL,NULL,NULL,NULL,NULL,NULL,NULL,NULL,NULL,NULL,NULL,NULL,NULL,NULL),(128,207,1,'2022-02-20 21:40:42','2022-02-20 21:40:42','9c617826-52ff-48ea-a5ae-f24a49f9009c',NULL,NULL,NULL,NULL,NULL,NULL,NULL,NULL,NULL,NULL,NULL,NULL,NULL,NULL,NULL,NULL,NULL,NULL,NULL),(129,208,1,'2022-02-20 21:40:42','2022-02-20 21:40:42','b810090c-df7d-4a5e-bebf-ec0d55eb1f8b',NULL,NULL,NULL,NULL,NULL,NULL,NULL,NULL,NULL,NULL,NULL,NULL,NULL,NULL,NULL,NULL,NULL,NULL,NULL),(130,209,1,'2022-02-20 21:40:42','2022-02-20 21:40:42','459e3666-4d60-47ad-a753-f250cb982535',1,NULL,NULL,NULL,NULL,'#trees',NULL,NULL,NULL,NULL,NULL,NULL,NULL,NULL,NULL,NULL,NULL,NULL,NULL),(132,242,1,'2022-02-20 21:43:48','2022-02-20 21:43:48','e542370a-3a71-45ec-b719-46074a7e08ba',NULL,NULL,NULL,NULL,30,NULL,NULL,NULL,NULL,NULL,NULL,NULL,NULL,NULL,NULL,NULL,NULL,NULL,NULL),(133,243,1,'2022-02-20 21:43:49','2022-02-20 21:43:49','294cd84c-8eb8-461b-bc4a-7a92460a47f0',NULL,1,'Some Feature Here','<p>Maecenas sed diam eget risus varius blandit sit amet non magna. Cras mattis consectetur purus sit amet fermentum. Vestibulum id ligula porta felis euismod semper. Sed posuere consectetur est at lobortis.</p>',NULL,NULL,NULL,NULL,NULL,NULL,NULL,NULL,NULL,NULL,NULL,NULL,NULL,NULL,NULL),(134,244,1,'2022-02-20 21:43:49','2022-02-20 21:43:49','fac80f36-9e45-4afb-bb90-abe61fed6b9e',NULL,NULL,NULL,NULL,30,NULL,NULL,NULL,NULL,NULL,NULL,NULL,NULL,NULL,NULL,NULL,NULL,NULL,NULL),(135,245,1,'2022-02-20 21:43:49','2022-02-20 21:43:49','8de6c9e3-8fc5-46fc-9551-19e8d190f7fd',NULL,NULL,NULL,NULL,NULL,NULL,NULL,NULL,NULL,NULL,NULL,NULL,NULL,NULL,NULL,NULL,NULL,NULL,NULL),(136,246,1,'2022-02-20 21:43:49','2022-02-20 21:43:49','533998fa-e5dc-4905-9cf5-01c48553b38c',NULL,NULL,NULL,NULL,NULL,NULL,NULL,NULL,NULL,NULL,NULL,NULL,NULL,NULL,NULL,NULL,NULL,NULL,NULL),(137,247,1,'2022-02-20 21:43:49','2022-02-20 21:43:49','7a6d8361-b80a-4c52-bc64-adda5006eab6',1,NULL,NULL,NULL,NULL,'#trees',NULL,NULL,NULL,NULL,NULL,NULL,NULL,NULL,NULL,NULL,NULL,NULL,NULL),(145,257,1,'2022-02-20 21:46:48','2022-02-20 21:46:48','7487f8e8-7a6e-41b7-a583-68d590258c71',NULL,NULL,NULL,NULL,NULL,NULL,NULL,NULL,NULL,NULL,NULL,NULL,NULL,NULL,NULL,NULL,NULL,NULL,NULL),(146,258,1,'2022-02-20 21:46:48','2022-02-20 21:46:48','c311a6d7-dc9e-45b9-8d62-d7a858836f21',NULL,NULL,NULL,NULL,NULL,NULL,NULL,NULL,NULL,NULL,NULL,NULL,NULL,NULL,NULL,NULL,NULL,NULL,NULL),(147,259,1,'2022-02-20 21:46:48','2022-02-20 21:46:48','a59a8960-2815-430e-9811-684314792c84',NULL,NULL,NULL,NULL,30,NULL,'#ffffff',NULL,NULL,NULL,NULL,NULL,NULL,NULL,NULL,NULL,NULL,NULL,NULL),(148,260,1,'2022-02-20 21:46:48','2022-02-20 21:46:48','eedbb768-a8e4-48d7-94b5-e10327b2c1aa',NULL,1,'Some Feature Here','<p>Maecenas sed diam eget risus varius blandit sit amet non magna. Cras mattis consectetur purus sit amet fermentum. Vestibulum id ligula porta felis euismod semper. Sed posuere consectetur est at lobortis.</p>',NULL,NULL,NULL,NULL,NULL,NULL,NULL,NULL,NULL,NULL,NULL,NULL,NULL,NULL,NULL),(149,261,1,'2022-02-20 21:46:48','2022-02-20 21:46:48','0fa344f6-10e1-4c2d-9112-8a5f3bdb34d0',NULL,NULL,NULL,NULL,30,NULL,'#7a7a7a',NULL,NULL,NULL,NULL,NULL,NULL,NULL,NULL,NULL,NULL,NULL,NULL),(150,262,1,'2022-02-20 21:46:48','2022-02-20 21:46:48','df4e5580-b6f4-4674-a005-9c23b8293995',NULL,NULL,NULL,NULL,NULL,NULL,NULL,NULL,NULL,NULL,NULL,NULL,NULL,NULL,NULL,NULL,NULL,NULL,NULL),(151,263,1,'2022-02-20 21:46:48','2022-02-20 21:46:48','39f32277-b2ed-47b8-aedf-5fcd70529b5d',1,NULL,NULL,NULL,NULL,'#trees',NULL,NULL,NULL,NULL,NULL,NULL,NULL,NULL,NULL,NULL,NULL,NULL,NULL),(159,276,1,'2022-02-20 21:51:30','2022-02-20 21:51:30','182fb41f-c37b-477e-a5ec-abb61c8f5ed6',NULL,NULL,NULL,NULL,NULL,NULL,NULL,NULL,NULL,NULL,NULL,NULL,NULL,NULL,NULL,NULL,NULL,NULL,NULL),(160,277,1,'2022-02-20 21:51:30','2022-02-20 21:51:30','525a8010-de48-439f-b81e-bfa2c3ffd195',NULL,NULL,NULL,NULL,NULL,NULL,NULL,NULL,NULL,NULL,NULL,NULL,NULL,NULL,NULL,NULL,NULL,NULL,NULL),(161,278,1,'2022-02-20 21:51:30','2022-02-20 21:51:30','33c03005-3647-454c-9e1b-ac134986d73c',NULL,NULL,NULL,NULL,30,NULL,'#ffffff',NULL,NULL,NULL,NULL,NULL,NULL,NULL,NULL,NULL,NULL,NULL,NULL),(162,279,1,'2022-02-20 21:51:30','2022-02-20 21:51:30','456a3f13-b176-45c1-a744-9dba06f76c94',NULL,1,'Some Feature Here','<p>Maecenas sed diam eget risus varius blandit sit amet non magna. Cras mattis consectetur purus sit amet fermentum. Vestibulum id ligula porta felis euismod semper. Sed posuere consectetur est at lobortis.</p>',NULL,NULL,NULL,NULL,NULL,NULL,NULL,NULL,NULL,NULL,NULL,NULL,NULL,NULL,NULL),(163,280,1,'2022-02-20 21:51:30','2022-02-20 21:51:30','a01d56a8-529d-4b7d-96e6-df881786740b',NULL,NULL,NULL,NULL,30,NULL,'#7a7a7a',NULL,NULL,NULL,NULL,NULL,NULL,NULL,NULL,NULL,NULL,NULL,NULL),(164,281,1,'2022-02-20 21:51:30','2022-02-20 21:51:30','9007edac-c625-4e65-9c5a-7feeffbe9f4a',NULL,NULL,NULL,NULL,NULL,NULL,NULL,NULL,NULL,NULL,NULL,NULL,NULL,NULL,NULL,NULL,NULL,NULL,NULL),(165,282,1,'2022-02-20 21:51:30','2022-02-20 21:51:30','d1a0b9ec-0e88-463f-9757-6ea5aaa2d8c5',1,NULL,NULL,NULL,NULL,'#trees',NULL,NULL,NULL,NULL,NULL,NULL,NULL,NULL,NULL,NULL,NULL,NULL,NULL),(173,292,1,'2022-02-21 21:39:58','2022-02-21 21:39:58','728f7f74-661e-414a-93a5-8e2de3b5364d',NULL,NULL,NULL,NULL,NULL,NULL,NULL,NULL,NULL,NULL,NULL,NULL,NULL,NULL,NULL,NULL,NULL,NULL,NULL),(174,293,1,'2022-02-21 21:39:58','2022-02-21 21:39:58','d0d145af-f95f-4baa-9d83-df93d6fc3f58',NULL,NULL,NULL,NULL,NULL,NULL,NULL,NULL,NULL,NULL,NULL,NULL,NULL,NULL,NULL,NULL,NULL,NULL,NULL),(175,294,1,'2022-02-21 21:39:58','2022-02-21 21:39:58','d30192ea-085d-4a01-9aad-d575c91efc96',NULL,NULL,NULL,NULL,30,NULL,'#ffffff',NULL,NULL,NULL,NULL,NULL,NULL,NULL,NULL,NULL,NULL,NULL,NULL),(176,295,1,'2022-02-21 21:39:58','2022-02-21 21:39:58','d16911ec-9647-4c38-a6eb-49b543261ce5',NULL,1,'Some Feature Here','<p>Maecenas sed diam eget risus varius blandit sit amet non magna. Cras mattis consectetur purus sit amet fermentum. Vestibulum id ligula porta felis euismod semper. Sed posuere consectetur est at lobortis.</p>',NULL,NULL,NULL,NULL,NULL,NULL,NULL,NULL,NULL,NULL,NULL,NULL,NULL,NULL,NULL),(177,296,1,'2022-02-21 21:39:58','2022-02-21 21:39:58','6c990d9f-0214-4538-a56f-507a1cf6a295',NULL,NULL,NULL,NULL,30,NULL,'#7a7a7a',NULL,NULL,NULL,NULL,NULL,NULL,NULL,NULL,NULL,NULL,NULL,NULL),(178,297,1,'2022-02-21 21:39:58','2022-02-21 21:39:58','eb692f6e-059a-4783-9c9b-881bdfaed175',NULL,NULL,NULL,NULL,NULL,NULL,NULL,NULL,NULL,NULL,NULL,NULL,NULL,NULL,NULL,NULL,NULL,NULL,NULL),(179,298,1,'2022-02-21 21:39:58','2022-02-21 21:39:58','f3b7a4c3-d3ec-4c0f-8439-a6086540a54d',1,NULL,NULL,NULL,NULL,'#trees',NULL,NULL,NULL,NULL,NULL,NULL,NULL,NULL,NULL,NULL,NULL,NULL,NULL),(184,334,1,'2022-02-21 21:48:30','2022-02-21 21:48:30','cf874879-aedf-49a4-9922-d8dbf7fb006d',NULL,NULL,NULL,NULL,30,NULL,'#7a7a7a',NULL,NULL,NULL,NULL,NULL,NULL,NULL,NULL,NULL,NULL,NULL,NULL),(187,338,1,'2022-02-21 21:48:44','2022-02-21 21:48:44','04dbcca9-67ba-4475-9545-f01f34945c7d',NULL,NULL,NULL,NULL,NULL,NULL,NULL,NULL,NULL,NULL,NULL,NULL,NULL,NULL,NULL,NULL,NULL,NULL,NULL),(188,339,1,'2022-02-21 21:48:44','2022-02-21 21:48:44','ef360f19-f0f6-48c8-99f0-d8aa0e993aea',NULL,NULL,NULL,NULL,NULL,NULL,NULL,NULL,NULL,NULL,NULL,NULL,NULL,NULL,NULL,NULL,NULL,NULL,NULL),(189,340,1,'2022-02-21 21:48:44','2022-02-21 21:48:44','b2ca57cf-86f4-4cc3-a051-4fd7ce57d090',NULL,NULL,NULL,NULL,30,NULL,'#ffffff',NULL,NULL,NULL,NULL,NULL,NULL,NULL,NULL,NULL,NULL,NULL,NULL),(190,341,1,'2022-02-21 21:48:44','2022-02-21 21:48:44','bd000945-d42f-4e01-8652-6ac33491abdb',NULL,1,'Some Feature Here','<p>Maecenas sed diam eget risus varius blandit sit amet non magna. Cras mattis consectetur purus sit amet fermentum. Vestibulum id ligula porta felis euismod semper. Sed posuere consectetur est at lobortis.</p>',NULL,NULL,NULL,NULL,NULL,NULL,NULL,NULL,NULL,NULL,NULL,NULL,NULL,NULL,NULL),(191,342,1,'2022-02-21 21:48:44','2022-02-21 21:48:44','90d10a9f-18e8-4c8b-b0dd-c60cd1a360c1',NULL,NULL,NULL,NULL,NULL,NULL,NULL,NULL,NULL,NULL,NULL,NULL,NULL,NULL,NULL,NULL,NULL,NULL,NULL),(192,343,1,'2022-02-21 21:48:44','2022-02-21 21:48:44','4bd07682-d112-419e-b169-b0eb17b79f6a',1,NULL,NULL,NULL,NULL,'#trees',NULL,NULL,NULL,NULL,NULL,NULL,NULL,NULL,NULL,NULL,NULL,NULL,NULL),(199,351,1,'2022-02-21 22:05:06','2022-02-21 22:05:06','0f6bd3dc-10fe-4759-82cf-5d2b2a449b0b',NULL,NULL,NULL,NULL,NULL,NULL,NULL,'#000000',NULL,NULL,'#cccccc',NULL,NULL,NULL,NULL,NULL,NULL,NULL,NULL),(200,352,1,'2022-02-21 22:05:13','2022-02-21 22:05:13','79f765ec-2199-4bac-9b40-7e0a0831b5de',NULL,NULL,NULL,NULL,NULL,NULL,NULL,'#fffff',NULL,NULL,'#cccccc',NULL,NULL,NULL,NULL,NULL,NULL,NULL,NULL),(201,353,1,'2022-02-21 22:05:15','2022-02-21 22:05:15','b40f21f8-e510-4be2-84aa-2afbeec7a740',NULL,NULL,NULL,NULL,NULL,NULL,NULL,NULL,NULL,NULL,'#cccccc',NULL,NULL,NULL,NULL,NULL,NULL,NULL,NULL),(202,354,1,'2022-02-21 22:05:17','2022-02-21 22:05:17','e147bff1-0b81-40be-95bf-42518d5ba794',NULL,NULL,NULL,NULL,NULL,NULL,NULL,'#000000',NULL,NULL,'#cccccc',NULL,NULL,NULL,NULL,NULL,NULL,NULL,NULL),(203,355,1,'2022-02-21 22:05:22','2022-02-21 22:05:22','bf5d93cb-83b4-43d7-be61-49340d2511b6',NULL,NULL,NULL,NULL,NULL,NULL,NULL,'#000000','Centr',NULL,'#cccccc',NULL,NULL,NULL,NULL,NULL,NULL,NULL,NULL),(204,356,1,'2022-02-21 22:05:24','2022-02-21 22:05:24','60f4d085-bc21-4904-b59f-916ec786e87d',NULL,NULL,NULL,NULL,NULL,NULL,NULL,'#000000','Central Se',NULL,'#cccccc',NULL,NULL,NULL,NULL,NULL,NULL,NULL,NULL),(205,357,1,'2022-02-21 22:05:26','2022-02-21 22:05:26','d157fd59-9a66-47da-b549-23f4a98e42b3',NULL,NULL,NULL,NULL,NULL,NULL,NULL,'#000000','Central Section',NULL,'#cccccc',NULL,NULL,NULL,NULL,NULL,NULL,NULL,NULL),(206,358,1,'2022-02-21 22:05:34','2022-02-21 22:05:34','97b25c9a-4bbf-402f-b67e-d6489a63e9fc',NULL,NULL,NULL,NULL,NULL,NULL,NULL,'#000000','Central Section','<p>Curabitur blandit tempus porttitor. Donec sed odio dui. Maecenas sed diam eget risus varius blandit sit amet non magna.</p>','#cccccc',NULL,NULL,NULL,NULL,NULL,NULL,NULL,NULL),(207,359,1,'2022-02-21 22:05:45','2022-02-21 22:05:45','4f5df8b9-dd81-4650-867a-b3aff4abd6b9',NULL,NULL,NULL,NULL,NULL,NULL,NULL,'#000000','Central Section','<p>Curabitur blandit tempus porttitor. Donec sed odio dui. Maecenas sed diam eget risus varius blandit sit amet non magna.</p>','#c2',NULL,NULL,NULL,NULL,NULL,NULL,NULL,NULL),(208,360,1,'2022-02-21 22:05:49','2022-02-21 22:05:49','f7e6c2ba-670c-45a1-b6e0-b65570c23f14',NULL,NULL,NULL,NULL,NULL,NULL,NULL,'#000000','Central Section','<p>Curabitur blandit tempus porttitor. Donec sed odio dui. Maecenas sed diam eget risus varius blandit sit amet non magna.</p>','#c2e46',NULL,NULL,NULL,NULL,NULL,NULL,NULL,NULL),(210,362,1,'2022-02-21 22:05:54','2022-02-26 13:03:55','9934ae93-06dc-4659-b41f-222fd92b35c4',NULL,NULL,NULL,NULL,NULL,NULL,NULL,'#000000','Central Section','<p>Curabitur blandit tempus porttitor. Donec sed odio dui. Maecenas sed diam eget risus varius blandit sit amet non magna.</p>','#c2e46b','#ffffff',NULL,NULL,NULL,NULL,NULL,NULL,NULL),(211,364,1,'2022-02-21 22:05:54','2022-02-21 22:05:54','c1c67c90-487d-4c92-b9e1-0eebbb5dc2d3',NULL,NULL,NULL,NULL,NULL,NULL,NULL,NULL,NULL,NULL,NULL,NULL,NULL,NULL,NULL,NULL,NULL,NULL,NULL),(212,365,1,'2022-02-21 22:05:54','2022-02-21 22:05:54','0fde4908-abf7-45e7-b848-ed0ff7e0c3a9',NULL,NULL,NULL,NULL,NULL,NULL,NULL,NULL,NULL,NULL,NULL,NULL,NULL,NULL,NULL,NULL,NULL,NULL,NULL),(213,366,1,'2022-02-21 22:05:54','2022-02-21 22:05:54','c16848a6-3910-4d00-8da3-964cd1db11ea',NULL,NULL,NULL,NULL,30,NULL,'#ffffff',NULL,NULL,NULL,NULL,NULL,NULL,NULL,NULL,NULL,NULL,NULL,NULL),(214,367,1,'2022-02-21 22:05:54','2022-02-21 22:05:54','0427de32-bab5-4fc0-afa6-e6a62db2ab48',NULL,1,'Some Feature Here','<p>Maecenas sed diam eget risus varius blandit sit amet non magna. Cras mattis consectetur purus sit amet fermentum. Vestibulum id ligula porta felis euismod semper. Sed posuere consectetur est at lobortis.</p>',NULL,NULL,NULL,NULL,NULL,NULL,NULL,NULL,NULL,NULL,NULL,NULL,NULL,NULL,NULL),(215,368,1,'2022-02-21 22:05:54','2022-02-21 22:05:54','9a1aacff-264e-42b0-9e97-010074785de5',NULL,NULL,NULL,NULL,NULL,NULL,NULL,NULL,NULL,NULL,NULL,NULL,NULL,NULL,NULL,NULL,NULL,NULL,NULL),(216,369,1,'2022-02-21 22:05:54','2022-02-21 22:05:54','66b6c10e-a6f5-4fd1-9626-e71f8511f918',1,NULL,NULL,NULL,NULL,'#trees',NULL,NULL,NULL,NULL,NULL,NULL,NULL,NULL,NULL,NULL,NULL,NULL,NULL),(217,370,1,'2022-02-21 22:05:54','2022-02-21 22:05:54','0f4b3d9b-ed44-48a2-88dc-6e14e606f237',NULL,NULL,NULL,NULL,NULL,NULL,NULL,'#000000','Central Section','<p>Curabitur blandit tempus porttitor. Donec sed odio dui. Maecenas sed diam eget risus varius blandit sit amet non magna.</p>','#c2e46b',NULL,NULL,NULL,NULL,NULL,NULL,NULL,NULL),(225,380,1,'2022-02-21 22:11:47','2022-02-21 22:11:47','54e0e99d-da38-4123-80b9-4da86e7226b3',NULL,NULL,NULL,NULL,NULL,NULL,NULL,NULL,NULL,NULL,NULL,NULL,NULL,NULL,NULL,NULL,NULL,NULL,NULL),(226,381,1,'2022-02-21 22:11:47','2022-02-21 22:11:47','285f18a3-3ac4-43cf-9b93-db0ff1fe8138',NULL,NULL,NULL,NULL,NULL,NULL,NULL,NULL,NULL,NULL,NULL,NULL,NULL,NULL,NULL,NULL,NULL,NULL,NULL),(227,382,1,'2022-02-21 22:11:47','2022-02-21 22:11:47','36a144c3-d9eb-4a25-9498-f53e74650a87',NULL,NULL,NULL,NULL,30,NULL,'#ffffff',NULL,NULL,NULL,NULL,NULL,NULL,NULL,NULL,NULL,NULL,NULL,NULL),(228,383,1,'2022-02-21 22:11:47','2022-02-21 22:11:47','5901cedd-cc87-42dc-b44c-405569c90aad',NULL,1,'Some Feature Here','<p>Maecenas sed diam eget risus varius blandit sit amet non magna. Cras mattis consectetur purus sit amet fermentum. Vestibulum id ligula porta felis euismod semper. Sed posuere consectetur est at lobortis.</p>',NULL,NULL,NULL,NULL,NULL,NULL,NULL,NULL,NULL,NULL,NULL,NULL,NULL,NULL,NULL),(229,384,1,'2022-02-21 22:11:47','2022-02-21 22:11:47','653abc35-5842-41a7-8ad1-06f01648496f',NULL,NULL,NULL,NULL,NULL,NULL,NULL,NULL,NULL,NULL,NULL,NULL,NULL,NULL,NULL,NULL,NULL,NULL,NULL),(230,385,1,'2022-02-21 22:11:47','2022-02-21 22:11:47','a86f392c-f3ff-4889-86cd-4b73eec3223d',1,NULL,NULL,NULL,NULL,'#trees',NULL,NULL,NULL,NULL,NULL,NULL,NULL,NULL,NULL,NULL,NULL,NULL,NULL),(231,386,1,'2022-02-21 22:11:47','2022-02-21 22:11:47','5858e5d4-5012-471e-9b74-254e25d67c0a',NULL,NULL,NULL,NULL,NULL,NULL,NULL,'#000000','Central Section','<p>Curabitur blandit tempus porttitor. Donec sed odio dui. Maecenas sed diam eget risus varius blandit sit amet non magna.</p>','#c2e46b','#ffffff',NULL,NULL,NULL,NULL,NULL,NULL,NULL),(239,397,1,'2022-02-21 22:14:00','2022-02-21 22:14:00','b4531357-f748-4c00-9798-91a3cd389626',NULL,NULL,NULL,NULL,NULL,NULL,NULL,NULL,NULL,NULL,NULL,NULL,NULL,NULL,NULL,NULL,NULL,NULL,NULL),(240,398,1,'2022-02-21 22:14:00','2022-02-21 22:14:00','6c86a7fe-de7f-46a8-8694-faea7e8a78ca',NULL,NULL,NULL,NULL,NULL,NULL,NULL,NULL,NULL,NULL,NULL,NULL,NULL,NULL,NULL,NULL,NULL,NULL,NULL),(241,399,1,'2022-02-21 22:14:00','2022-02-21 22:14:00','b202a04b-55e2-4b3e-8f1f-37491e347306',NULL,NULL,NULL,NULL,30,NULL,'#ffffff',NULL,NULL,NULL,NULL,NULL,NULL,NULL,NULL,NULL,NULL,NULL,NULL),(242,400,1,'2022-02-21 22:14:00','2022-02-21 22:14:00','325daf1b-43a0-4d72-b011-d03b236ab88c',NULL,1,'Some Feature Here','<p>Maecenas sed diam eget risus varius blandit sit amet non magna. Cras mattis consectetur purus sit amet fermentum. Vestibulum id ligula porta felis euismod semper. Sed posuere consectetur est at lobortis.</p>',NULL,NULL,NULL,NULL,NULL,NULL,NULL,NULL,NULL,NULL,NULL,NULL,NULL,NULL,NULL),(243,401,1,'2022-02-21 22:14:00','2022-02-21 22:14:00','ea25963d-a258-4f33-91ea-19e38eef999a',NULL,NULL,NULL,NULL,NULL,NULL,NULL,NULL,NULL,NULL,NULL,NULL,NULL,NULL,NULL,NULL,NULL,NULL,NULL),(244,402,1,'2022-02-21 22:14:00','2022-02-21 22:14:00','a80f159e-5431-49e9-955a-496ed86fbddc',NULL,NULL,NULL,NULL,NULL,NULL,NULL,'#000000','Central Section','<p>Curabitur blandit tempus porttitor. Donec sed odio dui. Maecenas sed diam eget risus varius blandit sit amet non magna.</p>','#c2e46b','#ffffff',NULL,NULL,NULL,NULL,NULL,NULL,NULL),(245,403,1,'2022-02-21 22:14:00','2022-02-21 22:14:00','bcc51a1a-2eb5-4ac2-8249-f415caf74497',1,NULL,NULL,NULL,NULL,'#trees',NULL,NULL,NULL,NULL,NULL,NULL,NULL,NULL,NULL,NULL,NULL,NULL,NULL),(253,418,1,'2022-02-26 11:41:46','2022-02-26 11:41:46','c472c8e0-d413-4108-bfa9-98bf036c8de1',NULL,NULL,NULL,NULL,NULL,NULL,NULL,NULL,NULL,NULL,NULL,NULL,NULL,NULL,NULL,NULL,NULL,1,NULL),(254,419,1,'2022-02-26 11:41:46','2022-02-26 11:41:46','0e51dc82-cd56-456d-b7f6-498b17ba93f2',NULL,NULL,NULL,NULL,NULL,NULL,NULL,NULL,NULL,NULL,NULL,NULL,NULL,NULL,NULL,NULL,NULL,NULL,NULL),(255,420,1,'2022-02-26 11:41:46','2022-02-26 11:41:46','119765b2-3d1e-450a-8960-e0ec1396286e',NULL,NULL,NULL,NULL,30,NULL,'#ffffff',NULL,NULL,NULL,NULL,NULL,NULL,NULL,NULL,NULL,NULL,NULL,NULL),(256,421,1,'2022-02-26 11:41:46','2022-02-26 11:41:46','fdcf4243-f6be-4014-bdd0-18bd0a199efd',NULL,1,'Some Feature Here','<p>Maecenas sed diam eget risus varius blandit sit amet non magna. Cras mattis consectetur purus sit amet fermentum. Vestibulum id ligula porta felis euismod semper. Sed posuere consectetur est at lobortis.</p>',NULL,NULL,NULL,NULL,NULL,NULL,NULL,NULL,NULL,NULL,NULL,NULL,NULL,NULL,NULL),(257,422,1,'2022-02-26 11:41:46','2022-02-26 11:41:46','a5c4e0ba-3225-4944-bdef-42bafd4f5e88',NULL,NULL,NULL,NULL,NULL,NULL,NULL,NULL,NULL,NULL,NULL,NULL,NULL,NULL,NULL,NULL,NULL,NULL,NULL),(258,423,1,'2022-02-26 11:41:46','2022-02-26 11:41:46','a220272c-885a-4f90-aefb-ceec59f95d37',NULL,NULL,NULL,NULL,NULL,NULL,NULL,'#000000','Central Section','<p>Curabitur blandit tempus porttitor. Donec sed odio dui. Maecenas sed diam eget risus varius blandit sit amet non magna.</p>','#c2e46b','#ffffff',NULL,NULL,NULL,NULL,NULL,NULL,NULL),(259,424,1,'2022-02-26 11:41:46','2022-02-26 11:41:46','5b42e9c8-6352-4b6e-82a9-81812f5e0542',1,NULL,NULL,NULL,NULL,'#trees',NULL,NULL,NULL,NULL,NULL,NULL,NULL,NULL,NULL,NULL,NULL,NULL,NULL),(267,433,1,'2022-02-26 11:50:03','2022-02-26 11:50:03','dd120812-724a-49ca-9357-10f1db821da7',NULL,NULL,NULL,NULL,NULL,NULL,NULL,'#000000',NULL,NULL,'#cccccc','#ffffff',NULL,NULL,NULL,NULL,NULL,NULL,NULL),(268,434,1,'2022-02-26 11:55:00','2022-02-26 11:55:00','be4d77e5-b9f4-4d79-b651-7f6319b811ac',NULL,NULL,NULL,NULL,NULL,NULL,NULL,NULL,NULL,NULL,NULL,NULL,NULL,NULL,NULL,NULL,NULL,NULL,0),(269,435,1,'2022-02-26 11:55:09','2022-02-26 11:55:09','aefdfbeb-1104-4556-971c-6849bffdd9e7',NULL,NULL,NULL,NULL,NULL,NULL,NULL,NULL,NULL,NULL,NULL,NULL,NULL,NULL,NULL,NULL,NULL,NULL,0),(270,436,1,'2022-02-26 11:55:09','2022-02-26 11:55:09','4b8c1527-fa5f-4187-9f64-ba778196adab',NULL,NULL,NULL,NULL,NULL,NULL,NULL,NULL,NULL,NULL,NULL,NULL,NULL,NULL,NULL,NULL,NULL,NULL,0),(271,437,1,'2022-02-26 11:55:12','2022-02-26 11:55:12','36a11c1b-2476-4473-b6dd-6487f603b3f7',NULL,NULL,NULL,NULL,NULL,NULL,NULL,NULL,NULL,NULL,NULL,NULL,NULL,NULL,NULL,NULL,NULL,NULL,0),(272,438,1,'2022-02-26 11:55:14','2022-02-26 11:55:14','76b02d29-0594-4f3d-8ff1-7174b3b48d9f',NULL,NULL,NULL,NULL,NULL,NULL,NULL,NULL,NULL,NULL,NULL,NULL,NULL,NULL,NULL,NULL,NULL,NULL,0),(274,443,1,'2022-02-26 11:56:20','2022-02-26 13:03:55','bac7f02f-f4f8-419f-aa05-ddc6c9361f2c',NULL,NULL,NULL,NULL,NULL,NULL,NULL,NULL,NULL,NULL,NULL,NULL,NULL,NULL,NULL,NULL,NULL,NULL,0),(275,445,1,'2022-02-26 11:56:24','2022-02-26 11:56:24','3be679f7-194b-4e31-aa46-a7e49fe1a68e',NULL,NULL,NULL,NULL,NULL,NULL,NULL,NULL,NULL,NULL,NULL,NULL,NULL,NULL,NULL,NULL,NULL,1,NULL),(276,446,1,'2022-02-26 11:56:24','2022-02-26 11:56:24','69915400-0550-4cb5-b993-aa48b4b2961d',NULL,NULL,NULL,NULL,NULL,NULL,NULL,NULL,NULL,NULL,NULL,NULL,NULL,NULL,NULL,NULL,NULL,NULL,0),(277,447,1,'2022-02-26 11:56:24','2022-02-26 11:56:24','e3e34b45-621a-49bf-8321-0dd7f8319336',NULL,NULL,NULL,NULL,NULL,NULL,NULL,NULL,NULL,NULL,NULL,NULL,NULL,NULL,NULL,NULL,NULL,NULL,NULL),(278,448,1,'2022-02-26 11:56:24','2022-02-26 11:56:24','e08db81a-04e2-4b00-b0ab-85d702e828d4',NULL,NULL,NULL,NULL,30,NULL,'#ffffff',NULL,NULL,NULL,NULL,NULL,NULL,NULL,NULL,NULL,NULL,NULL,NULL),(279,449,1,'2022-02-26 11:56:24','2022-02-26 11:56:24','300adb7c-d8f0-4065-94fd-6fc1c48ddf3e',NULL,1,'Some Feature Here','<p>Maecenas sed diam eget risus varius blandit sit amet non magna. Cras mattis consectetur purus sit amet fermentum. Vestibulum id ligula porta felis euismod semper. Sed posuere consectetur est at lobortis.</p>',NULL,NULL,NULL,NULL,NULL,NULL,NULL,NULL,NULL,NULL,NULL,NULL,NULL,NULL,NULL),(280,450,1,'2022-02-26 11:56:24','2022-02-26 11:56:24','6997e024-3806-4ee0-b6c4-557945de196b',NULL,NULL,NULL,NULL,NULL,NULL,NULL,NULL,NULL,NULL,NULL,NULL,NULL,NULL,NULL,NULL,NULL,NULL,NULL),(281,451,1,'2022-02-26 11:56:24','2022-02-26 11:56:24','2377d758-bbc4-4bd5-9e8e-ebd60da52143',NULL,NULL,NULL,NULL,NULL,NULL,NULL,'#000000','Central Section','<p>Curabitur blandit tempus porttitor. Donec sed odio dui. Maecenas sed diam eget risus varius blandit sit amet non magna.</p>','#c2e46b','#ffffff',NULL,NULL,NULL,NULL,NULL,NULL,NULL),(282,452,1,'2022-02-26 11:56:24','2022-02-26 11:56:24','cbd12ef6-36c1-4c67-92a4-ef9e268197ca',1,NULL,NULL,NULL,NULL,'#trees',NULL,NULL,NULL,NULL,NULL,NULL,NULL,NULL,NULL,NULL,NULL,NULL,NULL),(291,463,1,'2022-02-26 12:24:48','2022-02-26 12:24:48','0e6bd67a-528e-48f3-b438-429f55b9c25e',NULL,NULL,NULL,NULL,NULL,NULL,NULL,NULL,NULL,NULL,NULL,NULL,NULL,NULL,NULL,NULL,NULL,1,NULL),(292,464,1,'2022-02-26 12:24:48','2022-02-26 12:24:48','89f22f73-677c-49a4-80d6-6ba10bf034f8',NULL,NULL,NULL,NULL,NULL,NULL,NULL,NULL,NULL,NULL,NULL,NULL,NULL,NULL,NULL,NULL,NULL,NULL,1),(293,465,1,'2022-02-26 12:24:48','2022-02-26 12:24:48','f1ee665d-5156-468b-8e35-7ee0d77bc936',NULL,NULL,NULL,NULL,NULL,NULL,NULL,NULL,NULL,NULL,NULL,NULL,NULL,NULL,NULL,NULL,NULL,NULL,NULL),(294,466,1,'2022-02-26 12:24:48','2022-02-26 12:24:48','b2e19b66-94a6-4caa-8078-cf8768e24fe8',NULL,NULL,NULL,NULL,30,NULL,'#ffffff',NULL,NULL,NULL,NULL,NULL,NULL,NULL,NULL,NULL,NULL,NULL,NULL),(295,467,1,'2022-02-26 12:24:48','2022-02-26 12:24:48','177b9f9e-c290-43d2-a31f-fecc1db7ac8d',NULL,1,'Some Feature Here','<p>Maecenas sed diam eget risus varius blandit sit amet non magna. Cras mattis consectetur purus sit amet fermentum. Vestibulum id ligula porta felis euismod semper. Sed posuere consectetur est at lobortis.</p>',NULL,NULL,NULL,NULL,NULL,NULL,NULL,NULL,NULL,NULL,NULL,NULL,NULL,NULL,NULL),(296,468,1,'2022-02-26 12:24:48','2022-02-26 12:24:48','f0e67f6b-40a0-420c-9c60-1c1eb1ea47ac',NULL,NULL,NULL,NULL,NULL,NULL,NULL,NULL,NULL,NULL,NULL,NULL,NULL,NULL,NULL,NULL,NULL,NULL,NULL),(297,469,1,'2022-02-26 12:24:48','2022-02-26 12:24:48','b0740eaa-3f13-4421-8947-8803c0b62fd8',NULL,NULL,NULL,NULL,NULL,NULL,NULL,'#000000','Central Section','<p>Curabitur blandit tempus porttitor. Donec sed odio dui. Maecenas sed diam eget risus varius blandit sit amet non magna.</p>','#c2e46b','#ffffff',NULL,NULL,NULL,NULL,NULL,NULL,NULL),(298,470,1,'2022-02-26 12:24:48','2022-02-26 12:24:48','8de9df25-b36d-4eae-b456-ba67c47451c4',1,NULL,NULL,NULL,NULL,'#trees',NULL,NULL,NULL,NULL,NULL,NULL,NULL,NULL,NULL,NULL,NULL,NULL,NULL),(307,484,1,'2022-02-26 12:47:16','2022-02-26 12:47:16','0165dc4f-2077-41ef-8d67-ab0bd3ecffcd',NULL,NULL,NULL,NULL,NULL,NULL,NULL,NULL,NULL,NULL,NULL,NULL,NULL,NULL,NULL,NULL,NULL,1,NULL),(308,485,1,'2022-02-26 12:47:16','2022-02-26 12:47:16','8a8a12a0-d333-4607-8a47-111a3e8cf2fd',NULL,NULL,NULL,NULL,NULL,NULL,NULL,NULL,NULL,NULL,NULL,NULL,NULL,NULL,NULL,NULL,NULL,NULL,1),(309,486,1,'2022-02-26 12:47:16','2022-02-26 12:47:16','ec1cf91f-6958-4e0f-abfa-d5b002a137e8',NULL,NULL,NULL,NULL,NULL,NULL,NULL,NULL,NULL,NULL,NULL,NULL,NULL,NULL,NULL,NULL,NULL,NULL,NULL),(310,487,1,'2022-02-26 12:47:16','2022-02-26 12:47:16','c4dd08b3-b2fe-4e3e-ac3a-4053836d3122',NULL,NULL,NULL,NULL,30,NULL,'#ffffff',NULL,NULL,NULL,NULL,NULL,NULL,NULL,NULL,NULL,NULL,NULL,NULL),(311,488,1,'2022-02-26 12:47:16','2022-02-26 12:47:16','4931f6eb-2a0e-466b-80b4-9cd4f5945507',NULL,1,'Some Feature Here','<p>Maecenas sed diam eget risus varius blandit sit amet non magna. Cras mattis consectetur purus sit amet fermentum. Vestibulum id ligula porta felis euismod semper. Sed posuere consectetur est at lobortis.</p>',NULL,NULL,NULL,NULL,NULL,NULL,NULL,NULL,NULL,NULL,NULL,NULL,NULL,NULL,NULL),(312,489,1,'2022-02-26 12:47:16','2022-02-26 12:47:16','985bfec3-da3f-4904-860b-4d1916858a7e',NULL,NULL,NULL,NULL,NULL,NULL,NULL,NULL,NULL,NULL,NULL,NULL,NULL,NULL,NULL,NULL,NULL,NULL,NULL),(313,490,1,'2022-02-26 12:47:16','2022-02-26 12:47:16','7e9b0e3f-3698-41a6-9f02-54978af5d69c',NULL,NULL,NULL,NULL,NULL,NULL,NULL,'#000000','Central Section','<p>Curabitur blandit tempus porttitor. Donec sed odio dui. Maecenas sed diam eget risus varius blandit sit amet non magna.</p>','#c2e46b','#ffffff',NULL,NULL,NULL,NULL,NULL,NULL,NULL),(314,491,1,'2022-02-26 12:47:16','2022-02-26 12:47:16','ba14f542-636a-4d7c-9b13-82d18bae5e31',1,NULL,NULL,NULL,NULL,'#trees',NULL,NULL,NULL,NULL,NULL,NULL,NULL,NULL,NULL,NULL,NULL,NULL,NULL),(323,502,1,'2022-02-26 12:48:58','2022-02-26 12:48:58','891e974b-9bcc-4444-9767-4e85046d126a',NULL,NULL,NULL,NULL,NULL,NULL,NULL,NULL,NULL,NULL,NULL,NULL,NULL,NULL,NULL,NULL,NULL,1,NULL),(324,503,1,'2022-02-26 12:48:58','2022-02-26 12:48:58','8c500ff6-ef68-4f6c-ba19-201e15ba5acf',NULL,NULL,NULL,NULL,NULL,NULL,NULL,NULL,NULL,NULL,NULL,NULL,NULL,NULL,NULL,NULL,NULL,NULL,NULL),(325,504,1,'2022-02-26 12:48:58','2022-02-26 12:48:58','738b6043-0215-4553-b922-d940a14d3c26',NULL,NULL,NULL,NULL,NULL,NULL,NULL,NULL,NULL,NULL,NULL,NULL,NULL,NULL,NULL,NULL,NULL,NULL,NULL),(326,505,1,'2022-02-26 12:48:58','2022-02-26 12:48:58','dde9b206-8714-407a-9b81-d2a9baa13072',NULL,1,'Some Feature Here','<p>Maecenas sed diam eget risus varius blandit sit amet non magna. Cras mattis consectetur purus sit amet fermentum. Vestibulum id ligula porta felis euismod semper. Sed posuere consectetur est at lobortis.</p>',NULL,NULL,NULL,NULL,NULL,NULL,NULL,NULL,NULL,NULL,NULL,NULL,NULL,NULL,NULL),(327,506,1,'2022-02-26 12:48:58','2022-02-26 12:48:58','40a86b0a-f2ed-4e27-9c39-b8377c4b0632',NULL,NULL,NULL,NULL,NULL,NULL,NULL,NULL,NULL,NULL,NULL,NULL,NULL,NULL,NULL,NULL,NULL,NULL,1),(328,507,1,'2022-02-26 12:48:58','2022-02-26 12:48:58','10c26416-469b-4167-a1dc-b59b69f2cccb',NULL,NULL,NULL,NULL,30,NULL,'#ffffff',NULL,NULL,NULL,NULL,NULL,NULL,NULL,NULL,NULL,NULL,NULL,NULL),(329,508,1,'2022-02-26 12:48:58','2022-02-26 12:48:58','832ae785-903b-4f46-8694-ab9ac4ee52ba',NULL,NULL,NULL,NULL,NULL,NULL,NULL,'#000000','Central Section','<p>Curabitur blandit tempus porttitor. Donec sed odio dui. Maecenas sed diam eget risus varius blandit sit amet non magna.</p>','#c2e46b','#ffffff',NULL,NULL,NULL,NULL,NULL,NULL,NULL),(330,509,1,'2022-02-26 12:48:58','2022-02-26 12:48:58','6220054d-442d-45b1-97dd-47b6effa199a',1,NULL,NULL,NULL,NULL,'#trees',NULL,NULL,NULL,NULL,NULL,NULL,NULL,NULL,NULL,NULL,NULL,NULL,NULL),(339,520,1,'2022-02-26 12:49:13','2022-02-26 12:49:13','34ae31b4-11b9-45c3-8b2b-7d394680b041',NULL,NULL,NULL,NULL,NULL,NULL,NULL,NULL,NULL,NULL,NULL,NULL,NULL,NULL,NULL,NULL,NULL,1,NULL),(340,521,1,'2022-02-26 12:49:13','2022-02-26 12:49:13','840c652a-c563-4390-94f5-74d81b2a4a72',NULL,NULL,NULL,NULL,NULL,NULL,NULL,NULL,NULL,NULL,NULL,NULL,NULL,NULL,NULL,NULL,NULL,NULL,NULL),(341,522,1,'2022-02-26 12:49:13','2022-02-26 12:49:13','292240db-0606-4174-b794-cb0e0494882e',NULL,NULL,NULL,NULL,NULL,NULL,NULL,NULL,NULL,NULL,NULL,NULL,NULL,NULL,NULL,NULL,NULL,NULL,NULL),(342,523,1,'2022-02-26 12:49:14','2022-02-26 12:49:14','92862e54-7869-425f-8f52-a317ed3a2854',NULL,1,'Some Feature Here','<p>Maecenas sed diam eget risus varius blandit sit amet non magna. Cras mattis consectetur purus sit amet fermentum. Vestibulum id ligula porta felis euismod semper. Sed posuere consectetur est at lobortis.</p>',NULL,NULL,NULL,NULL,NULL,NULL,NULL,NULL,NULL,NULL,NULL,NULL,NULL,NULL,NULL),(343,524,1,'2022-02-26 12:49:14','2022-02-26 12:49:14','0e29a81d-6e04-4d9b-ad17-e88e9a5b6612',NULL,NULL,NULL,NULL,NULL,NULL,NULL,NULL,NULL,NULL,NULL,NULL,NULL,NULL,NULL,NULL,NULL,NULL,1),(344,525,1,'2022-02-26 12:49:14','2022-02-26 12:49:14','6584932a-eb03-459a-9209-1908611b2da0',NULL,NULL,NULL,NULL,30,NULL,'#ffffff',NULL,NULL,NULL,NULL,NULL,NULL,NULL,NULL,NULL,NULL,NULL,NULL),(345,526,1,'2022-02-26 12:49:14','2022-02-26 12:49:14','2536893a-b6ee-464c-9375-b85d2f97f76c',NULL,NULL,NULL,NULL,NULL,NULL,NULL,'#000000','Central Section','<p>Curabitur blandit tempus porttitor. Donec sed odio dui. Maecenas sed diam eget risus varius blandit sit amet non magna.</p>','#c2e46b','#ffffff',NULL,NULL,NULL,NULL,NULL,NULL,NULL),(346,527,1,'2022-02-26 12:49:14','2022-02-26 12:49:14','792b1784-c1ca-43b8-9871-fa9f8a6f7aef',1,NULL,NULL,NULL,NULL,'#trees',NULL,NULL,NULL,NULL,NULL,NULL,NULL,NULL,NULL,NULL,NULL,NULL,NULL),(355,538,1,'2022-02-26 12:50:06','2022-02-26 12:50:06','aeaf59dc-941f-439f-bfa9-ccfaef737239',NULL,NULL,NULL,NULL,NULL,NULL,NULL,NULL,NULL,NULL,NULL,NULL,NULL,NULL,NULL,NULL,NULL,1,NULL),(356,539,1,'2022-02-26 12:50:06','2022-02-26 12:50:06','94051be7-ea8a-4fee-9f68-1a52403ce4b3',NULL,NULL,NULL,NULL,NULL,NULL,NULL,NULL,NULL,NULL,NULL,NULL,NULL,NULL,NULL,NULL,NULL,NULL,NULL),(357,540,1,'2022-02-26 12:50:06','2022-02-26 12:50:06','3af3ff82-127b-4acb-9722-3edee97a9409',NULL,NULL,NULL,NULL,NULL,NULL,NULL,NULL,NULL,NULL,NULL,NULL,NULL,NULL,NULL,NULL,NULL,NULL,NULL),(358,541,1,'2022-02-26 12:50:06','2022-02-26 12:50:06','e9110d0d-7372-4ce2-9a45-3c9d70acdfd8',NULL,NULL,NULL,NULL,60,NULL,'#dddddd',NULL,NULL,NULL,NULL,NULL,NULL,NULL,NULL,NULL,NULL,NULL,NULL),(359,542,1,'2022-02-26 12:50:06','2022-02-26 12:50:06','8e1c201d-cb32-43b6-9cf5-65681ce78dbe',NULL,1,'Some Feature Here','<p>Maecenas sed diam eget risus varius blandit sit amet non magna. Cras mattis consectetur purus sit amet fermentum. Vestibulum id ligula porta felis euismod semper. Sed posuere consectetur est at lobortis.</p>',NULL,NULL,NULL,NULL,NULL,NULL,NULL,NULL,NULL,NULL,NULL,NULL,NULL,NULL,NULL),(360,543,1,'2022-02-26 12:50:06','2022-02-26 12:50:06','fa8808e8-1aac-4d7c-b672-476392ff2109',NULL,NULL,NULL,NULL,NULL,NULL,NULL,'#000000','Central Section','<p>Curabitur blandit tempus porttitor. Donec sed odio dui. Maecenas sed diam eget risus varius blandit sit amet non magna.</p>','#c2e46b','#ffffff',NULL,NULL,NULL,NULL,NULL,NULL,NULL),(361,544,1,'2022-02-26 12:50:06','2022-02-26 12:50:06','40ce1469-c0bf-4041-a19b-daa02898a9fd',NULL,NULL,NULL,NULL,NULL,NULL,NULL,NULL,NULL,NULL,NULL,NULL,NULL,NULL,NULL,NULL,NULL,NULL,1),(362,545,1,'2022-02-26 12:50:06','2022-02-26 12:50:06','c92dfdd6-0df3-4e50-b2e3-d471eb73c639',1,NULL,NULL,NULL,NULL,'#trees',NULL,NULL,NULL,NULL,NULL,NULL,NULL,NULL,NULL,NULL,NULL,NULL,NULL),(371,555,1,'2022-02-26 12:50:54','2022-02-26 12:50:54','76cca10d-4020-4f2c-b434-5d96f1515450',NULL,NULL,NULL,NULL,50,NULL,'#ffffff',NULL,NULL,NULL,NULL,NULL,NULL,NULL,NULL,NULL,NULL,NULL,NULL),(372,556,1,'2022-02-26 12:50:55','2022-02-26 12:50:55','59495dce-ea8b-4172-b67a-ad43e73b629a',NULL,NULL,NULL,NULL,547,NULL,'#ffffff',NULL,NULL,NULL,NULL,NULL,NULL,NULL,NULL,NULL,NULL,NULL,NULL),(373,557,1,'2022-02-26 12:50:59','2022-02-26 12:50:59','01b4ac16-83de-416e-84a3-848ef0fe620f',NULL,NULL,NULL,NULL,547,NULL,'#ffffff',NULL,NULL,NULL,NULL,NULL,NULL,NULL,NULL,NULL,NULL,NULL,NULL),(374,558,1,'2022-02-26 12:51:04','2022-02-26 12:51:04','2951ac43-8ff8-4fef-8151-1a64187736ca',NULL,NULL,NULL,NULL,60,NULL,'#ffffff',NULL,NULL,NULL,NULL,NULL,NULL,NULL,NULL,NULL,NULL,NULL,NULL),(376,560,1,'2022-02-26 12:51:09','2022-02-26 13:03:55','a4e8b663-ddc0-4358-8994-a7be7c7492cb',NULL,NULL,NULL,NULL,60,NULL,'#dddddd',NULL,NULL,NULL,NULL,NULL,NULL,NULL,NULL,NULL,NULL,NULL,NULL),(377,562,1,'2022-02-26 12:51:10','2022-02-26 12:51:10','6519d772-fe3c-46bb-8b99-46f35d111b16',NULL,NULL,NULL,NULL,NULL,NULL,NULL,NULL,NULL,NULL,NULL,NULL,NULL,NULL,NULL,NULL,NULL,1,NULL),(378,563,1,'2022-02-26 12:51:10','2022-02-26 12:51:10','e064d64c-ccf5-4088-aa7b-53c2d14591f7',NULL,NULL,NULL,NULL,NULL,NULL,NULL,NULL,NULL,NULL,NULL,NULL,NULL,NULL,NULL,NULL,NULL,NULL,NULL),(379,564,1,'2022-02-26 12:51:10','2022-02-26 12:51:10','1c6f6914-c5dc-431c-abec-4364eb9f2c67',NULL,NULL,NULL,NULL,NULL,NULL,NULL,NULL,NULL,NULL,NULL,NULL,NULL,NULL,NULL,NULL,NULL,NULL,NULL),(380,565,1,'2022-02-26 12:51:10','2022-02-26 12:51:10','9aedb3a4-c185-4b70-904e-f83cab4a2ea0',NULL,NULL,NULL,NULL,60,NULL,'#dddddd',NULL,NULL,NULL,NULL,NULL,NULL,NULL,NULL,NULL,NULL,NULL,NULL),(381,566,1,'2022-02-26 12:51:10','2022-02-26 12:51:10','cc2b601e-4b60-4623-90ca-8795e74834fe',NULL,1,'Some Feature Here','<p>Maecenas sed diam eget risus varius blandit sit amet non magna. Cras mattis consectetur purus sit amet fermentum. Vestibulum id ligula porta felis euismod semper. Sed posuere consectetur est at lobortis.</p>',NULL,NULL,NULL,NULL,NULL,NULL,NULL,NULL,NULL,NULL,NULL,NULL,NULL,NULL,NULL),(382,567,1,'2022-02-26 12:51:10','2022-02-26 12:51:10','30dc7e16-dd28-4901-8684-b2adab507815',NULL,NULL,NULL,NULL,60,NULL,'#dddddd',NULL,NULL,NULL,NULL,NULL,NULL,NULL,NULL,NULL,NULL,NULL,NULL),(383,568,1,'2022-02-26 12:51:10','2022-02-26 12:51:10','a18435db-2204-495c-bb54-3c9eba07c82b',NULL,NULL,NULL,NULL,NULL,NULL,NULL,'#000000','Central Section','<p>Curabitur blandit tempus porttitor. Donec sed odio dui. Maecenas sed diam eget risus varius blandit sit amet non magna.</p>','#c2e46b','#ffffff',NULL,NULL,NULL,NULL,NULL,NULL,NULL),(384,569,1,'2022-02-26 12:51:10','2022-02-26 12:51:10','10788ce1-ed45-46fd-8722-ddd86a439e36',NULL,NULL,NULL,NULL,NULL,NULL,NULL,NULL,NULL,NULL,NULL,NULL,NULL,NULL,NULL,NULL,NULL,NULL,1),(385,570,1,'2022-02-26 12:51:10','2022-02-26 12:51:10','55ff82d2-5e0e-4ff8-a7a6-196d1a9fa1b0',1,NULL,NULL,NULL,NULL,'#trees',NULL,NULL,NULL,NULL,NULL,NULL,NULL,NULL,NULL,NULL,NULL,NULL,NULL),(395,582,1,'2022-02-26 12:51:27','2022-02-26 12:51:27','2f2e5abd-d314-41f6-ac31-1642226c0ae2',NULL,NULL,NULL,NULL,NULL,NULL,NULL,NULL,NULL,NULL,NULL,NULL,NULL,NULL,NULL,NULL,NULL,1,NULL),(396,583,1,'2022-02-26 12:51:27','2022-02-26 12:51:27','2cfe87e2-e97e-4ba4-852f-7bccc4774170',NULL,NULL,NULL,NULL,NULL,NULL,NULL,NULL,NULL,NULL,NULL,NULL,NULL,NULL,NULL,NULL,NULL,NULL,NULL),(397,584,1,'2022-02-26 12:51:27','2022-02-26 12:51:27','8437a64b-40f6-480d-91e1-891ecd2d3e2d',NULL,NULL,NULL,NULL,NULL,NULL,NULL,NULL,NULL,NULL,NULL,NULL,NULL,NULL,NULL,NULL,NULL,NULL,NULL),(398,585,1,'2022-02-26 12:51:27','2022-02-26 12:51:27','e7069428-fb08-461a-b2fe-ebf23c32a8b3',NULL,NULL,NULL,NULL,60,NULL,'#dddddd',NULL,NULL,NULL,NULL,NULL,NULL,NULL,NULL,NULL,NULL,NULL,NULL),(399,586,1,'2022-02-26 12:51:27','2022-02-26 12:51:27','fcd20fbf-6e11-4c74-9131-72aa65326a66',NULL,1,'Some Feature Here','<p>Maecenas sed diam eget risus varius blandit sit amet non magna. Cras mattis consectetur purus sit amet fermentum. Vestibulum id ligula porta felis euismod semper. Sed posuere consectetur est at lobortis.</p>',NULL,NULL,NULL,NULL,NULL,NULL,NULL,NULL,NULL,NULL,NULL,NULL,NULL,NULL,NULL),(400,587,1,'2022-02-26 12:51:27','2022-02-26 12:51:27','8e7aed33-d4ee-46ec-b397-6a174ffcf005',NULL,NULL,NULL,NULL,60,NULL,'#dddddd',NULL,NULL,NULL,NULL,NULL,NULL,NULL,NULL,NULL,NULL,NULL,NULL),(401,588,1,'2022-02-26 12:51:27','2022-02-26 12:51:27','ac16f3e6-dfaa-4525-8b9d-4432afe66c60',NULL,NULL,NULL,NULL,NULL,NULL,NULL,'#000000','Central Section','<p>Curabitur blandit tempus porttitor. Donec sed odio dui. Maecenas sed diam eget risus varius blandit sit amet non magna.</p>','#c2e46b','#ffffff',NULL,NULL,NULL,NULL,NULL,NULL,NULL),(402,589,1,'2022-02-26 12:51:27','2022-02-26 12:51:27','b07f9893-271b-49d3-9de4-ec9eb4c2d433',NULL,NULL,NULL,NULL,NULL,NULL,NULL,NULL,NULL,NULL,NULL,NULL,NULL,NULL,NULL,NULL,NULL,NULL,1),(403,590,1,'2022-02-26 12:51:27','2022-02-26 12:51:27','d6e6ce72-3df2-499b-b2da-26ec37e9ff96',0,NULL,NULL,NULL,NULL,'#trees',NULL,NULL,NULL,NULL,NULL,NULL,NULL,NULL,NULL,NULL,NULL,NULL,NULL),(413,602,1,'2022-02-26 12:51:46','2022-02-26 12:51:46','95f19c5d-77b6-48de-bc78-844e9829666f',NULL,NULL,NULL,NULL,NULL,NULL,NULL,NULL,NULL,NULL,NULL,NULL,NULL,NULL,NULL,NULL,NULL,1,NULL),(414,603,1,'2022-02-26 12:51:46','2022-02-26 12:51:46','9d081e21-b460-4002-b276-07a9386520d0',NULL,NULL,NULL,NULL,NULL,NULL,NULL,NULL,NULL,NULL,NULL,NULL,NULL,NULL,NULL,NULL,NULL,NULL,NULL),(415,604,1,'2022-02-26 12:51:46','2022-02-26 12:51:46','952fbccd-291d-490e-92e8-7e9a636b81b5',NULL,NULL,NULL,NULL,NULL,NULL,NULL,NULL,NULL,NULL,NULL,NULL,NULL,NULL,NULL,NULL,NULL,NULL,NULL),(416,605,1,'2022-02-26 12:51:46','2022-02-26 12:51:46','0267d83a-56cc-47bf-b21d-608a48179170',NULL,NULL,NULL,NULL,60,NULL,'#dddddd',NULL,NULL,NULL,NULL,NULL,NULL,NULL,NULL,NULL,NULL,NULL,NULL),(417,606,1,'2022-02-26 12:51:46','2022-02-26 12:51:46','295c42a2-7410-4cec-8bc5-5d903812c0b0',NULL,1,'Some Feature Here','<p>Maecenas sed diam eget risus varius blandit sit amet non magna. Cras mattis consectetur purus sit amet fermentum. Vestibulum id ligula porta felis euismod semper. Sed posuere consectetur est at lobortis.</p>',NULL,NULL,NULL,NULL,NULL,NULL,NULL,NULL,NULL,NULL,NULL,NULL,NULL,NULL,NULL),(418,607,1,'2022-02-26 12:51:46','2022-02-26 12:51:46','8507d6b2-7d3c-4548-bcdf-41e142a10556',NULL,NULL,NULL,NULL,60,NULL,'#dddddd',NULL,NULL,NULL,NULL,NULL,NULL,NULL,NULL,NULL,NULL,NULL,NULL),(419,608,1,'2022-02-26 12:51:46','2022-02-26 12:51:46','b75f04eb-449b-44a0-8d0b-24c1777d6f9c',NULL,NULL,NULL,NULL,NULL,NULL,NULL,'#000000','Central Section','<p>Curabitur blandit tempus porttitor. Donec sed odio dui. Maecenas sed diam eget risus varius blandit sit amet non magna.</p>','#c2e46b','#ffffff',NULL,NULL,NULL,NULL,NULL,NULL,NULL),(420,609,1,'2022-02-26 12:51:46','2022-02-26 12:51:46','c2d8d2e4-31e9-4423-b6bf-7f6779e61ed4',NULL,NULL,NULL,NULL,NULL,NULL,NULL,NULL,NULL,NULL,NULL,NULL,NULL,NULL,NULL,NULL,NULL,NULL,0),(421,610,1,'2022-02-26 12:51:46','2022-02-26 12:51:46','48abc863-b661-4f2b-9726-8feeb06af7cb',0,NULL,NULL,NULL,NULL,'#trees',NULL,NULL,NULL,NULL,NULL,NULL,NULL,NULL,NULL,NULL,NULL,NULL,NULL),(431,622,1,'2022-02-26 12:55:28','2022-02-26 12:55:28','6e59c962-682c-4ccb-9d32-41ee8f7c707e',NULL,NULL,NULL,NULL,NULL,NULL,NULL,NULL,NULL,NULL,NULL,NULL,NULL,NULL,NULL,NULL,NULL,1,NULL),(432,623,1,'2022-02-26 12:55:29','2022-02-26 12:55:29','df733d23-3da6-472a-b119-b0351db4b771',NULL,NULL,NULL,NULL,NULL,NULL,NULL,NULL,NULL,NULL,NULL,NULL,NULL,NULL,NULL,NULL,NULL,NULL,NULL),(433,624,1,'2022-02-26 12:55:29','2022-02-26 12:55:29','c3a86506-e0a7-4ee0-8a32-4a0efd86ca88',NULL,NULL,NULL,NULL,NULL,NULL,NULL,NULL,NULL,NULL,NULL,NULL,NULL,NULL,NULL,NULL,NULL,NULL,NULL),(434,625,1,'2022-02-26 12:55:29','2022-02-26 12:55:29','27602816-89fa-406b-b085-a0fa93de054e',NULL,NULL,NULL,NULL,60,NULL,'#dddddd',NULL,NULL,NULL,NULL,NULL,NULL,NULL,NULL,NULL,NULL,NULL,NULL),(435,626,1,'2022-02-26 12:55:29','2022-02-26 12:55:29','ca6da974-e471-48ee-8b25-0bc9b6ddd6fc',NULL,1,'Some Feature Here','<p>Maecenas sed diam eget risus varius blandit sit amet non magna. Cras mattis consectetur purus sit amet fermentum. Vestibulum id ligula porta felis euismod semper. Sed posuere consectetur est at lobortis.</p>',NULL,NULL,NULL,NULL,NULL,NULL,NULL,NULL,NULL,NULL,NULL,NULL,NULL,NULL,NULL),(436,627,1,'2022-02-26 12:55:29','2022-02-26 12:55:29','16693384-1309-4786-9b92-65db19fbc88d',NULL,NULL,NULL,NULL,60,NULL,'#dddddd',NULL,NULL,NULL,NULL,NULL,NULL,NULL,NULL,NULL,NULL,NULL,NULL),(437,628,1,'2022-02-26 12:55:29','2022-02-26 12:55:29','9086950e-1d49-4f24-a84b-6f61e7ef4330',NULL,NULL,NULL,NULL,NULL,NULL,NULL,'#000000','Central Section','<p>Curabitur blandit tempus porttitor. Donec sed odio dui. Maecenas sed diam eget risus varius blandit sit amet non magna.</p>','#c2e46b','#ffffff',NULL,NULL,NULL,NULL,NULL,NULL,NULL),(438,629,1,'2022-02-26 12:55:29','2022-02-26 12:55:29','ed48de7a-9c0e-476b-9347-a56415de19a5',NULL,NULL,NULL,NULL,NULL,NULL,NULL,NULL,NULL,NULL,NULL,NULL,NULL,NULL,NULL,NULL,NULL,NULL,0),(439,630,1,'2022-02-26 12:55:29','2022-02-26 12:55:29','9cb2aea5-6d5c-4451-813d-d457cd53a553',1,NULL,NULL,NULL,NULL,'#trees',NULL,NULL,NULL,NULL,NULL,NULL,NULL,NULL,NULL,NULL,NULL,NULL,NULL),(449,641,1,'2022-02-26 13:01:14','2022-02-26 13:01:14','42c2b800-b936-47f5-857f-08f1941ec8db',NULL,NULL,NULL,NULL,50,NULL,'#ffffff',NULL,NULL,NULL,NULL,NULL,NULL,NULL,NULL,NULL,NULL,NULL,NULL),(450,642,1,'2022-02-26 13:01:16','2022-02-26 13:01:16','03b19f82-ae40-48f3-8620-f9beeb39cfe0',NULL,NULL,NULL,NULL,632,NULL,'#ffffff',NULL,NULL,NULL,NULL,NULL,NULL,NULL,NULL,NULL,NULL,NULL,NULL),(451,643,1,'2022-02-26 13:01:20','2022-02-26 13:01:20','c80e713b-fb86-40bf-826e-28100afe53c6',NULL,NULL,NULL,NULL,632,NULL,'#ffffff',NULL,NULL,NULL,NULL,NULL,NULL,NULL,NULL,NULL,NULL,NULL,NULL),(452,644,1,'2022-02-26 13:01:20','2022-02-26 13:01:20','4f30921b-8872-4f2d-973e-2f4656885f8a',NULL,NULL,NULL,NULL,632,NULL,'#ffffff',NULL,NULL,NULL,NULL,NULL,NULL,NULL,NULL,NULL,NULL,NULL,NULL),(453,645,1,'2022-02-26 13:01:22','2022-02-26 13:01:22','e7e09e97-0241-4cb5-a24c-48f7bc4e9111',NULL,NULL,NULL,NULL,632,NULL,'#ffffff',NULL,NULL,NULL,NULL,NULL,NULL,NULL,NULL,NULL,NULL,NULL,NULL),(454,646,1,'2022-02-26 13:01:22','2022-02-26 13:01:22','9075cdc1-26e5-4d9e-aec4-cf756f8c0550',NULL,NULL,NULL,NULL,632,NULL,'#ffffff',NULL,NULL,NULL,NULL,NULL,NULL,NULL,NULL,NULL,NULL,NULL,NULL),(455,647,1,'2022-02-26 13:01:24','2022-02-26 13:01:24','f271cef1-4770-4aff-8f1e-18e5a58359e3',NULL,NULL,NULL,NULL,632,NULL,'#ffffff',NULL,NULL,NULL,NULL,NULL,NULL,NULL,NULL,NULL,NULL,NULL,NULL),(456,648,1,'2022-02-26 13:01:24','2022-02-26 13:01:24','8c69e1c8-7f57-4500-b0da-d7ca9a31878d',NULL,NULL,NULL,NULL,632,NULL,'#ffffff',NULL,NULL,NULL,NULL,NULL,NULL,NULL,NULL,NULL,NULL,NULL,NULL),(459,651,1,'2022-02-26 13:02:39','2022-02-26 13:03:55','0c746809-cde5-4570-8850-b4b79454d598',NULL,NULL,NULL,NULL,50,NULL,'#dddddd',NULL,NULL,NULL,NULL,NULL,NULL,NULL,NULL,NULL,NULL,NULL,NULL),(460,652,1,'2022-02-26 13:02:39','2022-02-26 13:03:55','11ffda9c-870c-446a-b7d3-c32993c8d44e',NULL,NULL,NULL,NULL,50,NULL,'#dddddd',NULL,NULL,NULL,NULL,NULL,NULL,NULL,NULL,NULL,NULL,NULL,NULL),(461,654,1,'2022-02-26 13:02:39','2022-02-26 13:02:39','47d1e52f-adbb-43d0-9ae4-4be2fc3623ad',NULL,NULL,NULL,NULL,NULL,NULL,NULL,NULL,NULL,NULL,NULL,NULL,NULL,NULL,NULL,NULL,NULL,1,NULL),(462,655,1,'2022-02-26 13:02:39','2022-02-26 13:02:39','c0ee0ccf-7cc8-4db0-846f-076d73b42508',NULL,NULL,NULL,NULL,NULL,NULL,NULL,NULL,NULL,NULL,NULL,NULL,NULL,NULL,NULL,NULL,NULL,NULL,NULL),(463,656,1,'2022-02-26 13:02:39','2022-02-26 13:02:39','2b59d311-c17d-405c-8bbf-48f60d677358',NULL,NULL,NULL,NULL,NULL,NULL,NULL,NULL,NULL,NULL,NULL,NULL,NULL,NULL,NULL,NULL,NULL,NULL,NULL),(464,657,1,'2022-02-26 13:02:39','2022-02-26 13:02:39','ed8220a9-ea3a-42ec-b148-04908dc2d8fd',NULL,NULL,NULL,NULL,60,NULL,'#dddddd',NULL,NULL,NULL,NULL,NULL,NULL,NULL,NULL,NULL,NULL,NULL,NULL),(465,658,1,'2022-02-26 13:02:39','2022-02-26 13:02:39','109110d7-06db-458a-8136-c54dd05925fa',NULL,1,'Some Feature Here','<p>Maecenas sed diam eget risus varius blandit sit amet non magna. Cras mattis consectetur purus sit amet fermentum. Vestibulum id ligula porta felis euismod semper. Sed posuere consectetur est at lobortis.</p>',NULL,NULL,NULL,NULL,NULL,NULL,NULL,NULL,NULL,NULL,NULL,NULL,NULL,NULL,NULL),(466,659,1,'2022-02-26 13:02:39','2022-02-26 13:02:39','9b80327e-d041-4f74-8737-856c2f5bdd10',NULL,NULL,NULL,NULL,60,NULL,'#dddddd',NULL,NULL,NULL,NULL,NULL,NULL,NULL,NULL,NULL,NULL,NULL,NULL),(467,660,1,'2022-02-26 13:02:39','2022-02-26 13:02:39','89602c63-2c21-4bab-bdf0-26604bd3a125',NULL,NULL,NULL,NULL,NULL,NULL,NULL,'#000000','Central Section','<p>Curabitur blandit tempus porttitor. Donec sed odio dui. Maecenas sed diam eget risus varius blandit sit amet non magna.</p>','#c2e46b','#ffffff',NULL,NULL,NULL,NULL,NULL,NULL,NULL),(468,661,1,'2022-02-26 13:02:39','2022-02-26 13:02:39','f37c556c-d8ab-49d1-96b5-dfc567030eb6',NULL,NULL,NULL,NULL,632,NULL,'#ffffff',NULL,NULL,NULL,NULL,NULL,NULL,NULL,NULL,NULL,NULL,NULL,NULL),(469,662,1,'2022-02-26 13:02:39','2022-02-26 13:02:39','7024537e-611b-4f64-b4ae-3a7d2aa4ef75',NULL,NULL,NULL,NULL,NULL,NULL,NULL,NULL,NULL,NULL,NULL,NULL,NULL,NULL,NULL,NULL,NULL,NULL,0),(470,663,1,'2022-02-26 13:02:39','2022-02-26 13:02:39','ef3fc6d8-4960-4ad5-a2a5-aaef250052a0',NULL,NULL,NULL,NULL,632,NULL,'#ffffff',NULL,NULL,NULL,NULL,NULL,NULL,NULL,NULL,NULL,NULL,NULL,NULL),(471,664,1,'2022-02-26 13:02:39','2022-02-26 13:02:39','efeba3c5-c452-446b-bc0a-d4ec27da0c2a',1,NULL,NULL,NULL,NULL,'#trees',NULL,NULL,NULL,NULL,NULL,NULL,NULL,NULL,NULL,NULL,NULL,NULL,NULL),(483,678,1,'2022-02-26 13:02:56','2022-02-26 13:02:56','c249f28e-543b-4f31-a6ea-973a4f653ac7',NULL,NULL,NULL,NULL,NULL,NULL,NULL,NULL,NULL,NULL,NULL,NULL,NULL,NULL,NULL,NULL,NULL,1,NULL),(484,679,1,'2022-02-26 13:02:56','2022-02-26 13:02:56','4f4167b8-9c6d-48b5-8241-4a86f1fceac5',NULL,NULL,NULL,NULL,NULL,NULL,NULL,NULL,NULL,NULL,NULL,NULL,NULL,NULL,NULL,NULL,NULL,NULL,NULL),(485,680,1,'2022-02-26 13:02:56','2022-02-26 13:02:56','699a3b63-46ba-4e56-907a-7b384534c7c2',NULL,NULL,NULL,NULL,NULL,NULL,NULL,NULL,NULL,NULL,NULL,NULL,NULL,NULL,NULL,NULL,NULL,NULL,NULL),(486,681,1,'2022-02-26 13:02:56','2022-02-26 13:02:56','a56e3a1f-34ab-4736-9c95-233b425e66ae',NULL,NULL,NULL,NULL,60,NULL,'#dddddd',NULL,NULL,NULL,NULL,NULL,NULL,NULL,NULL,NULL,NULL,NULL,NULL),(487,682,1,'2022-02-26 13:02:56','2022-02-26 13:02:56','34640c1f-d15f-4f0e-8dd8-a37c93d6f49a',NULL,1,'Some Feature Here','<p>Maecenas sed diam eget risus varius blandit sit amet non magna. Cras mattis consectetur purus sit amet fermentum. Vestibulum id ligula porta felis euismod semper. Sed posuere consectetur est at lobortis.</p>',NULL,NULL,NULL,NULL,NULL,NULL,NULL,NULL,NULL,NULL,NULL,NULL,NULL,NULL,NULL),(488,683,1,'2022-02-26 13:02:56','2022-02-26 13:02:56','b16f1942-eb35-410d-ba0f-4e16e8d0fc23',NULL,NULL,NULL,NULL,60,NULL,'#dddddd',NULL,NULL,NULL,NULL,NULL,NULL,NULL,NULL,NULL,NULL,NULL,NULL),(489,684,1,'2022-02-26 13:02:56','2022-02-26 13:02:56','32189294-b2df-462b-b0b3-4abe99e1e54a',NULL,NULL,NULL,NULL,NULL,NULL,NULL,'#000000','Central Section','<p>Curabitur blandit tempus porttitor. Donec sed odio dui. Maecenas sed diam eget risus varius blandit sit amet non magna.</p>','#c2e46b','#ffffff',NULL,NULL,NULL,NULL,NULL,NULL,NULL),(490,685,1,'2022-02-26 13:02:57','2022-02-26 13:02:57','bd00eb7e-3057-49ee-9df4-be26c7fefe45',NULL,NULL,NULL,NULL,50,NULL,'#ffffff',NULL,NULL,NULL,NULL,NULL,NULL,NULL,NULL,NULL,NULL,NULL,NULL),(491,686,1,'2022-02-26 13:02:57','2022-02-26 13:02:57','984677d6-9866-4df0-a358-b9582ec39344',NULL,NULL,NULL,NULL,NULL,NULL,NULL,NULL,NULL,NULL,NULL,NULL,NULL,NULL,NULL,NULL,NULL,NULL,0),(492,687,1,'2022-02-26 13:02:57','2022-02-26 13:02:57','15cf23a9-8005-4000-9c1f-9637de9df218',NULL,NULL,NULL,NULL,666,NULL,'#ffffff',NULL,NULL,NULL,NULL,NULL,NULL,NULL,NULL,NULL,NULL,NULL,NULL),(493,688,1,'2022-02-26 13:02:57','2022-02-26 13:02:57','b619c864-1028-46ac-afb7-3bfe25d00282',1,NULL,NULL,NULL,NULL,'#trees',NULL,NULL,NULL,NULL,NULL,NULL,NULL,NULL,NULL,NULL,NULL,NULL,NULL),(505,702,1,'2022-02-26 13:03:10','2022-02-26 13:03:10','7c937c88-0511-4fd5-9403-9085f9e0780b',NULL,NULL,NULL,NULL,NULL,NULL,NULL,NULL,NULL,NULL,NULL,NULL,NULL,NULL,NULL,NULL,NULL,1,NULL),(506,703,1,'2022-02-26 13:03:10','2022-02-26 13:03:10','d84f6aa0-eff0-4126-bde1-7b95ae732f50',NULL,NULL,NULL,NULL,NULL,NULL,NULL,NULL,NULL,NULL,NULL,NULL,NULL,NULL,NULL,NULL,NULL,NULL,NULL),(507,704,1,'2022-02-26 13:03:10','2022-02-26 13:03:10','11fe2655-7eb8-4def-99cf-8e07d503f0e9',NULL,NULL,NULL,NULL,NULL,NULL,NULL,NULL,NULL,NULL,NULL,NULL,NULL,NULL,NULL,NULL,NULL,NULL,NULL),(508,705,1,'2022-02-26 13:03:10','2022-02-26 13:03:10','242ffe23-b0c8-44bb-a206-c4f857c87ca6',NULL,NULL,NULL,NULL,60,NULL,'#dddddd',NULL,NULL,NULL,NULL,NULL,NULL,NULL,NULL,NULL,NULL,NULL,NULL),(509,706,1,'2022-02-26 13:03:10','2022-02-26 13:03:10','be2f7090-f3d0-47f9-bbe0-66d53a502625',NULL,1,'Some Feature Here','<p>Maecenas sed diam eget risus varius blandit sit amet non magna. Cras mattis consectetur purus sit amet fermentum. Vestibulum id ligula porta felis euismod semper. Sed posuere consectetur est at lobortis.</p>',NULL,NULL,NULL,NULL,NULL,NULL,NULL,NULL,NULL,NULL,NULL,NULL,NULL,NULL,NULL),(510,707,1,'2022-02-26 13:03:10','2022-02-26 13:03:10','53a60b91-c252-4e8e-ae2d-1f37c9673040',NULL,NULL,NULL,NULL,60,NULL,'#dddddd',NULL,NULL,NULL,NULL,NULL,NULL,NULL,NULL,NULL,NULL,NULL,NULL),(511,708,1,'2022-02-26 13:03:10','2022-02-26 13:03:10','09bfa426-835d-4ff4-9890-3d7f0d87501d',NULL,NULL,NULL,NULL,NULL,NULL,NULL,'#000000','Central Section','<p>Curabitur blandit tempus porttitor. Donec sed odio dui. Maecenas sed diam eget risus varius blandit sit amet non magna.</p>','#c2e46b','#ffffff',NULL,NULL,NULL,NULL,NULL,NULL,NULL),(512,709,1,'2022-02-26 13:03:10','2022-02-26 13:03:10','03cd3884-9ea8-4c0a-a595-13c3fb865905',NULL,NULL,NULL,NULL,50,NULL,'#ffffff',NULL,NULL,NULL,NULL,NULL,NULL,NULL,NULL,NULL,NULL,NULL,NULL),(513,710,1,'2022-02-26 13:03:10','2022-02-26 13:03:10','271ad085-fecd-49b3-90b2-6b5c418512f3',NULL,NULL,NULL,NULL,NULL,NULL,NULL,NULL,NULL,NULL,NULL,NULL,NULL,NULL,NULL,NULL,NULL,NULL,0),(514,711,1,'2022-02-26 13:03:10','2022-02-26 13:03:10','2e1e6b76-2a4d-497d-91a6-7d03aed4dd7c',NULL,NULL,NULL,NULL,50,NULL,'#ffffff',NULL,NULL,NULL,NULL,NULL,NULL,NULL,NULL,NULL,NULL,NULL,NULL),(515,712,1,'2022-02-26 13:03:10','2022-02-26 13:03:10','ed5028df-71d4-4da9-8971-a7663bf44add',1,NULL,NULL,NULL,NULL,'#trees',NULL,NULL,NULL,NULL,NULL,NULL,NULL,NULL,NULL,NULL,NULL,NULL,NULL),(527,726,1,'2022-02-26 13:03:55','2022-02-26 13:03:55','1418ca1a-294e-4a22-8bf3-f00236101622',NULL,NULL,NULL,NULL,NULL,NULL,NULL,NULL,NULL,NULL,NULL,NULL,NULL,NULL,NULL,NULL,NULL,1,NULL),(528,727,1,'2022-02-26 13:03:55','2022-02-26 13:03:55','870fda60-a334-4a83-876c-e20c4a8ee437',NULL,NULL,NULL,NULL,NULL,NULL,NULL,NULL,NULL,NULL,NULL,NULL,NULL,NULL,NULL,NULL,NULL,NULL,NULL),(529,728,1,'2022-02-26 13:03:55','2022-02-26 13:03:55','ce530868-5193-4d47-abb3-6e2834a4a3bc',NULL,NULL,NULL,NULL,NULL,NULL,NULL,NULL,NULL,NULL,NULL,NULL,NULL,NULL,NULL,NULL,NULL,NULL,NULL),(530,729,1,'2022-02-26 13:03:55','2022-02-26 13:03:55','a48700af-036e-46fc-b885-647e0e83a3fe',NULL,NULL,NULL,NULL,60,NULL,'#dddddd',NULL,NULL,NULL,NULL,NULL,NULL,NULL,NULL,NULL,NULL,NULL,NULL),(531,730,1,'2022-02-26 13:03:55','2022-02-26 13:03:55','8f6df380-e6ef-4ae2-896b-74e4268021b4',NULL,1,'Some Feature Here','<p>Maecenas sed diam eget risus varius blandit sit amet non magna. Cras mattis consectetur purus sit amet fermentum. Vestibulum id ligula porta felis euismod semper. Sed posuere consectetur est at lobortis.</p>',NULL,NULL,NULL,NULL,NULL,NULL,NULL,NULL,NULL,NULL,NULL,NULL,NULL,NULL,NULL),(532,731,1,'2022-02-26 13:03:55','2022-02-26 13:03:55','f4eb8fdf-5354-4cad-ab7f-1c3b096b7f6f',NULL,NULL,NULL,NULL,60,NULL,'#dddddd',NULL,NULL,NULL,NULL,NULL,NULL,NULL,NULL,NULL,NULL,NULL,NULL),(533,732,1,'2022-02-26 13:03:55','2022-02-26 13:03:55','3c3582ef-d46c-4883-ad89-bf4a0a2e4d6a',NULL,NULL,NULL,NULL,NULL,NULL,NULL,'#000000','Central Section','<p>Curabitur blandit tempus porttitor. Donec sed odio dui. Maecenas sed diam eget risus varius blandit sit amet non magna.</p>','#c2e46b','#ffffff',NULL,NULL,NULL,NULL,NULL,NULL,NULL),(534,733,1,'2022-02-26 13:03:55','2022-02-26 13:03:55','01f9e262-323e-4118-8600-66450f572dee',NULL,NULL,NULL,NULL,50,NULL,'#dddddd',NULL,NULL,NULL,NULL,NULL,NULL,NULL,NULL,NULL,NULL,NULL,NULL),(535,734,1,'2022-02-26 13:03:55','2022-02-26 13:03:55','acaeaf42-c086-4da1-9aa1-10e0e309557b',NULL,NULL,NULL,NULL,NULL,NULL,NULL,NULL,NULL,NULL,NULL,NULL,NULL,NULL,NULL,NULL,NULL,NULL,0),(536,735,1,'2022-02-26 13:03:55','2022-02-26 13:03:55','64406b64-b24a-47e0-a314-399f0cd81dcb',NULL,NULL,NULL,NULL,50,NULL,'#dddddd',NULL,NULL,NULL,NULL,NULL,NULL,NULL,NULL,NULL,NULL,NULL,NULL),(537,736,1,'2022-02-26 13:03:55','2022-02-26 13:03:55','52526b3f-6fc4-4e3c-b318-6ca2c89f1983',1,NULL,NULL,NULL,NULL,'#trees',NULL,NULL,NULL,NULL,NULL,NULL,NULL,NULL,NULL,NULL,NULL,NULL,NULL);
/*!40000 ALTER TABLE `matrixcontent_pagecomponents` ENABLE KEYS */;
UNLOCK TABLES;

--
-- Table structure for table `migrations`
--

DROP TABLE IF EXISTS `migrations`;
/*!40101 SET @saved_cs_client     = @@character_set_client */;
/*!40101 SET character_set_client = utf8 */;
CREATE TABLE `migrations` (
  `id` int(11) NOT NULL AUTO_INCREMENT,
  `track` varchar(255) COLLATE utf8mb3_unicode_ci NOT NULL,
  `name` varchar(255) COLLATE utf8mb3_unicode_ci NOT NULL,
  `applyTime` datetime NOT NULL,
  `dateCreated` datetime NOT NULL,
  `dateUpdated` datetime NOT NULL,
  `uid` char(36) COLLATE utf8mb3_unicode_ci NOT NULL DEFAULT '0',
  PRIMARY KEY (`id`),
  UNIQUE KEY `idx_hcpxogveoptqgvzunyfesmasvlhraldxhvyt` (`track`,`name`)
) ENGINE=InnoDB AUTO_INCREMENT=197 DEFAULT CHARSET=utf8mb3 COLLATE=utf8mb3_unicode_ci;
/*!40101 SET character_set_client = @saved_cs_client */;

--
-- Dumping data for table `migrations`
--

LOCK TABLES `migrations` WRITE;
/*!40000 ALTER TABLE `migrations` DISABLE KEYS */;
INSERT INTO `migrations` VALUES (1,'craft','Install','2022-02-19 14:10:09','2022-02-19 14:10:09','2022-02-19 14:10:09','e901c8c1-3564-4086-aec0-f041a0757fc9'),(2,'craft','m150403_183908_migrations_table_changes','2022-02-19 14:10:09','2022-02-19 14:10:09','2022-02-19 14:10:09','d5437ddf-2ce7-4789-8bcc-fa03a34a10a6'),(3,'craft','m150403_184247_plugins_table_changes','2022-02-19 14:10:09','2022-02-19 14:10:09','2022-02-19 14:10:09','45ab735c-acb5-4a35-8c48-8d4752451209'),(4,'craft','m150403_184533_field_version','2022-02-19 14:10:09','2022-02-19 14:10:09','2022-02-19 14:10:09','22f6fe4d-3e4c-4a8f-899a-9a9d8457ed1f'),(5,'craft','m150403_184729_type_columns','2022-02-19 14:10:09','2022-02-19 14:10:09','2022-02-19 14:10:09','99e3dba6-5e28-44dc-b75a-449518888d7d'),(6,'craft','m150403_185142_volumes','2022-02-19 14:10:09','2022-02-19 14:10:09','2022-02-19 14:10:09','3bd1362b-2ada-40ec-b685-48dd779e46bb'),(7,'craft','m150428_231346_userpreferences','2022-02-19 14:10:09','2022-02-19 14:10:09','2022-02-19 14:10:09','d12d148c-2d09-40c7-bfa2-1e1090b0138e'),(8,'craft','m150519_150900_fieldversion_conversion','2022-02-19 14:10:09','2022-02-19 14:10:09','2022-02-19 14:10:09','75977897-0f8a-49e6-9d56-dd223e6a8e83'),(9,'craft','m150617_213829_update_email_settings','2022-02-19 14:10:09','2022-02-19 14:10:09','2022-02-19 14:10:09','839f3444-1996-4b3d-82ee-7d2f76e56f4f'),(10,'craft','m150721_124739_templatecachequeries','2022-02-19 14:10:09','2022-02-19 14:10:09','2022-02-19 14:10:09','aa0def81-a7dc-430c-9709-e77b10e9bbd3'),(11,'craft','m150724_140822_adjust_quality_settings','2022-02-19 14:10:09','2022-02-19 14:10:09','2022-02-19 14:10:09','84edc524-50de-42d8-acec-ad83cc3f4eff'),(12,'craft','m150815_133521_last_login_attempt_ip','2022-02-19 14:10:09','2022-02-19 14:10:09','2022-02-19 14:10:09','7169f48c-07f9-4c9e-86f2-33a0a6bdbd55'),(13,'craft','m151002_095935_volume_cache_settings','2022-02-19 14:10:09','2022-02-19 14:10:09','2022-02-19 14:10:09','d5b68965-73fd-423d-8353-ee6d39fc44ff'),(14,'craft','m151005_142750_volume_s3_storage_settings','2022-02-19 14:10:09','2022-02-19 14:10:09','2022-02-19 14:10:09','25a21280-0625-4182-88be-eafa4b33e73a'),(15,'craft','m151016_133600_delete_asset_thumbnails','2022-02-19 14:10:09','2022-02-19 14:10:09','2022-02-19 14:10:09','6771bb9b-613a-4c0e-a2a2-ed08d61c614b'),(16,'craft','m151209_000000_move_logo','2022-02-19 14:10:09','2022-02-19 14:10:09','2022-02-19 14:10:09','ca2b824d-8154-4721-be06-2c518e0ebcbb'),(17,'craft','m151211_000000_rename_fileId_to_assetId','2022-02-19 14:10:09','2022-02-19 14:10:09','2022-02-19 14:10:09','d7acaf74-99b4-4557-9855-4b75c3bed3d4'),(18,'craft','m151215_000000_rename_asset_permissions','2022-02-19 14:10:09','2022-02-19 14:10:09','2022-02-19 14:10:09','bd0f9732-a6f4-4689-b7ca-1f70cd8fc9a7'),(19,'craft','m160707_000001_rename_richtext_assetsource_setting','2022-02-19 14:10:09','2022-02-19 14:10:09','2022-02-19 14:10:09','7c520c93-c8c1-4359-b1b7-c14db32dc1fd'),(20,'craft','m160708_185142_volume_hasUrls_setting','2022-02-19 14:10:09','2022-02-19 14:10:09','2022-02-19 14:10:09','36ce7304-532d-41a3-a9ed-2634de77680b'),(21,'craft','m160714_000000_increase_max_asset_filesize','2022-02-19 14:10:09','2022-02-19 14:10:09','2022-02-19 14:10:09','83738988-8fbe-4098-9732-0100acee188a'),(22,'craft','m160727_194637_column_cleanup','2022-02-19 14:10:09','2022-02-19 14:10:09','2022-02-19 14:10:09','82ae6b40-d77f-4196-b18f-4a9a378594d9'),(23,'craft','m160804_110002_userphotos_to_assets','2022-02-19 14:10:09','2022-02-19 14:10:09','2022-02-19 14:10:09','36619ceb-5061-4e32-8507-f47803c1bb90'),(24,'craft','m160807_144858_sites','2022-02-19 14:10:09','2022-02-19 14:10:09','2022-02-19 14:10:09','92050780-fa98-45f3-8e44-9968d2d75b9f'),(25,'craft','m160829_000000_pending_user_content_cleanup','2022-02-19 14:10:09','2022-02-19 14:10:09','2022-02-19 14:10:09','4145c996-9f55-48a8-b333-36b1a029aa60'),(26,'craft','m160830_000000_asset_index_uri_increase','2022-02-19 14:10:09','2022-02-19 14:10:09','2022-02-19 14:10:09','897d6381-1b4f-4c36-9789-f5eb68884864'),(27,'craft','m160912_230520_require_entry_type_id','2022-02-19 14:10:09','2022-02-19 14:10:09','2022-02-19 14:10:09','0d78b866-88ef-4d93-b3c3-4b8e526ca37d'),(28,'craft','m160913_134730_require_matrix_block_type_id','2022-02-19 14:10:09','2022-02-19 14:10:09','2022-02-19 14:10:09','859b6eae-6b13-4cff-ad8b-525d022250bb'),(29,'craft','m160920_174553_matrixblocks_owner_site_id_nullable','2022-02-19 14:10:09','2022-02-19 14:10:09','2022-02-19 14:10:09','be4652cc-71fe-46f9-9d76-b0af3066c03c'),(30,'craft','m160920_231045_usergroup_handle_title_unique','2022-02-19 14:10:09','2022-02-19 14:10:09','2022-02-19 14:10:09','52477276-9afd-42af-a63b-baa3ebb5e399'),(31,'craft','m160925_113941_route_uri_parts','2022-02-19 14:10:09','2022-02-19 14:10:09','2022-02-19 14:10:09','05920ace-2f9e-4895-a1bd-331b9a0e8583'),(32,'craft','m161006_205918_schemaVersion_not_null','2022-02-19 14:10:09','2022-02-19 14:10:09','2022-02-19 14:10:09','968cf577-57ea-44df-820b-7b96faf3ae5f'),(33,'craft','m161007_130653_update_email_settings','2022-02-19 14:10:09','2022-02-19 14:10:09','2022-02-19 14:10:09','62c25873-37b4-480b-a4b6-0edaa38d5159'),(34,'craft','m161013_175052_newParentId','2022-02-19 14:10:09','2022-02-19 14:10:09','2022-02-19 14:10:09','61ba979a-6abd-488d-a510-0980bae6e09c'),(35,'craft','m161021_102916_fix_recent_entries_widgets','2022-02-19 14:10:09','2022-02-19 14:10:09','2022-02-19 14:10:09','4fece097-5108-4eca-a282-deb1219dfb3f'),(36,'craft','m161021_182140_rename_get_help_widget','2022-02-19 14:10:09','2022-02-19 14:10:09','2022-02-19 14:10:09','047ff09a-2786-4a06-a045-6af83534781e'),(37,'craft','m161025_000000_fix_char_columns','2022-02-19 14:10:09','2022-02-19 14:10:09','2022-02-19 14:10:09','c388f529-5a30-426c-a6d6-53a0fa1ea2c7'),(38,'craft','m161029_124145_email_message_languages','2022-02-19 14:10:09','2022-02-19 14:10:09','2022-02-19 14:10:09','ee02a041-3083-47ba-ad89-c4e606d21f8f'),(39,'craft','m161108_000000_new_version_format','2022-02-19 14:10:09','2022-02-19 14:10:09','2022-02-19 14:10:09','978816cb-3a43-4886-8dd5-1da7c8ab5f62'),(40,'craft','m161109_000000_index_shuffle','2022-02-19 14:10:09','2022-02-19 14:10:09','2022-02-19 14:10:09','a9ecb590-13b4-4fe1-84b5-d96175cf6631'),(41,'craft','m161122_185500_no_craft_app','2022-02-19 14:10:09','2022-02-19 14:10:09','2022-02-19 14:10:09','4e8f8ef3-269e-4dab-bd8f-6a71b7323784'),(42,'craft','m161125_150752_clear_urlmanager_cache','2022-02-19 14:10:09','2022-02-19 14:10:09','2022-02-19 14:10:09','e82cffb0-308f-4d85-aa9e-9f068a2ceaf3'),(43,'craft','m161220_000000_volumes_hasurl_notnull','2022-02-19 14:10:09','2022-02-19 14:10:09','2022-02-19 14:10:09','2a27cd9f-f7e1-4a75-98c1-72c713b6cd04'),(44,'craft','m170114_161144_udates_permission','2022-02-19 14:10:09','2022-02-19 14:10:09','2022-02-19 14:10:09','cde7ef89-c7b9-41ae-8b77-b7fba2bbb968'),(45,'craft','m170120_000000_schema_cleanup','2022-02-19 14:10:09','2022-02-19 14:10:09','2022-02-19 14:10:09','4d0beb2c-c402-4dce-8efc-0cc1770fee7c'),(46,'craft','m170126_000000_assets_focal_point','2022-02-19 14:10:09','2022-02-19 14:10:09','2022-02-19 14:10:09','012cea71-81f3-4079-beb9-98482a6a75b8'),(47,'craft','m170206_142126_system_name','2022-02-19 14:10:09','2022-02-19 14:10:09','2022-02-19 14:10:09','0ad816e1-b7c6-4bca-9b8f-c937a4fd1af0'),(48,'craft','m170217_044740_category_branch_limits','2022-02-19 14:10:09','2022-02-19 14:10:09','2022-02-19 14:10:09','d94b96ad-f5cb-4282-b6ba-88dadc2e9b31'),(49,'craft','m170217_120224_asset_indexing_columns','2022-02-19 14:10:09','2022-02-19 14:10:09','2022-02-19 14:10:09','5a20e53c-53d9-4fc5-8afe-e7f51bcac0c3'),(50,'craft','m170223_224012_plain_text_settings','2022-02-19 14:10:09','2022-02-19 14:10:09','2022-02-19 14:10:09','678b3820-88c3-44df-8e0c-05fb1c694f61'),(51,'craft','m170227_120814_focal_point_percentage','2022-02-19 14:10:09','2022-02-19 14:10:09','2022-02-19 14:10:09','ae3e9187-b685-48e7-8221-e147f7f8b34c'),(52,'craft','m170228_171113_system_messages','2022-02-19 14:10:09','2022-02-19 14:10:09','2022-02-19 14:10:09','d6de79ec-8d7f-4516-a0bc-e080b72bbb91'),(53,'craft','m170303_140500_asset_field_source_settings','2022-02-19 14:10:09','2022-02-19 14:10:09','2022-02-19 14:10:09','842bef40-9d42-43a3-bbd4-891fc437db94'),(54,'craft','m170306_150500_asset_temporary_uploads','2022-02-19 14:10:09','2022-02-19 14:10:09','2022-02-19 14:10:09','3947be07-cda9-4010-a965-b07f78dfd686'),(55,'craft','m170523_190652_element_field_layout_ids','2022-02-19 14:10:09','2022-02-19 14:10:09','2022-02-19 14:10:09','5f59b2f9-6128-4c0b-8f82-55006c42ea6c'),(56,'craft','m170621_195237_format_plugin_handles','2022-02-19 14:10:09','2022-02-19 14:10:09','2022-02-19 14:10:09','3214bd33-88a5-49bf-bf22-61574b80818b'),(57,'craft','m170630_161027_deprecation_line_nullable','2022-02-19 14:10:09','2022-02-19 14:10:09','2022-02-19 14:10:09','9328c963-e629-4e58-acf2-47d93faa1fcf'),(58,'craft','m170630_161028_deprecation_changes','2022-02-19 14:10:09','2022-02-19 14:10:09','2022-02-19 14:10:09','a82ad419-3a6a-4e28-bff8-7d6c40eab087'),(59,'craft','m170703_181539_plugins_table_tweaks','2022-02-19 14:10:09','2022-02-19 14:10:09','2022-02-19 14:10:09','51c0cf47-caf9-4378-bff3-c62006d49f87'),(60,'craft','m170704_134916_sites_tables','2022-02-19 14:10:09','2022-02-19 14:10:09','2022-02-19 14:10:09','bea08560-79d8-4a7b-bac7-4645b7bcc8ac'),(61,'craft','m170706_183216_rename_sequences','2022-02-19 14:10:09','2022-02-19 14:10:09','2022-02-19 14:10:09','fe5aa082-2919-48b3-9ae1-22db41e9381a'),(62,'craft','m170707_094758_delete_compiled_traits','2022-02-19 14:10:09','2022-02-19 14:10:09','2022-02-19 14:10:09','5265dba6-9bb6-4b19-a859-83c7c60ad3f2'),(63,'craft','m170731_190138_drop_asset_packagist','2022-02-19 14:10:09','2022-02-19 14:10:09','2022-02-19 14:10:09','a220ace9-05f3-4dca-a4cf-1763437ca64b'),(64,'craft','m170810_201318_create_queue_table','2022-02-19 14:10:09','2022-02-19 14:10:09','2022-02-19 14:10:09','3ac4e572-edaa-4d99-9f29-c75beb73a3c4'),(65,'craft','m170903_192801_longblob_for_queue_jobs','2022-02-19 14:10:09','2022-02-19 14:10:09','2022-02-19 14:10:09','1a020815-5adc-421a-a9a2-a75623d4ad1b'),(66,'craft','m170914_204621_asset_cache_shuffle','2022-02-19 14:10:09','2022-02-19 14:10:09','2022-02-19 14:10:09','350d49e0-608d-4039-80fb-8472e9e29952'),(67,'craft','m171011_214115_site_groups','2022-02-19 14:10:09','2022-02-19 14:10:09','2022-02-19 14:10:09','542a62be-055d-4070-9e7c-eca3ecc82843'),(68,'craft','m171012_151440_primary_site','2022-02-19 14:10:09','2022-02-19 14:10:09','2022-02-19 14:10:09','5ebfd575-9779-483f-bcdf-7b0bef273607'),(69,'craft','m171013_142500_transform_interlace','2022-02-19 14:10:09','2022-02-19 14:10:09','2022-02-19 14:10:09','5a7cba87-c7d7-4d0d-8c03-770821a33adc'),(70,'craft','m171016_092553_drop_position_select','2022-02-19 14:10:09','2022-02-19 14:10:09','2022-02-19 14:10:09','c00bd1c9-321b-4782-9f17-e8d45247fd0e'),(71,'craft','m171016_221244_less_strict_translation_method','2022-02-19 14:10:09','2022-02-19 14:10:09','2022-02-19 14:10:09','c4a88c14-d1cd-4f6d-8fe8-bfd341a6107e'),(72,'craft','m171107_000000_assign_group_permissions','2022-02-19 14:10:09','2022-02-19 14:10:09','2022-02-19 14:10:09','dd964fde-9ca6-4b57-8400-7f4399704cab'),(73,'craft','m171117_000001_templatecache_index_tune','2022-02-19 14:10:09','2022-02-19 14:10:09','2022-02-19 14:10:09','43edd9fa-f0b3-4c18-8f0e-2d12ce405066'),(74,'craft','m171126_105927_disabled_plugins','2022-02-19 14:10:09','2022-02-19 14:10:09','2022-02-19 14:10:09','dd3619f7-c23c-42d4-a702-3cd7813f1074'),(75,'craft','m171130_214407_craftidtokens_table','2022-02-19 14:10:09','2022-02-19 14:10:09','2022-02-19 14:10:09','d4a0445a-438f-4c9c-b874-c8051718b4c2'),(76,'craft','m171202_004225_update_email_settings','2022-02-19 14:10:09','2022-02-19 14:10:09','2022-02-19 14:10:09','abf47e9a-d8a0-4855-aa2c-0346fb48cd11'),(77,'craft','m171204_000001_templatecache_index_tune_deux','2022-02-19 14:10:09','2022-02-19 14:10:09','2022-02-19 14:10:09','d6877c55-1fd5-4092-b9a2-dd782d2f471a'),(78,'craft','m171205_130908_remove_craftidtokens_refreshtoken_column','2022-02-19 14:10:09','2022-02-19 14:10:09','2022-02-19 14:10:09','2e75f63b-1293-4d3d-8fdf-9a3b3c7fd7ab'),(79,'craft','m171218_143135_longtext_query_column','2022-02-19 14:10:09','2022-02-19 14:10:09','2022-02-19 14:10:09','b2274ac1-20c3-41a9-b9e8-2116cb8194cd'),(80,'craft','m171231_055546_environment_variables_to_aliases','2022-02-19 14:10:09','2022-02-19 14:10:09','2022-02-19 14:10:09','008be842-8994-4092-bebd-32f64072ff20'),(81,'craft','m180113_153740_drop_users_archived_column','2022-02-19 14:10:09','2022-02-19 14:10:09','2022-02-19 14:10:09','5046d3b8-36c6-4128-8d49-994fedfad0b9'),(82,'craft','m180122_213433_propagate_entries_setting','2022-02-19 14:10:09','2022-02-19 14:10:09','2022-02-19 14:10:09','b735b96d-ba34-4b31-8b12-fcc9f355ee23'),(83,'craft','m180124_230459_fix_propagate_entries_values','2022-02-19 14:10:09','2022-02-19 14:10:09','2022-02-19 14:10:09','787d23e7-d7a9-4e52-b1d3-611bb0f86a51'),(84,'craft','m180128_235202_set_tag_slugs','2022-02-19 14:10:09','2022-02-19 14:10:09','2022-02-19 14:10:09','d9a6768c-faff-4a48-a20c-7028c8de3b03'),(85,'craft','m180202_185551_fix_focal_points','2022-02-19 14:10:09','2022-02-19 14:10:09','2022-02-19 14:10:09','92bdfc80-d305-4686-97de-5b49d38f4f2c'),(86,'craft','m180217_172123_tiny_ints','2022-02-19 14:10:09','2022-02-19 14:10:09','2022-02-19 14:10:09','3f9f94a4-176a-4756-b35e-a1ae02e847fb'),(87,'craft','m180321_233505_small_ints','2022-02-19 14:10:09','2022-02-19 14:10:09','2022-02-19 14:10:09','be9498ac-2619-4184-8f4f-5f7a16056a54'),(88,'craft','m180404_182320_edition_changes','2022-02-19 14:10:09','2022-02-19 14:10:09','2022-02-19 14:10:09','208ac787-283c-4730-954b-9cb3be6e2eba'),(89,'craft','m180411_102218_fix_db_routes','2022-02-19 14:10:09','2022-02-19 14:10:09','2022-02-19 14:10:09','13902b8b-5609-45d3-8cf8-8f964d24ce82'),(90,'craft','m180416_205628_resourcepaths_table','2022-02-19 14:10:09','2022-02-19 14:10:09','2022-02-19 14:10:09','cbf1d366-ff3c-44b1-9859-f861e86108f4'),(91,'craft','m180418_205713_widget_cleanup','2022-02-19 14:10:09','2022-02-19 14:10:09','2022-02-19 14:10:09','25fdcbdb-3590-4bbc-a51e-5e010d522712'),(92,'craft','m180425_203349_searchable_fields','2022-02-19 14:10:09','2022-02-19 14:10:09','2022-02-19 14:10:09','c7927b62-640f-4644-a476-528bd5d14143'),(93,'craft','m180516_153000_uids_in_field_settings','2022-02-19 14:10:09','2022-02-19 14:10:09','2022-02-19 14:10:09','ba7be9d8-c2de-46dc-86fa-4e86f2a46f86'),(94,'craft','m180517_173000_user_photo_volume_to_uid','2022-02-19 14:10:09','2022-02-19 14:10:09','2022-02-19 14:10:09','2e679d5a-b1d7-4874-a2a4-ae1f026dfe22'),(95,'craft','m180518_173000_permissions_to_uid','2022-02-19 14:10:09','2022-02-19 14:10:09','2022-02-19 14:10:09','60d9665f-02d7-4cd0-ad2b-7125a9759f0c'),(96,'craft','m180520_173000_matrix_context_to_uids','2022-02-19 14:10:09','2022-02-19 14:10:09','2022-02-19 14:10:09','a46c66d6-f702-456c-9be0-ff48762b4295'),(97,'craft','m180521_172900_project_config_table','2022-02-19 14:10:09','2022-02-19 14:10:09','2022-02-19 14:10:09','f686d61d-87a4-456e-8a16-78e731b4a2a6'),(98,'craft','m180521_173000_initial_yml_and_snapshot','2022-02-19 14:10:09','2022-02-19 14:10:09','2022-02-19 14:10:09','84042ffb-6f28-4c87-be9b-d908abb21582'),(99,'craft','m180731_162030_soft_delete_sites','2022-02-19 14:10:09','2022-02-19 14:10:09','2022-02-19 14:10:09','9ee5aa31-5852-455f-b463-3faec05f277a'),(100,'craft','m180810_214427_soft_delete_field_layouts','2022-02-19 14:10:09','2022-02-19 14:10:09','2022-02-19 14:10:09','93402dcc-f6d2-46d6-9aec-1a40b7c61119'),(101,'craft','m180810_214439_soft_delete_elements','2022-02-19 14:10:09','2022-02-19 14:10:09','2022-02-19 14:10:09','8499281e-1066-44ab-b89b-e7e14eb88511'),(102,'craft','m180824_193422_case_sensitivity_fixes','2022-02-19 14:10:09','2022-02-19 14:10:09','2022-02-19 14:10:09','2677db70-afc6-4f74-b1dd-b2558abee50b'),(103,'craft','m180901_151639_fix_matrixcontent_tables','2022-02-19 14:10:09','2022-02-19 14:10:09','2022-02-19 14:10:09','7aba0e38-bed8-4129-a051-6a12103da41e'),(104,'craft','m180904_112109_permission_changes','2022-02-19 14:10:09','2022-02-19 14:10:09','2022-02-19 14:10:09','89386e8d-1f97-441c-bf3f-f76feb2ea5f2'),(105,'craft','m180910_142030_soft_delete_sitegroups','2022-02-19 14:10:09','2022-02-19 14:10:09','2022-02-19 14:10:09','fdd50d53-1dda-46b7-8cb7-6c1591bf886c'),(106,'craft','m181011_160000_soft_delete_asset_support','2022-02-19 14:10:09','2022-02-19 14:10:09','2022-02-19 14:10:09','f52ab117-3c3b-4f07-889c-85ef351f5c8c'),(107,'craft','m181016_183648_set_default_user_settings','2022-02-19 14:10:09','2022-02-19 14:10:09','2022-02-19 14:10:09','7e1aa1fc-1f45-40a9-a8cc-47b1ef9dfc78'),(108,'craft','m181017_225222_system_config_settings','2022-02-19 14:10:09','2022-02-19 14:10:09','2022-02-19 14:10:09','f9745540-f090-47c9-9deb-3dd2663f75dd'),(109,'craft','m181018_222343_drop_userpermissions_from_config','2022-02-19 14:10:09','2022-02-19 14:10:09','2022-02-19 14:10:09','84ee41e7-0454-47d4-a760-d0405f147032'),(110,'craft','m181029_130000_add_transforms_routes_to_config','2022-02-19 14:10:09','2022-02-19 14:10:09','2022-02-19 14:10:09','2ae0ca65-4e52-4b04-9332-f84ed97f44ba'),(111,'craft','m181112_203955_sequences_table','2022-02-19 14:10:09','2022-02-19 14:10:09','2022-02-19 14:10:09','8aaf74cd-f9b0-4e15-ab0f-e2e3fdffe7db'),(112,'craft','m181121_001712_cleanup_field_configs','2022-02-19 14:10:09','2022-02-19 14:10:09','2022-02-19 14:10:09','86432122-4226-4b63-9d25-ad6facfacc04'),(113,'craft','m181128_193942_fix_project_config','2022-02-19 14:10:09','2022-02-19 14:10:09','2022-02-19 14:10:09','691cfd0b-776b-4a93-82f0-8081e056cee6'),(114,'craft','m181130_143040_fix_schema_version','2022-02-19 14:10:09','2022-02-19 14:10:09','2022-02-19 14:10:09','96407bd9-b45d-461d-809b-1c5fef839e70'),(115,'craft','m181211_143040_fix_entry_type_uids','2022-02-19 14:10:09','2022-02-19 14:10:09','2022-02-19 14:10:09','7149e101-ec27-4aee-b562-0a75316cff7d'),(116,'craft','m181217_153000_fix_structure_uids','2022-02-19 14:10:09','2022-02-19 14:10:09','2022-02-19 14:10:09','7dd7893f-c9da-4b89-b8f7-07df11d9408f'),(117,'craft','m190104_152725_store_licensed_plugin_editions','2022-02-19 14:10:09','2022-02-19 14:10:09','2022-02-19 14:10:09','e6ea127f-35fd-42f4-a790-bcc1a2704b2e'),(118,'craft','m190108_110000_cleanup_project_config','2022-02-19 14:10:09','2022-02-19 14:10:09','2022-02-19 14:10:09','8be02baa-1291-46c8-adc6-0b19e6d177fe'),(119,'craft','m190108_113000_asset_field_setting_change','2022-02-19 14:10:09','2022-02-19 14:10:09','2022-02-19 14:10:09','4d53acda-0fc4-4596-a079-6c8807baa0cd'),(120,'craft','m190109_172845_fix_colspan','2022-02-19 14:10:09','2022-02-19 14:10:09','2022-02-19 14:10:09','f5903f1f-e671-49d8-bbe4-b51d7dade006'),(121,'craft','m190110_150000_prune_nonexisting_sites','2022-02-19 14:10:09','2022-02-19 14:10:09','2022-02-19 14:10:09','0ea34799-8135-4fa7-be13-0d2ce5c74f63'),(122,'craft','m190110_214819_soft_delete_volumes','2022-02-19 14:10:09','2022-02-19 14:10:09','2022-02-19 14:10:09','82b24568-835c-4db2-a4ba-76ef9f3faa19'),(123,'craft','m190112_124737_fix_user_settings','2022-02-19 14:10:09','2022-02-19 14:10:09','2022-02-19 14:10:09','6afc8326-0449-48ca-a316-662b3a725a8e'),(124,'craft','m190112_131225_fix_field_layouts','2022-02-19 14:10:09','2022-02-19 14:10:09','2022-02-19 14:10:09','620bce8b-921b-4a49-97a2-4e4fc600752c'),(125,'craft','m190112_201010_more_soft_deletes','2022-02-19 14:10:09','2022-02-19 14:10:09','2022-02-19 14:10:09','ef7c83ee-5143-4d94-95be-152bebc76b35'),(126,'craft','m190114_143000_more_asset_field_setting_changes','2022-02-19 14:10:09','2022-02-19 14:10:09','2022-02-19 14:10:09','c70075f5-f27f-498b-9040-fb89deab6615'),(127,'craft','m190121_120000_rich_text_config_setting','2022-02-19 14:10:09','2022-02-19 14:10:09','2022-02-19 14:10:09','c6b1680d-adec-4bb9-b218-61de491959a4'),(128,'craft','m190125_191628_fix_email_transport_password','2022-02-19 14:10:09','2022-02-19 14:10:09','2022-02-19 14:10:09','9296ee03-b526-45ce-a767-b9300bf06055'),(129,'craft','m190128_181422_cleanup_volume_folders','2022-02-19 14:10:09','2022-02-19 14:10:09','2022-02-19 14:10:09','e3fd7259-e948-47ac-a3ff-0453901b8f75'),(130,'craft','m190205_140000_fix_asset_soft_delete_index','2022-02-19 14:10:09','2022-02-19 14:10:09','2022-02-19 14:10:09','e6609718-5256-4358-8b00-79354596407e'),(131,'craft','m190218_143000_element_index_settings_uid','2022-02-19 14:10:09','2022-02-19 14:10:09','2022-02-19 14:10:09','8c37d07f-ac4a-4bea-ae4e-50005d5b207e'),(132,'craft','m190312_152740_element_revisions','2022-02-19 14:10:09','2022-02-19 14:10:09','2022-02-19 14:10:09','7d0097e1-a2f8-4b1a-9742-918fc76f6fce'),(133,'craft','m190327_235137_propagation_method','2022-02-19 14:10:09','2022-02-19 14:10:09','2022-02-19 14:10:09','1cec3b91-afbe-4090-b2ed-9e28d712b46e'),(134,'craft','m190401_223843_drop_old_indexes','2022-02-19 14:10:09','2022-02-19 14:10:09','2022-02-19 14:10:09','56c3d55e-e3e0-454a-b211-1b6cd274e00d'),(135,'craft','m190416_014525_drop_unique_global_indexes','2022-02-19 14:10:09','2022-02-19 14:10:09','2022-02-19 14:10:09','9130a816-81ee-45bb-ad8b-8d2600c426b3'),(136,'craft','m190417_085010_add_image_editor_permissions','2022-02-19 14:10:09','2022-02-19 14:10:09','2022-02-19 14:10:09','5bd60f33-b137-4720-9688-711117b9abe1'),(137,'craft','m190502_122019_store_default_user_group_uid','2022-02-19 14:10:09','2022-02-19 14:10:09','2022-02-19 14:10:09','e5f6a34a-40e3-4712-a456-931a9528e57c'),(138,'craft','m190504_150349_preview_targets','2022-02-19 14:10:09','2022-02-19 14:10:09','2022-02-19 14:10:09','d7dac4ed-ef59-4b63-9230-3f3178f25ada'),(139,'craft','m190516_184711_job_progress_label','2022-02-19 14:10:09','2022-02-19 14:10:09','2022-02-19 14:10:09','15f33cba-a208-4827-b2c5-285fd7ad98c7'),(140,'craft','m190523_190303_optional_revision_creators','2022-02-19 14:10:09','2022-02-19 14:10:09','2022-02-19 14:10:09','1c703055-9f4f-4c8c-9c25-ea6c950ab110'),(141,'craft','m190529_204501_fix_duplicate_uids','2022-02-19 14:10:09','2022-02-19 14:10:09','2022-02-19 14:10:09','bbdecfad-0514-4b88-8158-3b2132b68c97'),(142,'craft','m190605_223807_unsaved_drafts','2022-02-19 14:10:09','2022-02-19 14:10:09','2022-02-19 14:10:09','7ff44034-dbcc-45fd-b164-7f936b7d9aa9'),(143,'craft','m190607_230042_entry_revision_error_tables','2022-02-19 14:10:09','2022-02-19 14:10:09','2022-02-19 14:10:09','880365b1-02ec-48be-b7bb-577aeaec8572'),(144,'craft','m190608_033429_drop_elements_uid_idx','2022-02-19 14:10:09','2022-02-19 14:10:09','2022-02-19 14:10:09','a5eff691-0246-435f-9d41-bee315331406'),(145,'craft','m190617_164400_add_gqlschemas_table','2022-02-19 14:10:09','2022-02-19 14:10:09','2022-02-19 14:10:09','bee3fcd7-a9e1-46b2-a62f-474747ea6893'),(146,'craft','m190624_234204_matrix_propagation_method','2022-02-19 14:10:09','2022-02-19 14:10:09','2022-02-19 14:10:09','fdfef242-a6da-4ed5-942d-ec37183b5b05'),(147,'craft','m190711_153020_drop_snapshots','2022-02-19 14:10:09','2022-02-19 14:10:09','2022-02-19 14:10:09','4f2e6168-eccb-4a3d-bfca-3d36b6f45d8a'),(148,'craft','m190712_195914_no_draft_revisions','2022-02-19 14:10:09','2022-02-19 14:10:09','2022-02-19 14:10:09','cf27887f-be7e-4983-9f5b-9854e43e47ec'),(149,'craft','m190723_140314_fix_preview_targets_column','2022-02-19 14:10:09','2022-02-19 14:10:09','2022-02-19 14:10:09','abd2e94a-7bcc-4bb7-bced-bd80b89fb3a2'),(150,'craft','m190820_003519_flush_compiled_templates','2022-02-19 14:10:09','2022-02-19 14:10:09','2022-02-19 14:10:09','39381b24-6a99-4a5c-a9cb-b18ce6710223'),(151,'craft','m190823_020339_optional_draft_creators','2022-02-19 14:10:09','2022-02-19 14:10:09','2022-02-19 14:10:09','58e2ba5a-51f6-4b83-aa9e-ef9f44f03081'),(152,'craft','m190913_152146_update_preview_targets','2022-02-19 14:10:09','2022-02-19 14:10:09','2022-02-19 14:10:09','b57046b0-849b-40c0-8648-1cef897b1eea'),(153,'craft','m191107_122000_add_gql_project_config_support','2022-02-19 14:10:09','2022-02-19 14:10:09','2022-02-19 14:10:09','e9088a7b-9b89-4552-8452-b5f3f3365f96'),(154,'craft','m191204_085100_pack_savable_component_settings','2022-02-19 14:10:09','2022-02-19 14:10:09','2022-02-19 14:10:09','d1164767-4ae0-4ecc-b77e-45bd861b0c00'),(155,'craft','m191206_001148_change_tracking','2022-02-19 14:10:09','2022-02-19 14:10:09','2022-02-19 14:10:09','df87ea5e-40bc-46f3-8487-6c763681a957'),(156,'craft','m191216_191635_asset_upload_tracking','2022-02-19 14:10:09','2022-02-19 14:10:09','2022-02-19 14:10:09','00b784c1-54ee-49ef-8784-4a23bcae9861'),(157,'craft','m191222_002848_peer_asset_permissions','2022-02-19 14:10:09','2022-02-19 14:10:09','2022-02-19 14:10:09','e27018dc-7e00-485c-9694-ef00497c06d3'),(158,'craft','m200127_172522_queue_channels','2022-02-19 14:10:09','2022-02-19 14:10:09','2022-02-19 14:10:09','6405ad1c-4736-4793-af3e-ceecd1276394'),(159,'craft','m200211_175048_truncate_element_query_cache','2022-02-19 14:10:09','2022-02-19 14:10:09','2022-02-19 14:10:09','4891dbed-0586-47ed-b684-612cbd085351'),(160,'craft','m200213_172522_new_elements_index','2022-02-19 14:10:09','2022-02-19 14:10:09','2022-02-19 14:10:09','85ad06b2-4027-4c68-85b6-b3b096f329ef'),(161,'craft','m200228_195211_long_deprecation_messages','2022-02-19 14:10:09','2022-02-19 14:10:09','2022-02-19 14:10:09','aed8dba0-72ee-4cb1-9923-cf597154ca03'),(162,'craft','m200306_054652_disabled_sites','2022-02-19 14:10:09','2022-02-19 14:10:09','2022-02-19 14:10:09','719eebb8-eb64-4580-bbdf-6b3c5a2be715'),(163,'craft','m200522_191453_clear_template_caches','2022-02-19 14:10:09','2022-02-19 14:10:09','2022-02-19 14:10:09','f192dc10-2361-453f-81fc-b0e28499e7e4'),(164,'craft','m200606_231117_migration_tracks','2022-02-19 14:10:09','2022-02-19 14:10:09','2022-02-19 14:10:09','7506ff2a-c7fc-4e5c-b584-eae06daf41c7'),(165,'craft','m200619_215137_title_translation_method','2022-02-19 14:10:09','2022-02-19 14:10:09','2022-02-19 14:10:09','bf26f99a-bb36-4705-b1ee-7efd79b689ff'),(166,'craft','m200620_005028_user_group_descriptions','2022-02-19 14:10:09','2022-02-19 14:10:09','2022-02-19 14:10:09','01a4e4ff-5be2-46d4-997a-21258bb154df'),(167,'craft','m200620_230205_field_layout_changes','2022-02-19 14:10:09','2022-02-19 14:10:09','2022-02-19 14:10:09','e9ae3986-78c9-4276-bb20-563d43a492c0'),(168,'craft','m200625_131100_move_entrytypes_to_top_project_config','2022-02-19 14:10:09','2022-02-19 14:10:09','2022-02-19 14:10:09','be0d8a11-c946-4443-98c9-216b94999e8f'),(169,'craft','m200629_112700_remove_project_config_legacy_files','2022-02-19 14:10:09','2022-02-19 14:10:09','2022-02-19 14:10:09','0803e59b-a051-4a9e-9928-8488c0221a50'),(170,'craft','m200630_183000_drop_configmap','2022-02-19 14:10:09','2022-02-19 14:10:09','2022-02-19 14:10:09','4f4c5c42-9481-4e58-a224-9325e76db2c0'),(171,'craft','m200715_113400_transform_index_error_flag','2022-02-19 14:10:09','2022-02-19 14:10:09','2022-02-19 14:10:09','51f7f2fd-e798-435f-a165-3a615687e047'),(172,'craft','m200716_110900_replace_file_asset_permissions','2022-02-19 14:10:09','2022-02-19 14:10:09','2022-02-19 14:10:09','cbcf695a-7927-45c0-8a95-84f0176822e5'),(173,'craft','m200716_153800_public_token_settings_in_project_config','2022-02-19 14:10:09','2022-02-19 14:10:09','2022-02-19 14:10:09','02710855-371d-4cc6-b560-ced33edd71fc'),(174,'craft','m200720_175543_drop_unique_constraints','2022-02-19 14:10:09','2022-02-19 14:10:09','2022-02-19 14:10:09','e35f2038-65ba-46f8-81a6-124006bd39f9'),(175,'craft','m200825_051217_project_config_version','2022-02-19 14:10:09','2022-02-19 14:10:09','2022-02-19 14:10:09','bedf47bc-73d2-4040-9a47-8931bcbca122'),(176,'craft','m201116_190500_asset_title_translation_method','2022-02-19 14:10:09','2022-02-19 14:10:09','2022-02-19 14:10:09','9f8ab2df-1ccb-481d-8e93-ac767d74d9df'),(177,'craft','m201124_003555_plugin_trials','2022-02-19 14:10:09','2022-02-19 14:10:09','2022-02-19 14:10:09','ddc1ad59-3c58-4ec1-8c6f-c29ee2f9fe5c'),(178,'craft','m210209_135503_soft_delete_field_groups','2022-02-19 14:10:09','2022-02-19 14:10:09','2022-02-19 14:10:09','be289523-d967-4362-9ffd-a903b520c168'),(179,'craft','m210212_223539_delete_invalid_drafts','2022-02-19 14:10:09','2022-02-19 14:10:09','2022-02-19 14:10:09','98a53f6b-e575-4233-bd9a-9ad59200c2dc'),(180,'craft','m210214_202731_track_saved_drafts','2022-02-19 14:10:09','2022-02-19 14:10:09','2022-02-19 14:10:09','10177c00-1865-4298-ba79-0f24bed645b2'),(181,'craft','m210223_150900_add_new_element_gql_schema_components','2022-02-19 14:10:09','2022-02-19 14:10:09','2022-02-19 14:10:09','f27029af-53d5-4815-9821-cc9ff8237bc8'),(182,'craft','m210302_212318_canonical_elements','2022-02-19 14:10:09','2022-02-19 14:10:09','2022-02-19 14:10:09','4647821a-24a5-413f-9164-062b33cd02c3'),(183,'craft','m210326_132000_invalidate_projectconfig_cache','2022-02-19 14:10:09','2022-02-19 14:10:09','2022-02-19 14:10:09','1242b553-5f1d-490d-999a-7f413ee1adc6'),(184,'craft','m210329_214847_field_column_suffixes','2022-02-19 14:10:09','2022-02-19 14:10:09','2022-02-19 14:10:09','bdc2b5cf-52da-4201-89fd-90783c3e7d19'),(185,'craft','m210331_220322_null_author','2022-02-19 14:10:09','2022-02-19 14:10:09','2022-02-19 14:10:09','5903fe85-a10d-43b1-9967-c11597c0d79f'),(186,'craft','m210405_231315_provisional_drafts','2022-02-19 14:10:09','2022-02-19 14:10:09','2022-02-19 14:10:09','5cd729ae-1a5d-4971-b2d7-4bee44acbfc0'),(187,'craft','m210602_111300_project_config_names_in_config','2022-02-19 14:10:09','2022-02-19 14:10:09','2022-02-19 14:10:09','6617ad7f-4b71-449f-ba2f-29c3093d6d6c'),(188,'craft','m210611_233510_default_placement_settings','2022-02-19 14:10:09','2022-02-19 14:10:09','2022-02-19 14:10:09','3d49c4b6-dc8a-4ce7-8393-891dc160c7d3'),(189,'craft','m210613_145522_sortable_global_sets','2022-02-19 14:10:09','2022-02-19 14:10:09','2022-02-19 14:10:09','6d8c84a9-57e4-4578-be0c-e4e5aa04221a'),(190,'craft','m210613_184103_announcements','2022-02-19 14:10:09','2022-02-19 14:10:09','2022-02-19 14:10:09','c8bd252d-eb0a-4019-90e0-547215f432cd'),(191,'craft','m210829_000000_element_index_tweak','2022-02-19 14:10:09','2022-02-19 14:10:09','2022-02-19 14:10:09','efd4bd19-7ac4-4383-8eaf-f3dd7af3cff4'),(192,'craft','m220209_095604_add_indexes','2022-02-19 14:10:09','2022-02-19 14:10:09','2022-02-19 14:10:09','104027ce-f8f9-4401-90ff-fca2637cb9e8'),(193,'craft','m220214_000000_truncate_sessions','2022-02-19 14:10:09','2022-02-19 14:10:09','2022-02-19 14:10:09','ed3c23ed-43ed-4b80-bec1-f0cd1be17151'),(194,'plugin:redactor','m180430_204710_remove_old_plugins','2022-02-19 15:06:04','2022-02-19 15:06:04','2022-02-19 15:06:04','c62476a0-fffe-484c-8d63-57baf43df7b1'),(195,'plugin:redactor','Install','2022-02-19 15:06:04','2022-02-19 15:06:04','2022-02-19 15:06:04','1d6fb077-c421-4ada-83e1-ff8370d51c65'),(196,'plugin:redactor','m190225_003922_split_cleanup_html_settings','2022-02-19 15:06:04','2022-02-19 15:06:04','2022-02-19 15:06:04','4acd113e-b5fb-436e-a0c4-25c91f1f3a52');
/*!40000 ALTER TABLE `migrations` ENABLE KEYS */;
UNLOCK TABLES;

--
-- Table structure for table `plugins`
--

DROP TABLE IF EXISTS `plugins`;
/*!40101 SET @saved_cs_client     = @@character_set_client */;
/*!40101 SET character_set_client = utf8 */;
CREATE TABLE `plugins` (
  `id` int(11) NOT NULL AUTO_INCREMENT,
  `handle` varchar(255) COLLATE utf8mb3_unicode_ci NOT NULL,
  `version` varchar(255) COLLATE utf8mb3_unicode_ci NOT NULL,
  `schemaVersion` varchar(255) COLLATE utf8mb3_unicode_ci NOT NULL,
  `licenseKeyStatus` enum('valid','trial','invalid','mismatched','astray','unknown') COLLATE utf8mb3_unicode_ci NOT NULL DEFAULT 'unknown',
  `licensedEdition` varchar(255) COLLATE utf8mb3_unicode_ci DEFAULT NULL,
  `installDate` datetime NOT NULL,
  `dateCreated` datetime NOT NULL,
  `dateUpdated` datetime NOT NULL,
  `uid` char(36) COLLATE utf8mb3_unicode_ci NOT NULL DEFAULT '0',
  PRIMARY KEY (`id`),
  UNIQUE KEY `idx_cjhkrhbanurtjmorcjgehplpjevrzzdecsud` (`handle`)
) ENGINE=InnoDB AUTO_INCREMENT=3 DEFAULT CHARSET=utf8mb3 COLLATE=utf8mb3_unicode_ci;
/*!40101 SET character_set_client = @saved_cs_client */;

--
-- Dumping data for table `plugins`
--

LOCK TABLES `plugins` WRITE;
/*!40000 ALTER TABLE `plugins` DISABLE KEYS */;
INSERT INTO `plugins` VALUES (1,'instagramfeed','1.1.7','1.0.0','unknown',NULL,'2022-02-19 14:21:01','2022-02-19 14:21:01','2022-02-26 11:04:55','c5ea75f6-9bd5-4e76-b01a-55390b533b9d'),(2,'redactor','2.10.3','2.3.0','unknown',NULL,'2022-02-19 15:06:04','2022-02-19 15:06:04','2022-02-26 11:04:55','4738b37a-39d3-4c36-bb84-91ca3855dc2c');
/*!40000 ALTER TABLE `plugins` ENABLE KEYS */;
UNLOCK TABLES;

--
-- Table structure for table `projectconfig`
--

DROP TABLE IF EXISTS `projectconfig`;
/*!40101 SET @saved_cs_client     = @@character_set_client */;
/*!40101 SET character_set_client = utf8 */;
CREATE TABLE `projectconfig` (
  `path` varchar(255) COLLATE utf8mb3_unicode_ci NOT NULL,
  `value` text COLLATE utf8mb3_unicode_ci NOT NULL,
  PRIMARY KEY (`path`)
) ENGINE=InnoDB DEFAULT CHARSET=utf8mb3 COLLATE=utf8mb3_unicode_ci;
/*!40101 SET character_set_client = @saved_cs_client */;

--
-- Dumping data for table `projectconfig`
--

LOCK TABLES `projectconfig` WRITE;
/*!40000 ALTER TABLE `projectconfig` DISABLE KEYS */;
INSERT INTO `projectconfig` VALUES ('dateModified','1645879960'),('email.fromEmail','\"$SYSTEM_EMAIL\"'),('email.fromName','\"$SITE_NAME\"'),('email.replyToEmail','null'),('email.template','null'),('email.transportSettings.command','\"/usr/sbin/sendmail -bs\"'),('email.transportType','\"craft\\\\mail\\\\transportadapters\\\\Sendmail\"'),('entryTypes.1097e697-d566-4b6c-9d4a-ad7f7bc7f659.fieldLayouts.cc2cdb10-fada-4c39-9c91-10bf0332fc5a.tabs.0.elements.0.autocapitalize','true'),('entryTypes.1097e697-d566-4b6c-9d4a-ad7f7bc7f659.fieldLayouts.cc2cdb10-fada-4c39-9c91-10bf0332fc5a.tabs.0.elements.0.autocomplete','false'),('entryTypes.1097e697-d566-4b6c-9d4a-ad7f7bc7f659.fieldLayouts.cc2cdb10-fada-4c39-9c91-10bf0332fc5a.tabs.0.elements.0.autocorrect','true'),('entryTypes.1097e697-d566-4b6c-9d4a-ad7f7bc7f659.fieldLayouts.cc2cdb10-fada-4c39-9c91-10bf0332fc5a.tabs.0.elements.0.class','null'),('entryTypes.1097e697-d566-4b6c-9d4a-ad7f7bc7f659.fieldLayouts.cc2cdb10-fada-4c39-9c91-10bf0332fc5a.tabs.0.elements.0.disabled','false'),('entryTypes.1097e697-d566-4b6c-9d4a-ad7f7bc7f659.fieldLayouts.cc2cdb10-fada-4c39-9c91-10bf0332fc5a.tabs.0.elements.0.id','null'),('entryTypes.1097e697-d566-4b6c-9d4a-ad7f7bc7f659.fieldLayouts.cc2cdb10-fada-4c39-9c91-10bf0332fc5a.tabs.0.elements.0.instructions','null'),('entryTypes.1097e697-d566-4b6c-9d4a-ad7f7bc7f659.fieldLayouts.cc2cdb10-fada-4c39-9c91-10bf0332fc5a.tabs.0.elements.0.label','null'),('entryTypes.1097e697-d566-4b6c-9d4a-ad7f7bc7f659.fieldLayouts.cc2cdb10-fada-4c39-9c91-10bf0332fc5a.tabs.0.elements.0.max','null'),('entryTypes.1097e697-d566-4b6c-9d4a-ad7f7bc7f659.fieldLayouts.cc2cdb10-fada-4c39-9c91-10bf0332fc5a.tabs.0.elements.0.min','null'),('entryTypes.1097e697-d566-4b6c-9d4a-ad7f7bc7f659.fieldLayouts.cc2cdb10-fada-4c39-9c91-10bf0332fc5a.tabs.0.elements.0.name','null'),('entryTypes.1097e697-d566-4b6c-9d4a-ad7f7bc7f659.fieldLayouts.cc2cdb10-fada-4c39-9c91-10bf0332fc5a.tabs.0.elements.0.orientation','null'),('entryTypes.1097e697-d566-4b6c-9d4a-ad7f7bc7f659.fieldLayouts.cc2cdb10-fada-4c39-9c91-10bf0332fc5a.tabs.0.elements.0.placeholder','null'),('entryTypes.1097e697-d566-4b6c-9d4a-ad7f7bc7f659.fieldLayouts.cc2cdb10-fada-4c39-9c91-10bf0332fc5a.tabs.0.elements.0.readonly','false'),('entryTypes.1097e697-d566-4b6c-9d4a-ad7f7bc7f659.fieldLayouts.cc2cdb10-fada-4c39-9c91-10bf0332fc5a.tabs.0.elements.0.requirable','false'),('entryTypes.1097e697-d566-4b6c-9d4a-ad7f7bc7f659.fieldLayouts.cc2cdb10-fada-4c39-9c91-10bf0332fc5a.tabs.0.elements.0.size','null'),('entryTypes.1097e697-d566-4b6c-9d4a-ad7f7bc7f659.fieldLayouts.cc2cdb10-fada-4c39-9c91-10bf0332fc5a.tabs.0.elements.0.step','null'),('entryTypes.1097e697-d566-4b6c-9d4a-ad7f7bc7f659.fieldLayouts.cc2cdb10-fada-4c39-9c91-10bf0332fc5a.tabs.0.elements.0.tip','null'),('entryTypes.1097e697-d566-4b6c-9d4a-ad7f7bc7f659.fieldLayouts.cc2cdb10-fada-4c39-9c91-10bf0332fc5a.tabs.0.elements.0.title','null'),('entryTypes.1097e697-d566-4b6c-9d4a-ad7f7bc7f659.fieldLayouts.cc2cdb10-fada-4c39-9c91-10bf0332fc5a.tabs.0.elements.0.type','\"craft\\\\fieldlayoutelements\\\\EntryTitleField\"'),('entryTypes.1097e697-d566-4b6c-9d4a-ad7f7bc7f659.fieldLayouts.cc2cdb10-fada-4c39-9c91-10bf0332fc5a.tabs.0.elements.0.warning','null'),('entryTypes.1097e697-d566-4b6c-9d4a-ad7f7bc7f659.fieldLayouts.cc2cdb10-fada-4c39-9c91-10bf0332fc5a.tabs.0.elements.0.width','100'),('entryTypes.1097e697-d566-4b6c-9d4a-ad7f7bc7f659.fieldLayouts.cc2cdb10-fada-4c39-9c91-10bf0332fc5a.tabs.0.elements.1.fieldUid','\"c0481e1b-d384-42e2-9ccf-270eca5da1a8\"'),('entryTypes.1097e697-d566-4b6c-9d4a-ad7f7bc7f659.fieldLayouts.cc2cdb10-fada-4c39-9c91-10bf0332fc5a.tabs.0.elements.1.instructions','null'),('entryTypes.1097e697-d566-4b6c-9d4a-ad7f7bc7f659.fieldLayouts.cc2cdb10-fada-4c39-9c91-10bf0332fc5a.tabs.0.elements.1.label','null'),('entryTypes.1097e697-d566-4b6c-9d4a-ad7f7bc7f659.fieldLayouts.cc2cdb10-fada-4c39-9c91-10bf0332fc5a.tabs.0.elements.1.required','false'),('entryTypes.1097e697-d566-4b6c-9d4a-ad7f7bc7f659.fieldLayouts.cc2cdb10-fada-4c39-9c91-10bf0332fc5a.tabs.0.elements.1.tip','null'),('entryTypes.1097e697-d566-4b6c-9d4a-ad7f7bc7f659.fieldLayouts.cc2cdb10-fada-4c39-9c91-10bf0332fc5a.tabs.0.elements.1.type','\"craft\\\\fieldlayoutelements\\\\CustomField\"'),('entryTypes.1097e697-d566-4b6c-9d4a-ad7f7bc7f659.fieldLayouts.cc2cdb10-fada-4c39-9c91-10bf0332fc5a.tabs.0.elements.1.warning','null'),('entryTypes.1097e697-d566-4b6c-9d4a-ad7f7bc7f659.fieldLayouts.cc2cdb10-fada-4c39-9c91-10bf0332fc5a.tabs.0.elements.1.width','100'),('entryTypes.1097e697-d566-4b6c-9d4a-ad7f7bc7f659.fieldLayouts.cc2cdb10-fada-4c39-9c91-10bf0332fc5a.tabs.0.elements.2.fieldUid','\"80930367-3591-4339-8e68-c95abe182c1c\"'),('entryTypes.1097e697-d566-4b6c-9d4a-ad7f7bc7f659.fieldLayouts.cc2cdb10-fada-4c39-9c91-10bf0332fc5a.tabs.0.elements.2.instructions','null'),('entryTypes.1097e697-d566-4b6c-9d4a-ad7f7bc7f659.fieldLayouts.cc2cdb10-fada-4c39-9c91-10bf0332fc5a.tabs.0.elements.2.label','null'),('entryTypes.1097e697-d566-4b6c-9d4a-ad7f7bc7f659.fieldLayouts.cc2cdb10-fada-4c39-9c91-10bf0332fc5a.tabs.0.elements.2.required','false'),('entryTypes.1097e697-d566-4b6c-9d4a-ad7f7bc7f659.fieldLayouts.cc2cdb10-fada-4c39-9c91-10bf0332fc5a.tabs.0.elements.2.tip','null'),('entryTypes.1097e697-d566-4b6c-9d4a-ad7f7bc7f659.fieldLayouts.cc2cdb10-fada-4c39-9c91-10bf0332fc5a.tabs.0.elements.2.type','\"craft\\\\fieldlayoutelements\\\\CustomField\"'),('entryTypes.1097e697-d566-4b6c-9d4a-ad7f7bc7f659.fieldLayouts.cc2cdb10-fada-4c39-9c91-10bf0332fc5a.tabs.0.elements.2.warning','null'),('entryTypes.1097e697-d566-4b6c-9d4a-ad7f7bc7f659.fieldLayouts.cc2cdb10-fada-4c39-9c91-10bf0332fc5a.tabs.0.elements.2.width','100'),('entryTypes.1097e697-d566-4b6c-9d4a-ad7f7bc7f659.fieldLayouts.cc2cdb10-fada-4c39-9c91-10bf0332fc5a.tabs.0.elements.3.fieldUid','\"9eab5502-84f6-4d82-9dbb-3cd0b2bcc15c\"'),('entryTypes.1097e697-d566-4b6c-9d4a-ad7f7bc7f659.fieldLayouts.cc2cdb10-fada-4c39-9c91-10bf0332fc5a.tabs.0.elements.3.instructions','null'),('entryTypes.1097e697-d566-4b6c-9d4a-ad7f7bc7f659.fieldLayouts.cc2cdb10-fada-4c39-9c91-10bf0332fc5a.tabs.0.elements.3.label','null'),('entryTypes.1097e697-d566-4b6c-9d4a-ad7f7bc7f659.fieldLayouts.cc2cdb10-fada-4c39-9c91-10bf0332fc5a.tabs.0.elements.3.required','false'),('entryTypes.1097e697-d566-4b6c-9d4a-ad7f7bc7f659.fieldLayouts.cc2cdb10-fada-4c39-9c91-10bf0332fc5a.tabs.0.elements.3.tip','null'),('entryTypes.1097e697-d566-4b6c-9d4a-ad7f7bc7f659.fieldLayouts.cc2cdb10-fada-4c39-9c91-10bf0332fc5a.tabs.0.elements.3.type','\"craft\\\\fieldlayoutelements\\\\CustomField\"'),('entryTypes.1097e697-d566-4b6c-9d4a-ad7f7bc7f659.fieldLayouts.cc2cdb10-fada-4c39-9c91-10bf0332fc5a.tabs.0.elements.3.warning','null'),('entryTypes.1097e697-d566-4b6c-9d4a-ad7f7bc7f659.fieldLayouts.cc2cdb10-fada-4c39-9c91-10bf0332fc5a.tabs.0.elements.3.width','100'),('entryTypes.1097e697-d566-4b6c-9d4a-ad7f7bc7f659.fieldLayouts.cc2cdb10-fada-4c39-9c91-10bf0332fc5a.tabs.0.elements.4.fieldUid','\"8d89ac9c-2e6b-4488-8fd3-cc51785f41ce\"'),('entryTypes.1097e697-d566-4b6c-9d4a-ad7f7bc7f659.fieldLayouts.cc2cdb10-fada-4c39-9c91-10bf0332fc5a.tabs.0.elements.4.instructions','null'),('entryTypes.1097e697-d566-4b6c-9d4a-ad7f7bc7f659.fieldLayouts.cc2cdb10-fada-4c39-9c91-10bf0332fc5a.tabs.0.elements.4.label','null'),('entryTypes.1097e697-d566-4b6c-9d4a-ad7f7bc7f659.fieldLayouts.cc2cdb10-fada-4c39-9c91-10bf0332fc5a.tabs.0.elements.4.required','false'),('entryTypes.1097e697-d566-4b6c-9d4a-ad7f7bc7f659.fieldLayouts.cc2cdb10-fada-4c39-9c91-10bf0332fc5a.tabs.0.elements.4.tip','null'),('entryTypes.1097e697-d566-4b6c-9d4a-ad7f7bc7f659.fieldLayouts.cc2cdb10-fada-4c39-9c91-10bf0332fc5a.tabs.0.elements.4.type','\"craft\\\\fieldlayoutelements\\\\CustomField\"'),('entryTypes.1097e697-d566-4b6c-9d4a-ad7f7bc7f659.fieldLayouts.cc2cdb10-fada-4c39-9c91-10bf0332fc5a.tabs.0.elements.4.warning','null'),('entryTypes.1097e697-d566-4b6c-9d4a-ad7f7bc7f659.fieldLayouts.cc2cdb10-fada-4c39-9c91-10bf0332fc5a.tabs.0.elements.4.width','100'),('entryTypes.1097e697-d566-4b6c-9d4a-ad7f7bc7f659.fieldLayouts.cc2cdb10-fada-4c39-9c91-10bf0332fc5a.tabs.0.elements.5.fieldUid','\"7c2f32d9-d13a-417c-9068-f72819209db7\"'),('entryTypes.1097e697-d566-4b6c-9d4a-ad7f7bc7f659.fieldLayouts.cc2cdb10-fada-4c39-9c91-10bf0332fc5a.tabs.0.elements.5.instructions','null'),('entryTypes.1097e697-d566-4b6c-9d4a-ad7f7bc7f659.fieldLayouts.cc2cdb10-fada-4c39-9c91-10bf0332fc5a.tabs.0.elements.5.label','null'),('entryTypes.1097e697-d566-4b6c-9d4a-ad7f7bc7f659.fieldLayouts.cc2cdb10-fada-4c39-9c91-10bf0332fc5a.tabs.0.elements.5.required','false'),('entryTypes.1097e697-d566-4b6c-9d4a-ad7f7bc7f659.fieldLayouts.cc2cdb10-fada-4c39-9c91-10bf0332fc5a.tabs.0.elements.5.tip','null'),('entryTypes.1097e697-d566-4b6c-9d4a-ad7f7bc7f659.fieldLayouts.cc2cdb10-fada-4c39-9c91-10bf0332fc5a.tabs.0.elements.5.type','\"craft\\\\fieldlayoutelements\\\\CustomField\"'),('entryTypes.1097e697-d566-4b6c-9d4a-ad7f7bc7f659.fieldLayouts.cc2cdb10-fada-4c39-9c91-10bf0332fc5a.tabs.0.elements.5.warning','null'),('entryTypes.1097e697-d566-4b6c-9d4a-ad7f7bc7f659.fieldLayouts.cc2cdb10-fada-4c39-9c91-10bf0332fc5a.tabs.0.elements.5.width','100'),('entryTypes.1097e697-d566-4b6c-9d4a-ad7f7bc7f659.fieldLayouts.cc2cdb10-fada-4c39-9c91-10bf0332fc5a.tabs.0.name','\"Content\"'),('entryTypes.1097e697-d566-4b6c-9d4a-ad7f7bc7f659.fieldLayouts.cc2cdb10-fada-4c39-9c91-10bf0332fc5a.tabs.0.sortOrder','1'),('entryTypes.1097e697-d566-4b6c-9d4a-ad7f7bc7f659.handle','\"default\"'),('entryTypes.1097e697-d566-4b6c-9d4a-ad7f7bc7f659.hasTitleField','true'),('entryTypes.1097e697-d566-4b6c-9d4a-ad7f7bc7f659.name','\"Default\"'),('entryTypes.1097e697-d566-4b6c-9d4a-ad7f7bc7f659.section','\"35d54df4-4bf2-4070-8661-e0abbb64f186\"'),('entryTypes.1097e697-d566-4b6c-9d4a-ad7f7bc7f659.sortOrder','1'),('entryTypes.1097e697-d566-4b6c-9d4a-ad7f7bc7f659.titleFormat','null'),('entryTypes.1097e697-d566-4b6c-9d4a-ad7f7bc7f659.titleTranslationKeyFormat','null'),('entryTypes.1097e697-d566-4b6c-9d4a-ad7f7bc7f659.titleTranslationMethod','\"site\"'),('entryTypes.1ee72fc5-a94f-41b6-90d1-e4688a60aef5.fieldLayouts.7c67272b-04fc-4e0d-a67a-a13722d3777b.tabs.0.elements.0.autocapitalize','true'),('entryTypes.1ee72fc5-a94f-41b6-90d1-e4688a60aef5.fieldLayouts.7c67272b-04fc-4e0d-a67a-a13722d3777b.tabs.0.elements.0.autocomplete','false'),('entryTypes.1ee72fc5-a94f-41b6-90d1-e4688a60aef5.fieldLayouts.7c67272b-04fc-4e0d-a67a-a13722d3777b.tabs.0.elements.0.autocorrect','true'),('entryTypes.1ee72fc5-a94f-41b6-90d1-e4688a60aef5.fieldLayouts.7c67272b-04fc-4e0d-a67a-a13722d3777b.tabs.0.elements.0.class','null'),('entryTypes.1ee72fc5-a94f-41b6-90d1-e4688a60aef5.fieldLayouts.7c67272b-04fc-4e0d-a67a-a13722d3777b.tabs.0.elements.0.disabled','false'),('entryTypes.1ee72fc5-a94f-41b6-90d1-e4688a60aef5.fieldLayouts.7c67272b-04fc-4e0d-a67a-a13722d3777b.tabs.0.elements.0.id','null'),('entryTypes.1ee72fc5-a94f-41b6-90d1-e4688a60aef5.fieldLayouts.7c67272b-04fc-4e0d-a67a-a13722d3777b.tabs.0.elements.0.instructions','null'),('entryTypes.1ee72fc5-a94f-41b6-90d1-e4688a60aef5.fieldLayouts.7c67272b-04fc-4e0d-a67a-a13722d3777b.tabs.0.elements.0.label','null'),('entryTypes.1ee72fc5-a94f-41b6-90d1-e4688a60aef5.fieldLayouts.7c67272b-04fc-4e0d-a67a-a13722d3777b.tabs.0.elements.0.max','null'),('entryTypes.1ee72fc5-a94f-41b6-90d1-e4688a60aef5.fieldLayouts.7c67272b-04fc-4e0d-a67a-a13722d3777b.tabs.0.elements.0.min','null'),('entryTypes.1ee72fc5-a94f-41b6-90d1-e4688a60aef5.fieldLayouts.7c67272b-04fc-4e0d-a67a-a13722d3777b.tabs.0.elements.0.name','null'),('entryTypes.1ee72fc5-a94f-41b6-90d1-e4688a60aef5.fieldLayouts.7c67272b-04fc-4e0d-a67a-a13722d3777b.tabs.0.elements.0.orientation','null'),('entryTypes.1ee72fc5-a94f-41b6-90d1-e4688a60aef5.fieldLayouts.7c67272b-04fc-4e0d-a67a-a13722d3777b.tabs.0.elements.0.placeholder','null'),('entryTypes.1ee72fc5-a94f-41b6-90d1-e4688a60aef5.fieldLayouts.7c67272b-04fc-4e0d-a67a-a13722d3777b.tabs.0.elements.0.readonly','false'),('entryTypes.1ee72fc5-a94f-41b6-90d1-e4688a60aef5.fieldLayouts.7c67272b-04fc-4e0d-a67a-a13722d3777b.tabs.0.elements.0.requirable','false'),('entryTypes.1ee72fc5-a94f-41b6-90d1-e4688a60aef5.fieldLayouts.7c67272b-04fc-4e0d-a67a-a13722d3777b.tabs.0.elements.0.size','null'),('entryTypes.1ee72fc5-a94f-41b6-90d1-e4688a60aef5.fieldLayouts.7c67272b-04fc-4e0d-a67a-a13722d3777b.tabs.0.elements.0.step','null'),('entryTypes.1ee72fc5-a94f-41b6-90d1-e4688a60aef5.fieldLayouts.7c67272b-04fc-4e0d-a67a-a13722d3777b.tabs.0.elements.0.tip','null'),('entryTypes.1ee72fc5-a94f-41b6-90d1-e4688a60aef5.fieldLayouts.7c67272b-04fc-4e0d-a67a-a13722d3777b.tabs.0.elements.0.title','null'),('entryTypes.1ee72fc5-a94f-41b6-90d1-e4688a60aef5.fieldLayouts.7c67272b-04fc-4e0d-a67a-a13722d3777b.tabs.0.elements.0.type','\"craft\\\\fieldlayoutelements\\\\EntryTitleField\"'),('entryTypes.1ee72fc5-a94f-41b6-90d1-e4688a60aef5.fieldLayouts.7c67272b-04fc-4e0d-a67a-a13722d3777b.tabs.0.elements.0.warning','null'),('entryTypes.1ee72fc5-a94f-41b6-90d1-e4688a60aef5.fieldLayouts.7c67272b-04fc-4e0d-a67a-a13722d3777b.tabs.0.elements.0.width','100'),('entryTypes.1ee72fc5-a94f-41b6-90d1-e4688a60aef5.fieldLayouts.7c67272b-04fc-4e0d-a67a-a13722d3777b.tabs.0.elements.1.fieldUid','\"45510379-3fcf-4283-a246-9069f9bc58bb\"'),('entryTypes.1ee72fc5-a94f-41b6-90d1-e4688a60aef5.fieldLayouts.7c67272b-04fc-4e0d-a67a-a13722d3777b.tabs.0.elements.1.instructions','null'),('entryTypes.1ee72fc5-a94f-41b6-90d1-e4688a60aef5.fieldLayouts.7c67272b-04fc-4e0d-a67a-a13722d3777b.tabs.0.elements.1.label','null'),('entryTypes.1ee72fc5-a94f-41b6-90d1-e4688a60aef5.fieldLayouts.7c67272b-04fc-4e0d-a67a-a13722d3777b.tabs.0.elements.1.required','false'),('entryTypes.1ee72fc5-a94f-41b6-90d1-e4688a60aef5.fieldLayouts.7c67272b-04fc-4e0d-a67a-a13722d3777b.tabs.0.elements.1.tip','null'),('entryTypes.1ee72fc5-a94f-41b6-90d1-e4688a60aef5.fieldLayouts.7c67272b-04fc-4e0d-a67a-a13722d3777b.tabs.0.elements.1.type','\"craft\\\\fieldlayoutelements\\\\CustomField\"'),('entryTypes.1ee72fc5-a94f-41b6-90d1-e4688a60aef5.fieldLayouts.7c67272b-04fc-4e0d-a67a-a13722d3777b.tabs.0.elements.1.warning','null'),('entryTypes.1ee72fc5-a94f-41b6-90d1-e4688a60aef5.fieldLayouts.7c67272b-04fc-4e0d-a67a-a13722d3777b.tabs.0.elements.1.width','100'),('entryTypes.1ee72fc5-a94f-41b6-90d1-e4688a60aef5.fieldLayouts.7c67272b-04fc-4e0d-a67a-a13722d3777b.tabs.0.name','\"Content\"'),('entryTypes.1ee72fc5-a94f-41b6-90d1-e4688a60aef5.fieldLayouts.7c67272b-04fc-4e0d-a67a-a13722d3777b.tabs.0.sortOrder','1'),('entryTypes.1ee72fc5-a94f-41b6-90d1-e4688a60aef5.handle','\"home\"'),('entryTypes.1ee72fc5-a94f-41b6-90d1-e4688a60aef5.hasTitleField','false'),('entryTypes.1ee72fc5-a94f-41b6-90d1-e4688a60aef5.name','\"Home\"'),('entryTypes.1ee72fc5-a94f-41b6-90d1-e4688a60aef5.section','\"2a228bbd-71b6-4867-baf1-e4a7bcb17b2d\"'),('entryTypes.1ee72fc5-a94f-41b6-90d1-e4688a60aef5.sortOrder','1'),('entryTypes.1ee72fc5-a94f-41b6-90d1-e4688a60aef5.titleFormat','\"{section.name|raw}\"'),('entryTypes.1ee72fc5-a94f-41b6-90d1-e4688a60aef5.titleTranslationKeyFormat','null'),('entryTypes.1ee72fc5-a94f-41b6-90d1-e4688a60aef5.titleTranslationMethod','\"site\"'),('entryTypes.6e9b6c4a-54f8-4a7b-b66d-c13675c56095.fieldLayouts.d98c09c3-9222-43ab-9a26-7daf5e9064e8.tabs.0.elements.0.fieldUid','\"c5877c79-629e-4ea2-b30b-46f0b9d1df55\"'),('entryTypes.6e9b6c4a-54f8-4a7b-b66d-c13675c56095.fieldLayouts.d98c09c3-9222-43ab-9a26-7daf5e9064e8.tabs.0.elements.0.instructions','\"\"'),('entryTypes.6e9b6c4a-54f8-4a7b-b66d-c13675c56095.fieldLayouts.d98c09c3-9222-43ab-9a26-7daf5e9064e8.tabs.0.elements.0.label','\"\"'),('entryTypes.6e9b6c4a-54f8-4a7b-b66d-c13675c56095.fieldLayouts.d98c09c3-9222-43ab-9a26-7daf5e9064e8.tabs.0.elements.0.required','\"1\"'),('entryTypes.6e9b6c4a-54f8-4a7b-b66d-c13675c56095.fieldLayouts.d98c09c3-9222-43ab-9a26-7daf5e9064e8.tabs.0.elements.0.tip','null'),('entryTypes.6e9b6c4a-54f8-4a7b-b66d-c13675c56095.fieldLayouts.d98c09c3-9222-43ab-9a26-7daf5e9064e8.tabs.0.elements.0.type','\"craft\\\\fieldlayoutelements\\\\CustomField\"'),('entryTypes.6e9b6c4a-54f8-4a7b-b66d-c13675c56095.fieldLayouts.d98c09c3-9222-43ab-9a26-7daf5e9064e8.tabs.0.elements.0.warning','null'),('entryTypes.6e9b6c4a-54f8-4a7b-b66d-c13675c56095.fieldLayouts.d98c09c3-9222-43ab-9a26-7daf5e9064e8.tabs.0.elements.0.width','100'),('entryTypes.6e9b6c4a-54f8-4a7b-b66d-c13675c56095.fieldLayouts.d98c09c3-9222-43ab-9a26-7daf5e9064e8.tabs.0.elements.1.autocapitalize','true'),('entryTypes.6e9b6c4a-54f8-4a7b-b66d-c13675c56095.fieldLayouts.d98c09c3-9222-43ab-9a26-7daf5e9064e8.tabs.0.elements.1.autocomplete','false'),('entryTypes.6e9b6c4a-54f8-4a7b-b66d-c13675c56095.fieldLayouts.d98c09c3-9222-43ab-9a26-7daf5e9064e8.tabs.0.elements.1.autocorrect','true'),('entryTypes.6e9b6c4a-54f8-4a7b-b66d-c13675c56095.fieldLayouts.d98c09c3-9222-43ab-9a26-7daf5e9064e8.tabs.0.elements.1.class','null'),('entryTypes.6e9b6c4a-54f8-4a7b-b66d-c13675c56095.fieldLayouts.d98c09c3-9222-43ab-9a26-7daf5e9064e8.tabs.0.elements.1.disabled','false'),('entryTypes.6e9b6c4a-54f8-4a7b-b66d-c13675c56095.fieldLayouts.d98c09c3-9222-43ab-9a26-7daf5e9064e8.tabs.0.elements.1.id','null'),('entryTypes.6e9b6c4a-54f8-4a7b-b66d-c13675c56095.fieldLayouts.d98c09c3-9222-43ab-9a26-7daf5e9064e8.tabs.0.elements.1.instructions','null'),('entryTypes.6e9b6c4a-54f8-4a7b-b66d-c13675c56095.fieldLayouts.d98c09c3-9222-43ab-9a26-7daf5e9064e8.tabs.0.elements.1.label','null'),('entryTypes.6e9b6c4a-54f8-4a7b-b66d-c13675c56095.fieldLayouts.d98c09c3-9222-43ab-9a26-7daf5e9064e8.tabs.0.elements.1.max','null'),('entryTypes.6e9b6c4a-54f8-4a7b-b66d-c13675c56095.fieldLayouts.d98c09c3-9222-43ab-9a26-7daf5e9064e8.tabs.0.elements.1.min','null'),('entryTypes.6e9b6c4a-54f8-4a7b-b66d-c13675c56095.fieldLayouts.d98c09c3-9222-43ab-9a26-7daf5e9064e8.tabs.0.elements.1.name','null'),('entryTypes.6e9b6c4a-54f8-4a7b-b66d-c13675c56095.fieldLayouts.d98c09c3-9222-43ab-9a26-7daf5e9064e8.tabs.0.elements.1.orientation','null'),('entryTypes.6e9b6c4a-54f8-4a7b-b66d-c13675c56095.fieldLayouts.d98c09c3-9222-43ab-9a26-7daf5e9064e8.tabs.0.elements.1.placeholder','null'),('entryTypes.6e9b6c4a-54f8-4a7b-b66d-c13675c56095.fieldLayouts.d98c09c3-9222-43ab-9a26-7daf5e9064e8.tabs.0.elements.1.readonly','false'),('entryTypes.6e9b6c4a-54f8-4a7b-b66d-c13675c56095.fieldLayouts.d98c09c3-9222-43ab-9a26-7daf5e9064e8.tabs.0.elements.1.requirable','false'),('entryTypes.6e9b6c4a-54f8-4a7b-b66d-c13675c56095.fieldLayouts.d98c09c3-9222-43ab-9a26-7daf5e9064e8.tabs.0.elements.1.size','null'),('entryTypes.6e9b6c4a-54f8-4a7b-b66d-c13675c56095.fieldLayouts.d98c09c3-9222-43ab-9a26-7daf5e9064e8.tabs.0.elements.1.step','null'),('entryTypes.6e9b6c4a-54f8-4a7b-b66d-c13675c56095.fieldLayouts.d98c09c3-9222-43ab-9a26-7daf5e9064e8.tabs.0.elements.1.tip','null'),('entryTypes.6e9b6c4a-54f8-4a7b-b66d-c13675c56095.fieldLayouts.d98c09c3-9222-43ab-9a26-7daf5e9064e8.tabs.0.elements.1.title','null'),('entryTypes.6e9b6c4a-54f8-4a7b-b66d-c13675c56095.fieldLayouts.d98c09c3-9222-43ab-9a26-7daf5e9064e8.tabs.0.elements.1.type','\"craft\\\\fieldlayoutelements\\\\EntryTitleField\"'),('entryTypes.6e9b6c4a-54f8-4a7b-b66d-c13675c56095.fieldLayouts.d98c09c3-9222-43ab-9a26-7daf5e9064e8.tabs.0.elements.1.warning','null'),('entryTypes.6e9b6c4a-54f8-4a7b-b66d-c13675c56095.fieldLayouts.d98c09c3-9222-43ab-9a26-7daf5e9064e8.tabs.0.elements.1.width','100'),('entryTypes.6e9b6c4a-54f8-4a7b-b66d-c13675c56095.fieldLayouts.d98c09c3-9222-43ab-9a26-7daf5e9064e8.tabs.0.elements.2.fieldUid','\"a855cc54-b3cf-4574-9f7d-2d7186d0c56a\"'),('entryTypes.6e9b6c4a-54f8-4a7b-b66d-c13675c56095.fieldLayouts.d98c09c3-9222-43ab-9a26-7daf5e9064e8.tabs.0.elements.2.instructions','\"\"'),('entryTypes.6e9b6c4a-54f8-4a7b-b66d-c13675c56095.fieldLayouts.d98c09c3-9222-43ab-9a26-7daf5e9064e8.tabs.0.elements.2.label','\"\"'),('entryTypes.6e9b6c4a-54f8-4a7b-b66d-c13675c56095.fieldLayouts.d98c09c3-9222-43ab-9a26-7daf5e9064e8.tabs.0.elements.2.required','\"1\"'),('entryTypes.6e9b6c4a-54f8-4a7b-b66d-c13675c56095.fieldLayouts.d98c09c3-9222-43ab-9a26-7daf5e9064e8.tabs.0.elements.2.tip','null'),('entryTypes.6e9b6c4a-54f8-4a7b-b66d-c13675c56095.fieldLayouts.d98c09c3-9222-43ab-9a26-7daf5e9064e8.tabs.0.elements.2.type','\"craft\\\\fieldlayoutelements\\\\CustomField\"'),('entryTypes.6e9b6c4a-54f8-4a7b-b66d-c13675c56095.fieldLayouts.d98c09c3-9222-43ab-9a26-7daf5e9064e8.tabs.0.elements.2.warning','null'),('entryTypes.6e9b6c4a-54f8-4a7b-b66d-c13675c56095.fieldLayouts.d98c09c3-9222-43ab-9a26-7daf5e9064e8.tabs.0.elements.2.width','100'),('entryTypes.6e9b6c4a-54f8-4a7b-b66d-c13675c56095.fieldLayouts.d98c09c3-9222-43ab-9a26-7daf5e9064e8.tabs.0.elements.3.fieldUid','\"e3cbf09d-5a34-4839-8d0e-d4202ff195f3\"'),('entryTypes.6e9b6c4a-54f8-4a7b-b66d-c13675c56095.fieldLayouts.d98c09c3-9222-43ab-9a26-7daf5e9064e8.tabs.0.elements.3.instructions','\"\"'),('entryTypes.6e9b6c4a-54f8-4a7b-b66d-c13675c56095.fieldLayouts.d98c09c3-9222-43ab-9a26-7daf5e9064e8.tabs.0.elements.3.label','\"\"'),('entryTypes.6e9b6c4a-54f8-4a7b-b66d-c13675c56095.fieldLayouts.d98c09c3-9222-43ab-9a26-7daf5e9064e8.tabs.0.elements.3.required','\"1\"'),('entryTypes.6e9b6c4a-54f8-4a7b-b66d-c13675c56095.fieldLayouts.d98c09c3-9222-43ab-9a26-7daf5e9064e8.tabs.0.elements.3.tip','null'),('entryTypes.6e9b6c4a-54f8-4a7b-b66d-c13675c56095.fieldLayouts.d98c09c3-9222-43ab-9a26-7daf5e9064e8.tabs.0.elements.3.type','\"craft\\\\fieldlayoutelements\\\\CustomField\"'),('entryTypes.6e9b6c4a-54f8-4a7b-b66d-c13675c56095.fieldLayouts.d98c09c3-9222-43ab-9a26-7daf5e9064e8.tabs.0.elements.3.warning','null'),('entryTypes.6e9b6c4a-54f8-4a7b-b66d-c13675c56095.fieldLayouts.d98c09c3-9222-43ab-9a26-7daf5e9064e8.tabs.0.elements.3.width','100'),('entryTypes.6e9b6c4a-54f8-4a7b-b66d-c13675c56095.fieldLayouts.d98c09c3-9222-43ab-9a26-7daf5e9064e8.tabs.0.name','\"Content\"'),('entryTypes.6e9b6c4a-54f8-4a7b-b66d-c13675c56095.fieldLayouts.d98c09c3-9222-43ab-9a26-7daf5e9064e8.tabs.0.sortOrder','1'),('entryTypes.6e9b6c4a-54f8-4a7b-b66d-c13675c56095.handle','\"default\"'),('entryTypes.6e9b6c4a-54f8-4a7b-b66d-c13675c56095.hasTitleField','true'),('entryTypes.6e9b6c4a-54f8-4a7b-b66d-c13675c56095.name','\"Default\"'),('entryTypes.6e9b6c4a-54f8-4a7b-b66d-c13675c56095.section','\"0bff018e-5871-462b-a2d0-404b19107f70\"'),('entryTypes.6e9b6c4a-54f8-4a7b-b66d-c13675c56095.sortOrder','1'),('entryTypes.6e9b6c4a-54f8-4a7b-b66d-c13675c56095.titleFormat','null'),('entryTypes.6e9b6c4a-54f8-4a7b-b66d-c13675c56095.titleTranslationKeyFormat','null'),('entryTypes.6e9b6c4a-54f8-4a7b-b66d-c13675c56095.titleTranslationMethod','\"site\"'),('entryTypes.97d20be1-a3a2-4b1c-a566-94ad2de96608.fieldLayouts.9e94ea38-ae50-4168-ab07-9e5dab6f2340.tabs.0.elements.0.autocapitalize','true'),('entryTypes.97d20be1-a3a2-4b1c-a566-94ad2de96608.fieldLayouts.9e94ea38-ae50-4168-ab07-9e5dab6f2340.tabs.0.elements.0.autocomplete','false'),('entryTypes.97d20be1-a3a2-4b1c-a566-94ad2de96608.fieldLayouts.9e94ea38-ae50-4168-ab07-9e5dab6f2340.tabs.0.elements.0.autocorrect','true'),('entryTypes.97d20be1-a3a2-4b1c-a566-94ad2de96608.fieldLayouts.9e94ea38-ae50-4168-ab07-9e5dab6f2340.tabs.0.elements.0.class','null'),('entryTypes.97d20be1-a3a2-4b1c-a566-94ad2de96608.fieldLayouts.9e94ea38-ae50-4168-ab07-9e5dab6f2340.tabs.0.elements.0.disabled','false'),('entryTypes.97d20be1-a3a2-4b1c-a566-94ad2de96608.fieldLayouts.9e94ea38-ae50-4168-ab07-9e5dab6f2340.tabs.0.elements.0.id','null'),('entryTypes.97d20be1-a3a2-4b1c-a566-94ad2de96608.fieldLayouts.9e94ea38-ae50-4168-ab07-9e5dab6f2340.tabs.0.elements.0.instructions','null'),('entryTypes.97d20be1-a3a2-4b1c-a566-94ad2de96608.fieldLayouts.9e94ea38-ae50-4168-ab07-9e5dab6f2340.tabs.0.elements.0.label','null'),('entryTypes.97d20be1-a3a2-4b1c-a566-94ad2de96608.fieldLayouts.9e94ea38-ae50-4168-ab07-9e5dab6f2340.tabs.0.elements.0.max','null'),('entryTypes.97d20be1-a3a2-4b1c-a566-94ad2de96608.fieldLayouts.9e94ea38-ae50-4168-ab07-9e5dab6f2340.tabs.0.elements.0.min','null'),('entryTypes.97d20be1-a3a2-4b1c-a566-94ad2de96608.fieldLayouts.9e94ea38-ae50-4168-ab07-9e5dab6f2340.tabs.0.elements.0.name','null'),('entryTypes.97d20be1-a3a2-4b1c-a566-94ad2de96608.fieldLayouts.9e94ea38-ae50-4168-ab07-9e5dab6f2340.tabs.0.elements.0.orientation','null'),('entryTypes.97d20be1-a3a2-4b1c-a566-94ad2de96608.fieldLayouts.9e94ea38-ae50-4168-ab07-9e5dab6f2340.tabs.0.elements.0.placeholder','null'),('entryTypes.97d20be1-a3a2-4b1c-a566-94ad2de96608.fieldLayouts.9e94ea38-ae50-4168-ab07-9e5dab6f2340.tabs.0.elements.0.readonly','false'),('entryTypes.97d20be1-a3a2-4b1c-a566-94ad2de96608.fieldLayouts.9e94ea38-ae50-4168-ab07-9e5dab6f2340.tabs.0.elements.0.requirable','false'),('entryTypes.97d20be1-a3a2-4b1c-a566-94ad2de96608.fieldLayouts.9e94ea38-ae50-4168-ab07-9e5dab6f2340.tabs.0.elements.0.size','null'),('entryTypes.97d20be1-a3a2-4b1c-a566-94ad2de96608.fieldLayouts.9e94ea38-ae50-4168-ab07-9e5dab6f2340.tabs.0.elements.0.step','null'),('entryTypes.97d20be1-a3a2-4b1c-a566-94ad2de96608.fieldLayouts.9e94ea38-ae50-4168-ab07-9e5dab6f2340.tabs.0.elements.0.tip','null'),('entryTypes.97d20be1-a3a2-4b1c-a566-94ad2de96608.fieldLayouts.9e94ea38-ae50-4168-ab07-9e5dab6f2340.tabs.0.elements.0.title','null'),('entryTypes.97d20be1-a3a2-4b1c-a566-94ad2de96608.fieldLayouts.9e94ea38-ae50-4168-ab07-9e5dab6f2340.tabs.0.elements.0.type','\"craft\\\\fieldlayoutelements\\\\EntryTitleField\"'),('entryTypes.97d20be1-a3a2-4b1c-a566-94ad2de96608.fieldLayouts.9e94ea38-ae50-4168-ab07-9e5dab6f2340.tabs.0.elements.0.warning','null'),('entryTypes.97d20be1-a3a2-4b1c-a566-94ad2de96608.fieldLayouts.9e94ea38-ae50-4168-ab07-9e5dab6f2340.tabs.0.elements.0.width','100'),('entryTypes.97d20be1-a3a2-4b1c-a566-94ad2de96608.fieldLayouts.9e94ea38-ae50-4168-ab07-9e5dab6f2340.tabs.0.elements.1.fieldUid','\"45510379-3fcf-4283-a246-9069f9bc58bb\"'),('entryTypes.97d20be1-a3a2-4b1c-a566-94ad2de96608.fieldLayouts.9e94ea38-ae50-4168-ab07-9e5dab6f2340.tabs.0.elements.1.instructions','null'),('entryTypes.97d20be1-a3a2-4b1c-a566-94ad2de96608.fieldLayouts.9e94ea38-ae50-4168-ab07-9e5dab6f2340.tabs.0.elements.1.label','null'),('entryTypes.97d20be1-a3a2-4b1c-a566-94ad2de96608.fieldLayouts.9e94ea38-ae50-4168-ab07-9e5dab6f2340.tabs.0.elements.1.required','false'),('entryTypes.97d20be1-a3a2-4b1c-a566-94ad2de96608.fieldLayouts.9e94ea38-ae50-4168-ab07-9e5dab6f2340.tabs.0.elements.1.tip','null'),('entryTypes.97d20be1-a3a2-4b1c-a566-94ad2de96608.fieldLayouts.9e94ea38-ae50-4168-ab07-9e5dab6f2340.tabs.0.elements.1.type','\"craft\\\\fieldlayoutelements\\\\CustomField\"'),('entryTypes.97d20be1-a3a2-4b1c-a566-94ad2de96608.fieldLayouts.9e94ea38-ae50-4168-ab07-9e5dab6f2340.tabs.0.elements.1.warning','null'),('entryTypes.97d20be1-a3a2-4b1c-a566-94ad2de96608.fieldLayouts.9e94ea38-ae50-4168-ab07-9e5dab6f2340.tabs.0.elements.1.width','100'),('entryTypes.97d20be1-a3a2-4b1c-a566-94ad2de96608.fieldLayouts.9e94ea38-ae50-4168-ab07-9e5dab6f2340.tabs.0.name','\"Content\"'),('entryTypes.97d20be1-a3a2-4b1c-a566-94ad2de96608.fieldLayouts.9e94ea38-ae50-4168-ab07-9e5dab6f2340.tabs.0.sortOrder','1'),('entryTypes.97d20be1-a3a2-4b1c-a566-94ad2de96608.handle','\"default\"'),('entryTypes.97d20be1-a3a2-4b1c-a566-94ad2de96608.hasTitleField','true'),('entryTypes.97d20be1-a3a2-4b1c-a566-94ad2de96608.name','\"Default\"'),('entryTypes.97d20be1-a3a2-4b1c-a566-94ad2de96608.section','\"cbf3800a-f50c-4b4f-8b1c-30cfc66edb25\"'),('entryTypes.97d20be1-a3a2-4b1c-a566-94ad2de96608.sortOrder','1'),('entryTypes.97d20be1-a3a2-4b1c-a566-94ad2de96608.titleFormat','null'),('entryTypes.97d20be1-a3a2-4b1c-a566-94ad2de96608.titleTranslationKeyFormat','null'),('entryTypes.97d20be1-a3a2-4b1c-a566-94ad2de96608.titleTranslationMethod','\"site\"'),('entryTypes.a9765927-ed93-4cbd-9565-b13833b6c7a4.fieldLayouts.a5743708-acd4-4275-9749-c693f831b048.tabs.0.elements.0.fieldUid','\"8ec02121-dce7-4c10-afef-2f16973f3e80\"'),('entryTypes.a9765927-ed93-4cbd-9565-b13833b6c7a4.fieldLayouts.a5743708-acd4-4275-9749-c693f831b048.tabs.0.elements.0.instructions','\"\"'),('entryTypes.a9765927-ed93-4cbd-9565-b13833b6c7a4.fieldLayouts.a5743708-acd4-4275-9749-c693f831b048.tabs.0.elements.0.label','\"\"'),('entryTypes.a9765927-ed93-4cbd-9565-b13833b6c7a4.fieldLayouts.a5743708-acd4-4275-9749-c693f831b048.tabs.0.elements.0.required','\"1\"'),('entryTypes.a9765927-ed93-4cbd-9565-b13833b6c7a4.fieldLayouts.a5743708-acd4-4275-9749-c693f831b048.tabs.0.elements.0.tip','null'),('entryTypes.a9765927-ed93-4cbd-9565-b13833b6c7a4.fieldLayouts.a5743708-acd4-4275-9749-c693f831b048.tabs.0.elements.0.type','\"craft\\\\fieldlayoutelements\\\\CustomField\"'),('entryTypes.a9765927-ed93-4cbd-9565-b13833b6c7a4.fieldLayouts.a5743708-acd4-4275-9749-c693f831b048.tabs.0.elements.0.warning','null'),('entryTypes.a9765927-ed93-4cbd-9565-b13833b6c7a4.fieldLayouts.a5743708-acd4-4275-9749-c693f831b048.tabs.0.elements.0.width','100'),('entryTypes.a9765927-ed93-4cbd-9565-b13833b6c7a4.fieldLayouts.a5743708-acd4-4275-9749-c693f831b048.tabs.0.elements.1.autocapitalize','true'),('entryTypes.a9765927-ed93-4cbd-9565-b13833b6c7a4.fieldLayouts.a5743708-acd4-4275-9749-c693f831b048.tabs.0.elements.1.autocomplete','false'),('entryTypes.a9765927-ed93-4cbd-9565-b13833b6c7a4.fieldLayouts.a5743708-acd4-4275-9749-c693f831b048.tabs.0.elements.1.autocorrect','true'),('entryTypes.a9765927-ed93-4cbd-9565-b13833b6c7a4.fieldLayouts.a5743708-acd4-4275-9749-c693f831b048.tabs.0.elements.1.class','null'),('entryTypes.a9765927-ed93-4cbd-9565-b13833b6c7a4.fieldLayouts.a5743708-acd4-4275-9749-c693f831b048.tabs.0.elements.1.disabled','false'),('entryTypes.a9765927-ed93-4cbd-9565-b13833b6c7a4.fieldLayouts.a5743708-acd4-4275-9749-c693f831b048.tabs.0.elements.1.id','null'),('entryTypes.a9765927-ed93-4cbd-9565-b13833b6c7a4.fieldLayouts.a5743708-acd4-4275-9749-c693f831b048.tabs.0.elements.1.instructions','null'),('entryTypes.a9765927-ed93-4cbd-9565-b13833b6c7a4.fieldLayouts.a5743708-acd4-4275-9749-c693f831b048.tabs.0.elements.1.label','null'),('entryTypes.a9765927-ed93-4cbd-9565-b13833b6c7a4.fieldLayouts.a5743708-acd4-4275-9749-c693f831b048.tabs.0.elements.1.max','null'),('entryTypes.a9765927-ed93-4cbd-9565-b13833b6c7a4.fieldLayouts.a5743708-acd4-4275-9749-c693f831b048.tabs.0.elements.1.min','null'),('entryTypes.a9765927-ed93-4cbd-9565-b13833b6c7a4.fieldLayouts.a5743708-acd4-4275-9749-c693f831b048.tabs.0.elements.1.name','null'),('entryTypes.a9765927-ed93-4cbd-9565-b13833b6c7a4.fieldLayouts.a5743708-acd4-4275-9749-c693f831b048.tabs.0.elements.1.orientation','null'),('entryTypes.a9765927-ed93-4cbd-9565-b13833b6c7a4.fieldLayouts.a5743708-acd4-4275-9749-c693f831b048.tabs.0.elements.1.placeholder','null'),('entryTypes.a9765927-ed93-4cbd-9565-b13833b6c7a4.fieldLayouts.a5743708-acd4-4275-9749-c693f831b048.tabs.0.elements.1.readonly','false'),('entryTypes.a9765927-ed93-4cbd-9565-b13833b6c7a4.fieldLayouts.a5743708-acd4-4275-9749-c693f831b048.tabs.0.elements.1.requirable','false'),('entryTypes.a9765927-ed93-4cbd-9565-b13833b6c7a4.fieldLayouts.a5743708-acd4-4275-9749-c693f831b048.tabs.0.elements.1.size','null'),('entryTypes.a9765927-ed93-4cbd-9565-b13833b6c7a4.fieldLayouts.a5743708-acd4-4275-9749-c693f831b048.tabs.0.elements.1.step','null'),('entryTypes.a9765927-ed93-4cbd-9565-b13833b6c7a4.fieldLayouts.a5743708-acd4-4275-9749-c693f831b048.tabs.0.elements.1.tip','null'),('entryTypes.a9765927-ed93-4cbd-9565-b13833b6c7a4.fieldLayouts.a5743708-acd4-4275-9749-c693f831b048.tabs.0.elements.1.title','null'),('entryTypes.a9765927-ed93-4cbd-9565-b13833b6c7a4.fieldLayouts.a5743708-acd4-4275-9749-c693f831b048.tabs.0.elements.1.type','\"craft\\\\fieldlayoutelements\\\\EntryTitleField\"'),('entryTypes.a9765927-ed93-4cbd-9565-b13833b6c7a4.fieldLayouts.a5743708-acd4-4275-9749-c693f831b048.tabs.0.elements.1.warning','null'),('entryTypes.a9765927-ed93-4cbd-9565-b13833b6c7a4.fieldLayouts.a5743708-acd4-4275-9749-c693f831b048.tabs.0.elements.1.width','100'),('entryTypes.a9765927-ed93-4cbd-9565-b13833b6c7a4.fieldLayouts.a5743708-acd4-4275-9749-c693f831b048.tabs.0.elements.2.fieldUid','\"cc1596c9-97c9-4ac5-80dd-873c5b8889c9\"'),('entryTypes.a9765927-ed93-4cbd-9565-b13833b6c7a4.fieldLayouts.a5743708-acd4-4275-9749-c693f831b048.tabs.0.elements.2.instructions','null'),('entryTypes.a9765927-ed93-4cbd-9565-b13833b6c7a4.fieldLayouts.a5743708-acd4-4275-9749-c693f831b048.tabs.0.elements.2.label','null'),('entryTypes.a9765927-ed93-4cbd-9565-b13833b6c7a4.fieldLayouts.a5743708-acd4-4275-9749-c693f831b048.tabs.0.elements.2.required','false'),('entryTypes.a9765927-ed93-4cbd-9565-b13833b6c7a4.fieldLayouts.a5743708-acd4-4275-9749-c693f831b048.tabs.0.elements.2.tip','null'),('entryTypes.a9765927-ed93-4cbd-9565-b13833b6c7a4.fieldLayouts.a5743708-acd4-4275-9749-c693f831b048.tabs.0.elements.2.type','\"craft\\\\fieldlayoutelements\\\\CustomField\"'),('entryTypes.a9765927-ed93-4cbd-9565-b13833b6c7a4.fieldLayouts.a5743708-acd4-4275-9749-c693f831b048.tabs.0.elements.2.warning','null'),('entryTypes.a9765927-ed93-4cbd-9565-b13833b6c7a4.fieldLayouts.a5743708-acd4-4275-9749-c693f831b048.tabs.0.elements.2.width','100'),('entryTypes.a9765927-ed93-4cbd-9565-b13833b6c7a4.fieldLayouts.a5743708-acd4-4275-9749-c693f831b048.tabs.0.name','\"Content\"'),('entryTypes.a9765927-ed93-4cbd-9565-b13833b6c7a4.fieldLayouts.a5743708-acd4-4275-9749-c693f831b048.tabs.0.sortOrder','1'),('entryTypes.a9765927-ed93-4cbd-9565-b13833b6c7a4.handle','\"default\"'),('entryTypes.a9765927-ed93-4cbd-9565-b13833b6c7a4.hasTitleField','true'),('entryTypes.a9765927-ed93-4cbd-9565-b13833b6c7a4.name','\"Default\"'),('entryTypes.a9765927-ed93-4cbd-9565-b13833b6c7a4.section','\"bcd15103-454c-4f79-a346-b9627704710c\"'),('entryTypes.a9765927-ed93-4cbd-9565-b13833b6c7a4.sortOrder','1'),('entryTypes.a9765927-ed93-4cbd-9565-b13833b6c7a4.titleFormat','null'),('entryTypes.a9765927-ed93-4cbd-9565-b13833b6c7a4.titleTranslationKeyFormat','null'),('entryTypes.a9765927-ed93-4cbd-9565-b13833b6c7a4.titleTranslationMethod','\"site\"'),('fieldGroups.00dbaff8-ea86-4dde-9e97-8440100f38af.name','\"Portfolio\"'),('fieldGroups.859f76e9-421e-4a4c-9e1c-3aafbd4156d3.name','\"Pages\"'),('fieldGroups.ac77a0cf-929c-4d27-97c3-621aa1376963.name','\"Feature Pages\"'),('fieldGroups.c4e4c1ee-df7a-4017-8023-3cf2e2a62ee1.name','\"Features\"'),('fieldGroups.ca14a627-d094-4bb7-b16f-2af0e4fd5d73.name','\"Branding\"'),('fields.3a5b8da2-b957-469b-8d3e-e811cdd6763d.columnSuffix','null'),('fields.3a5b8da2-b957-469b-8d3e-e811cdd6763d.contentColumnType','\"string\"'),('fields.3a5b8da2-b957-469b-8d3e-e811cdd6763d.fieldGroup','\"ca14a627-d094-4bb7-b16f-2af0e4fd5d73\"'),('fields.3a5b8da2-b957-469b-8d3e-e811cdd6763d.handle','\"siteLogo\"'),('fields.3a5b8da2-b957-469b-8d3e-e811cdd6763d.instructions','\"\"'),('fields.3a5b8da2-b957-469b-8d3e-e811cdd6763d.name','\"Site Logo\"'),('fields.3a5b8da2-b957-469b-8d3e-e811cdd6763d.searchable','false'),('fields.3a5b8da2-b957-469b-8d3e-e811cdd6763d.settings.allowedKinds.0','\"image\"'),('fields.3a5b8da2-b957-469b-8d3e-e811cdd6763d.settings.allowSelfRelations','false'),('fields.3a5b8da2-b957-469b-8d3e-e811cdd6763d.settings.allowUploads','true'),('fields.3a5b8da2-b957-469b-8d3e-e811cdd6763d.settings.defaultUploadLocationSource','\"volume:800c016b-2fa3-4b15-a888-4e0d4da70c32\"'),('fields.3a5b8da2-b957-469b-8d3e-e811cdd6763d.settings.defaultUploadLocationSubpath','\"branding/\"'),('fields.3a5b8da2-b957-469b-8d3e-e811cdd6763d.settings.limit','\"1\"'),('fields.3a5b8da2-b957-469b-8d3e-e811cdd6763d.settings.localizeRelations','false'),('fields.3a5b8da2-b957-469b-8d3e-e811cdd6763d.settings.previewMode','\"full\"'),('fields.3a5b8da2-b957-469b-8d3e-e811cdd6763d.settings.restrictFiles','\"1\"'),('fields.3a5b8da2-b957-469b-8d3e-e811cdd6763d.settings.selectionLabel','\"\"'),('fields.3a5b8da2-b957-469b-8d3e-e811cdd6763d.settings.showSiteMenu','true'),('fields.3a5b8da2-b957-469b-8d3e-e811cdd6763d.settings.showUnpermittedFiles','false'),('fields.3a5b8da2-b957-469b-8d3e-e811cdd6763d.settings.showUnpermittedVolumes','false'),('fields.3a5b8da2-b957-469b-8d3e-e811cdd6763d.settings.singleUploadLocationSource','\"volume:800c016b-2fa3-4b15-a888-4e0d4da70c32\"'),('fields.3a5b8da2-b957-469b-8d3e-e811cdd6763d.settings.singleUploadLocationSubpath','\"branding/\"'),('fields.3a5b8da2-b957-469b-8d3e-e811cdd6763d.settings.source','null'),('fields.3a5b8da2-b957-469b-8d3e-e811cdd6763d.settings.sources.0','\"volume:800c016b-2fa3-4b15-a888-4e0d4da70c32\"'),('fields.3a5b8da2-b957-469b-8d3e-e811cdd6763d.settings.targetSiteId','null'),('fields.3a5b8da2-b957-469b-8d3e-e811cdd6763d.settings.useSingleFolder','true'),('fields.3a5b8da2-b957-469b-8d3e-e811cdd6763d.settings.validateRelatedElements','false'),('fields.3a5b8da2-b957-469b-8d3e-e811cdd6763d.settings.viewMode','\"list\"'),('fields.3a5b8da2-b957-469b-8d3e-e811cdd6763d.translationKeyFormat','null'),('fields.3a5b8da2-b957-469b-8d3e-e811cdd6763d.translationMethod','\"site\"'),('fields.3a5b8da2-b957-469b-8d3e-e811cdd6763d.type','\"craft\\\\fields\\\\Assets\"'),('fields.45510379-3fcf-4283-a246-9069f9bc58bb.columnSuffix','null'),('fields.45510379-3fcf-4283-a246-9069f9bc58bb.contentColumnType','\"string\"'),('fields.45510379-3fcf-4283-a246-9069f9bc58bb.fieldGroup','\"859f76e9-421e-4a4c-9e1c-3aafbd4156d3\"'),('fields.45510379-3fcf-4283-a246-9069f9bc58bb.handle','\"pageComponents\"'),('fields.45510379-3fcf-4283-a246-9069f9bc58bb.instructions','\"\"'),('fields.45510379-3fcf-4283-a246-9069f9bc58bb.name','\"Page Components\"'),('fields.45510379-3fcf-4283-a246-9069f9bc58bb.searchable','false'),('fields.45510379-3fcf-4283-a246-9069f9bc58bb.settings.contentTable','\"{{%matrixcontent_pagecomponents}}\"'),('fields.45510379-3fcf-4283-a246-9069f9bc58bb.settings.maxBlocks','\"\"'),('fields.45510379-3fcf-4283-a246-9069f9bc58bb.settings.minBlocks','\"\"'),('fields.45510379-3fcf-4283-a246-9069f9bc58bb.settings.propagationKeyFormat','null'),('fields.45510379-3fcf-4283-a246-9069f9bc58bb.settings.propagationMethod','\"all\"'),('fields.45510379-3fcf-4283-a246-9069f9bc58bb.translationKeyFormat','null'),('fields.45510379-3fcf-4283-a246-9069f9bc58bb.translationMethod','\"site\"'),('fields.45510379-3fcf-4283-a246-9069f9bc58bb.type','\"craft\\\\fields\\\\Matrix\"'),('fields.4fc16aef-2cf4-4d14-869c-d7550a7a4cec.columnSuffix','null'),('fields.4fc16aef-2cf4-4d14-869c-d7550a7a4cec.contentColumnType','\"string\"'),('fields.4fc16aef-2cf4-4d14-869c-d7550a7a4cec.fieldGroup','\"ca14a627-d094-4bb7-b16f-2af0e4fd5d73\"'),('fields.4fc16aef-2cf4-4d14-869c-d7550a7a4cec.handle','\"siteIcon\"'),('fields.4fc16aef-2cf4-4d14-869c-d7550a7a4cec.instructions','\"\"'),('fields.4fc16aef-2cf4-4d14-869c-d7550a7a4cec.name','\"Site Icon\"'),('fields.4fc16aef-2cf4-4d14-869c-d7550a7a4cec.searchable','false'),('fields.4fc16aef-2cf4-4d14-869c-d7550a7a4cec.settings.allowedKinds.0','\"image\"'),('fields.4fc16aef-2cf4-4d14-869c-d7550a7a4cec.settings.allowSelfRelations','false'),('fields.4fc16aef-2cf4-4d14-869c-d7550a7a4cec.settings.allowUploads','true'),('fields.4fc16aef-2cf4-4d14-869c-d7550a7a4cec.settings.defaultUploadLocationSource','\"volume:800c016b-2fa3-4b15-a888-4e0d4da70c32\"'),('fields.4fc16aef-2cf4-4d14-869c-d7550a7a4cec.settings.defaultUploadLocationSubpath','\"branding/\"'),('fields.4fc16aef-2cf4-4d14-869c-d7550a7a4cec.settings.limit','\"1\"'),('fields.4fc16aef-2cf4-4d14-869c-d7550a7a4cec.settings.localizeRelations','false'),('fields.4fc16aef-2cf4-4d14-869c-d7550a7a4cec.settings.previewMode','\"full\"'),('fields.4fc16aef-2cf4-4d14-869c-d7550a7a4cec.settings.restrictFiles','\"1\"'),('fields.4fc16aef-2cf4-4d14-869c-d7550a7a4cec.settings.selectionLabel','\"\"'),('fields.4fc16aef-2cf4-4d14-869c-d7550a7a4cec.settings.showSiteMenu','true'),('fields.4fc16aef-2cf4-4d14-869c-d7550a7a4cec.settings.showUnpermittedFiles','false'),('fields.4fc16aef-2cf4-4d14-869c-d7550a7a4cec.settings.showUnpermittedVolumes','false'),('fields.4fc16aef-2cf4-4d14-869c-d7550a7a4cec.settings.singleUploadLocationSource','\"volume:800c016b-2fa3-4b15-a888-4e0d4da70c32\"'),('fields.4fc16aef-2cf4-4d14-869c-d7550a7a4cec.settings.singleUploadLocationSubpath','\"branding/\"'),('fields.4fc16aef-2cf4-4d14-869c-d7550a7a4cec.settings.source','null'),('fields.4fc16aef-2cf4-4d14-869c-d7550a7a4cec.settings.sources.0','\"volume:800c016b-2fa3-4b15-a888-4e0d4da70c32\"'),('fields.4fc16aef-2cf4-4d14-869c-d7550a7a4cec.settings.targetSiteId','null'),('fields.4fc16aef-2cf4-4d14-869c-d7550a7a4cec.settings.useSingleFolder','true'),('fields.4fc16aef-2cf4-4d14-869c-d7550a7a4cec.settings.validateRelatedElements','false'),('fields.4fc16aef-2cf4-4d14-869c-d7550a7a4cec.settings.viewMode','\"list\"'),('fields.4fc16aef-2cf4-4d14-869c-d7550a7a4cec.translationKeyFormat','null'),('fields.4fc16aef-2cf4-4d14-869c-d7550a7a4cec.translationMethod','\"site\"'),('fields.4fc16aef-2cf4-4d14-869c-d7550a7a4cec.type','\"craft\\\\fields\\\\Assets\"'),('fields.7c2f32d9-d13a-417c-9068-f72819209db7.columnSuffix','\"xmdtxgrl\"'),('fields.7c2f32d9-d13a-417c-9068-f72819209db7.contentColumnType','\"text\"'),('fields.7c2f32d9-d13a-417c-9068-f72819209db7.fieldGroup','\"00dbaff8-ea86-4dde-9e97-8440100f38af\"'),('fields.7c2f32d9-d13a-417c-9068-f72819209db7.handle','\"externalLinkDescriptor\"'),('fields.7c2f32d9-d13a-417c-9068-f72819209db7.instructions','\"If linking to some external content, provide detail here to why and what relevance it has\"'),('fields.7c2f32d9-d13a-417c-9068-f72819209db7.name','\"External Link Descriptor\"'),('fields.7c2f32d9-d13a-417c-9068-f72819209db7.searchable','false'),('fields.7c2f32d9-d13a-417c-9068-f72819209db7.settings.byteLimit','null'),('fields.7c2f32d9-d13a-417c-9068-f72819209db7.settings.charLimit','null'),('fields.7c2f32d9-d13a-417c-9068-f72819209db7.settings.code','\"\"'),('fields.7c2f32d9-d13a-417c-9068-f72819209db7.settings.columnType','null'),('fields.7c2f32d9-d13a-417c-9068-f72819209db7.settings.initialRows','\"2\"'),('fields.7c2f32d9-d13a-417c-9068-f72819209db7.settings.multiline','\"1\"'),('fields.7c2f32d9-d13a-417c-9068-f72819209db7.settings.placeholder','null'),('fields.7c2f32d9-d13a-417c-9068-f72819209db7.settings.uiMode','\"normal\"'),('fields.7c2f32d9-d13a-417c-9068-f72819209db7.translationKeyFormat','null'),('fields.7c2f32d9-d13a-417c-9068-f72819209db7.translationMethod','\"none\"'),('fields.7c2f32d9-d13a-417c-9068-f72819209db7.type','\"craft\\\\fields\\\\PlainText\"'),('fields.80930367-3591-4339-8e68-c95abe182c1c.columnSuffix','\"vdwfdbny\"'),('fields.80930367-3591-4339-8e68-c95abe182c1c.contentColumnType','\"datetime\"'),('fields.80930367-3591-4339-8e68-c95abe182c1c.fieldGroup','\"00dbaff8-ea86-4dde-9e97-8440100f38af\"'),('fields.80930367-3591-4339-8e68-c95abe182c1c.handle','\"startDate\"'),('fields.80930367-3591-4339-8e68-c95abe182c1c.instructions','\"\"'),('fields.80930367-3591-4339-8e68-c95abe182c1c.name','\"Start Date\"'),('fields.80930367-3591-4339-8e68-c95abe182c1c.searchable','false'),('fields.80930367-3591-4339-8e68-c95abe182c1c.settings.max','null'),('fields.80930367-3591-4339-8e68-c95abe182c1c.settings.min','null'),('fields.80930367-3591-4339-8e68-c95abe182c1c.settings.minuteIncrement','\"30\"'),('fields.80930367-3591-4339-8e68-c95abe182c1c.settings.showDate','true'),('fields.80930367-3591-4339-8e68-c95abe182c1c.settings.showTime','false'),('fields.80930367-3591-4339-8e68-c95abe182c1c.settings.showTimeZone','false'),('fields.80930367-3591-4339-8e68-c95abe182c1c.translationKeyFormat','null'),('fields.80930367-3591-4339-8e68-c95abe182c1c.translationMethod','\"none\"'),('fields.80930367-3591-4339-8e68-c95abe182c1c.type','\"craft\\\\fields\\\\Date\"'),('fields.8d89ac9c-2e6b-4488-8fd3-cc51785f41ce.columnSuffix','\"fxbiiicp\"'),('fields.8d89ac9c-2e6b-4488-8fd3-cc51785f41ce.contentColumnType','\"string(255)\"'),('fields.8d89ac9c-2e6b-4488-8fd3-cc51785f41ce.fieldGroup','\"00dbaff8-ea86-4dde-9e97-8440100f38af\"'),('fields.8d89ac9c-2e6b-4488-8fd3-cc51785f41ce.handle','\"externalLink\"'),('fields.8d89ac9c-2e6b-4488-8fd3-cc51785f41ce.instructions','\"A link to some relevant content not on this website\"'),('fields.8d89ac9c-2e6b-4488-8fd3-cc51785f41ce.name','\"External Link\"'),('fields.8d89ac9c-2e6b-4488-8fd3-cc51785f41ce.searchable','false'),('fields.8d89ac9c-2e6b-4488-8fd3-cc51785f41ce.settings.maxLength','\"255\"'),('fields.8d89ac9c-2e6b-4488-8fd3-cc51785f41ce.settings.placeholder','null'),('fields.8d89ac9c-2e6b-4488-8fd3-cc51785f41ce.settings.types.0','\"url\"'),('fields.8d89ac9c-2e6b-4488-8fd3-cc51785f41ce.translationKeyFormat','null'),('fields.8d89ac9c-2e6b-4488-8fd3-cc51785f41ce.translationMethod','\"none\"'),('fields.8d89ac9c-2e6b-4488-8fd3-cc51785f41ce.type','\"craft\\\\fields\\\\Url\"'),('fields.8ec02121-dce7-4c10-afef-2f16973f3e80.columnSuffix','null'),('fields.8ec02121-dce7-4c10-afef-2f16973f3e80.contentColumnType','\"string\"'),('fields.8ec02121-dce7-4c10-afef-2f16973f3e80.fieldGroup','\"c4e4c1ee-df7a-4017-8023-3cf2e2a62ee1\"'),('fields.8ec02121-dce7-4c10-afef-2f16973f3e80.handle','\"featureImage\"'),('fields.8ec02121-dce7-4c10-afef-2f16973f3e80.instructions','\"\"'),('fields.8ec02121-dce7-4c10-afef-2f16973f3e80.name','\"Feature Image\"'),('fields.8ec02121-dce7-4c10-afef-2f16973f3e80.searchable','false'),('fields.8ec02121-dce7-4c10-afef-2f16973f3e80.settings.allowedKinds.0','\"image\"'),('fields.8ec02121-dce7-4c10-afef-2f16973f3e80.settings.allowSelfRelations','false'),('fields.8ec02121-dce7-4c10-afef-2f16973f3e80.settings.allowUploads','true'),('fields.8ec02121-dce7-4c10-afef-2f16973f3e80.settings.defaultUploadLocationSource','\"volume:800c016b-2fa3-4b15-a888-4e0d4da70c32\"'),('fields.8ec02121-dce7-4c10-afef-2f16973f3e80.settings.defaultUploadLocationSubpath','\"features\"'),('fields.8ec02121-dce7-4c10-afef-2f16973f3e80.settings.limit','\"1\"'),('fields.8ec02121-dce7-4c10-afef-2f16973f3e80.settings.localizeRelations','false'),('fields.8ec02121-dce7-4c10-afef-2f16973f3e80.settings.previewMode','\"full\"'),('fields.8ec02121-dce7-4c10-afef-2f16973f3e80.settings.restrictFiles','\"1\"'),('fields.8ec02121-dce7-4c10-afef-2f16973f3e80.settings.selectionLabel','\"\"'),('fields.8ec02121-dce7-4c10-afef-2f16973f3e80.settings.showSiteMenu','true'),('fields.8ec02121-dce7-4c10-afef-2f16973f3e80.settings.showUnpermittedFiles','false'),('fields.8ec02121-dce7-4c10-afef-2f16973f3e80.settings.showUnpermittedVolumes','false'),('fields.8ec02121-dce7-4c10-afef-2f16973f3e80.settings.singleUploadLocationSource','\"volume:800c016b-2fa3-4b15-a888-4e0d4da70c32\"'),('fields.8ec02121-dce7-4c10-afef-2f16973f3e80.settings.singleUploadLocationSubpath','\"features/\"'),('fields.8ec02121-dce7-4c10-afef-2f16973f3e80.settings.source','null'),('fields.8ec02121-dce7-4c10-afef-2f16973f3e80.settings.sources.0','\"volume:800c016b-2fa3-4b15-a888-4e0d4da70c32\"'),('fields.8ec02121-dce7-4c10-afef-2f16973f3e80.settings.targetSiteId','null'),('fields.8ec02121-dce7-4c10-afef-2f16973f3e80.settings.useSingleFolder','true'),('fields.8ec02121-dce7-4c10-afef-2f16973f3e80.settings.validateRelatedElements','false'),('fields.8ec02121-dce7-4c10-afef-2f16973f3e80.settings.viewMode','\"list\"'),('fields.8ec02121-dce7-4c10-afef-2f16973f3e80.translationKeyFormat','null'),('fields.8ec02121-dce7-4c10-afef-2f16973f3e80.translationMethod','\"site\"'),('fields.8ec02121-dce7-4c10-afef-2f16973f3e80.type','\"craft\\\\fields\\\\Assets\"'),('fields.9eab5502-84f6-4d82-9dbb-3cd0b2bcc15c.columnSuffix','\"uphgztpk\"'),('fields.9eab5502-84f6-4d82-9dbb-3cd0b2bcc15c.contentColumnType','\"datetime\"'),('fields.9eab5502-84f6-4d82-9dbb-3cd0b2bcc15c.fieldGroup','\"00dbaff8-ea86-4dde-9e97-8440100f38af\"'),('fields.9eab5502-84f6-4d82-9dbb-3cd0b2bcc15c.handle','\"finishDate\"'),('fields.9eab5502-84f6-4d82-9dbb-3cd0b2bcc15c.instructions','\"\"'),('fields.9eab5502-84f6-4d82-9dbb-3cd0b2bcc15c.name','\"Finish Date\"'),('fields.9eab5502-84f6-4d82-9dbb-3cd0b2bcc15c.searchable','false'),('fields.9eab5502-84f6-4d82-9dbb-3cd0b2bcc15c.settings.max','null'),('fields.9eab5502-84f6-4d82-9dbb-3cd0b2bcc15c.settings.min','null'),('fields.9eab5502-84f6-4d82-9dbb-3cd0b2bcc15c.settings.minuteIncrement','\"30\"'),('fields.9eab5502-84f6-4d82-9dbb-3cd0b2bcc15c.settings.showDate','true'),('fields.9eab5502-84f6-4d82-9dbb-3cd0b2bcc15c.settings.showTime','false'),('fields.9eab5502-84f6-4d82-9dbb-3cd0b2bcc15c.settings.showTimeZone','false'),('fields.9eab5502-84f6-4d82-9dbb-3cd0b2bcc15c.translationKeyFormat','null'),('fields.9eab5502-84f6-4d82-9dbb-3cd0b2bcc15c.translationMethod','\"none\"'),('fields.9eab5502-84f6-4d82-9dbb-3cd0b2bcc15c.type','\"craft\\\\fields\\\\Date\"'),('fields.a855cc54-b3cf-4574-9f7d-2d7186d0c56a.columnSuffix','null'),('fields.a855cc54-b3cf-4574-9f7d-2d7186d0c56a.contentColumnType','\"string\"'),('fields.a855cc54-b3cf-4574-9f7d-2d7186d0c56a.fieldGroup','\"ac77a0cf-929c-4d27-97c3-621aa1376963\"'),('fields.a855cc54-b3cf-4574-9f7d-2d7186d0c56a.handle','\"linkedPage\"'),('fields.a855cc54-b3cf-4574-9f7d-2d7186d0c56a.instructions','\"\"'),('fields.a855cc54-b3cf-4574-9f7d-2d7186d0c56a.name','\"Linked Page\"'),('fields.a855cc54-b3cf-4574-9f7d-2d7186d0c56a.searchable','false'),('fields.a855cc54-b3cf-4574-9f7d-2d7186d0c56a.settings.allowSelfRelations','false'),('fields.a855cc54-b3cf-4574-9f7d-2d7186d0c56a.settings.limit','\"1\"'),('fields.a855cc54-b3cf-4574-9f7d-2d7186d0c56a.settings.localizeRelations','false'),('fields.a855cc54-b3cf-4574-9f7d-2d7186d0c56a.settings.selectionLabel','\"\"'),('fields.a855cc54-b3cf-4574-9f7d-2d7186d0c56a.settings.showSiteMenu','true'),('fields.a855cc54-b3cf-4574-9f7d-2d7186d0c56a.settings.source','null'),('fields.a855cc54-b3cf-4574-9f7d-2d7186d0c56a.settings.sources.0','\"section:cbf3800a-f50c-4b4f-8b1c-30cfc66edb25\"'),('fields.a855cc54-b3cf-4574-9f7d-2d7186d0c56a.settings.targetSiteId','null'),('fields.a855cc54-b3cf-4574-9f7d-2d7186d0c56a.settings.validateRelatedElements','false'),('fields.a855cc54-b3cf-4574-9f7d-2d7186d0c56a.settings.viewMode','null'),('fields.a855cc54-b3cf-4574-9f7d-2d7186d0c56a.translationKeyFormat','null'),('fields.a855cc54-b3cf-4574-9f7d-2d7186d0c56a.translationMethod','\"site\"'),('fields.a855cc54-b3cf-4574-9f7d-2d7186d0c56a.type','\"craft\\\\fields\\\\Entries\"'),('fields.c0481e1b-d384-42e2-9ccf-270eca5da1a8.columnSuffix','null'),('fields.c0481e1b-d384-42e2-9ccf-270eca5da1a8.contentColumnType','\"string\"'),('fields.c0481e1b-d384-42e2-9ccf-270eca5da1a8.fieldGroup','\"00dbaff8-ea86-4dde-9e97-8440100f38af\"'),('fields.c0481e1b-d384-42e2-9ccf-270eca5da1a8.handle','\"leadImage\"'),('fields.c0481e1b-d384-42e2-9ccf-270eca5da1a8.instructions','\"\"'),('fields.c0481e1b-d384-42e2-9ccf-270eca5da1a8.name','\"Lead Image\"'),('fields.c0481e1b-d384-42e2-9ccf-270eca5da1a8.searchable','false'),('fields.c0481e1b-d384-42e2-9ccf-270eca5da1a8.settings.allowedKinds.0','\"image\"'),('fields.c0481e1b-d384-42e2-9ccf-270eca5da1a8.settings.allowSelfRelations','false'),('fields.c0481e1b-d384-42e2-9ccf-270eca5da1a8.settings.allowUploads','true'),('fields.c0481e1b-d384-42e2-9ccf-270eca5da1a8.settings.defaultUploadLocationSource','\"volume:800c016b-2fa3-4b15-a888-4e0d4da70c32\"'),('fields.c0481e1b-d384-42e2-9ccf-270eca5da1a8.settings.defaultUploadLocationSubpath','\"\"'),('fields.c0481e1b-d384-42e2-9ccf-270eca5da1a8.settings.limit','\"1\"'),('fields.c0481e1b-d384-42e2-9ccf-270eca5da1a8.settings.localizeRelations','false'),('fields.c0481e1b-d384-42e2-9ccf-270eca5da1a8.settings.previewMode','\"full\"'),('fields.c0481e1b-d384-42e2-9ccf-270eca5da1a8.settings.restrictFiles','\"1\"'),('fields.c0481e1b-d384-42e2-9ccf-270eca5da1a8.settings.selectionLabel','\"\"'),('fields.c0481e1b-d384-42e2-9ccf-270eca5da1a8.settings.showSiteMenu','false'),('fields.c0481e1b-d384-42e2-9ccf-270eca5da1a8.settings.showUnpermittedFiles','false'),('fields.c0481e1b-d384-42e2-9ccf-270eca5da1a8.settings.showUnpermittedVolumes','false'),('fields.c0481e1b-d384-42e2-9ccf-270eca5da1a8.settings.singleUploadLocationSource','\"volume:800c016b-2fa3-4b15-a888-4e0d4da70c32\"'),('fields.c0481e1b-d384-42e2-9ccf-270eca5da1a8.settings.singleUploadLocationSubpath','\"portfolio/lead-images/\"'),('fields.c0481e1b-d384-42e2-9ccf-270eca5da1a8.settings.source','null'),('fields.c0481e1b-d384-42e2-9ccf-270eca5da1a8.settings.sources','\"*\"'),('fields.c0481e1b-d384-42e2-9ccf-270eca5da1a8.settings.targetSiteId','null'),('fields.c0481e1b-d384-42e2-9ccf-270eca5da1a8.settings.useSingleFolder','true'),('fields.c0481e1b-d384-42e2-9ccf-270eca5da1a8.settings.validateRelatedElements','false'),('fields.c0481e1b-d384-42e2-9ccf-270eca5da1a8.settings.viewMode','\"list\"'),('fields.c0481e1b-d384-42e2-9ccf-270eca5da1a8.translationKeyFormat','null'),('fields.c0481e1b-d384-42e2-9ccf-270eca5da1a8.translationMethod','\"site\"'),('fields.c0481e1b-d384-42e2-9ccf-270eca5da1a8.type','\"craft\\\\fields\\\\Assets\"'),('fields.c5877c79-629e-4ea2-b30b-46f0b9d1df55.columnSuffix','null'),('fields.c5877c79-629e-4ea2-b30b-46f0b9d1df55.contentColumnType','\"string\"'),('fields.c5877c79-629e-4ea2-b30b-46f0b9d1df55.fieldGroup','\"ac77a0cf-929c-4d27-97c3-621aa1376963\"'),('fields.c5877c79-629e-4ea2-b30b-46f0b9d1df55.handle','\"backgroundImage\"'),('fields.c5877c79-629e-4ea2-b30b-46f0b9d1df55.instructions','\"\"'),('fields.c5877c79-629e-4ea2-b30b-46f0b9d1df55.name','\"Background Image\"'),('fields.c5877c79-629e-4ea2-b30b-46f0b9d1df55.searchable','false'),('fields.c5877c79-629e-4ea2-b30b-46f0b9d1df55.settings.allowedKinds.0','\"image\"'),('fields.c5877c79-629e-4ea2-b30b-46f0b9d1df55.settings.allowSelfRelations','false'),('fields.c5877c79-629e-4ea2-b30b-46f0b9d1df55.settings.allowUploads','true'),('fields.c5877c79-629e-4ea2-b30b-46f0b9d1df55.settings.defaultUploadLocationSource','\"volume:800c016b-2fa3-4b15-a888-4e0d4da70c32\"'),('fields.c5877c79-629e-4ea2-b30b-46f0b9d1df55.settings.defaultUploadLocationSubpath','\"backgrounds/\"'),('fields.c5877c79-629e-4ea2-b30b-46f0b9d1df55.settings.limit','\"1\"'),('fields.c5877c79-629e-4ea2-b30b-46f0b9d1df55.settings.localizeRelations','false'),('fields.c5877c79-629e-4ea2-b30b-46f0b9d1df55.settings.previewMode','\"full\"'),('fields.c5877c79-629e-4ea2-b30b-46f0b9d1df55.settings.restrictFiles','\"1\"'),('fields.c5877c79-629e-4ea2-b30b-46f0b9d1df55.settings.selectionLabel','\"\"'),('fields.c5877c79-629e-4ea2-b30b-46f0b9d1df55.settings.showSiteMenu','true'),('fields.c5877c79-629e-4ea2-b30b-46f0b9d1df55.settings.showUnpermittedFiles','false'),('fields.c5877c79-629e-4ea2-b30b-46f0b9d1df55.settings.showUnpermittedVolumes','false'),('fields.c5877c79-629e-4ea2-b30b-46f0b9d1df55.settings.singleUploadLocationSource','\"volume:800c016b-2fa3-4b15-a888-4e0d4da70c32\"'),('fields.c5877c79-629e-4ea2-b30b-46f0b9d1df55.settings.singleUploadLocationSubpath','\"backgrounds/\"'),('fields.c5877c79-629e-4ea2-b30b-46f0b9d1df55.settings.source','null'),('fields.c5877c79-629e-4ea2-b30b-46f0b9d1df55.settings.sources.0','\"volume:800c016b-2fa3-4b15-a888-4e0d4da70c32\"'),('fields.c5877c79-629e-4ea2-b30b-46f0b9d1df55.settings.targetSiteId','null'),('fields.c5877c79-629e-4ea2-b30b-46f0b9d1df55.settings.useSingleFolder','true'),('fields.c5877c79-629e-4ea2-b30b-46f0b9d1df55.settings.validateRelatedElements','false'),('fields.c5877c79-629e-4ea2-b30b-46f0b9d1df55.settings.viewMode','\"list\"'),('fields.c5877c79-629e-4ea2-b30b-46f0b9d1df55.translationKeyFormat','null'),('fields.c5877c79-629e-4ea2-b30b-46f0b9d1df55.translationMethod','\"site\"'),('fields.c5877c79-629e-4ea2-b30b-46f0b9d1df55.type','\"craft\\\\fields\\\\Assets\"'),('fields.cc1596c9-97c9-4ac5-80dd-873c5b8889c9.columnSuffix','\"ooknthon\"'),('fields.cc1596c9-97c9-4ac5-80dd-873c5b8889c9.contentColumnType','\"text\"'),('fields.cc1596c9-97c9-4ac5-80dd-873c5b8889c9.fieldGroup','\"c4e4c1ee-df7a-4017-8023-3cf2e2a62ee1\"'),('fields.cc1596c9-97c9-4ac5-80dd-873c5b8889c9.handle','\"featureDescription\"'),('fields.cc1596c9-97c9-4ac5-80dd-873c5b8889c9.instructions','\"\"'),('fields.cc1596c9-97c9-4ac5-80dd-873c5b8889c9.name','\"Feature Description\"'),('fields.cc1596c9-97c9-4ac5-80dd-873c5b8889c9.searchable','false'),('fields.cc1596c9-97c9-4ac5-80dd-873c5b8889c9.settings.availableTransforms','\"*\"'),('fields.cc1596c9-97c9-4ac5-80dd-873c5b8889c9.settings.availableVolumes','\"*\"'),('fields.cc1596c9-97c9-4ac5-80dd-873c5b8889c9.settings.columnType','\"text\"'),('fields.cc1596c9-97c9-4ac5-80dd-873c5b8889c9.settings.configSelectionMode','\"choose\"'),('fields.cc1596c9-97c9-4ac5-80dd-873c5b8889c9.settings.defaultTransform','\"\"'),('fields.cc1596c9-97c9-4ac5-80dd-873c5b8889c9.settings.manualConfig','\"\"'),('fields.cc1596c9-97c9-4ac5-80dd-873c5b8889c9.settings.purifierConfig','\"\"'),('fields.cc1596c9-97c9-4ac5-80dd-873c5b8889c9.settings.purifyHtml','\"1\"'),('fields.cc1596c9-97c9-4ac5-80dd-873c5b8889c9.settings.redactorConfig','\"\"'),('fields.cc1596c9-97c9-4ac5-80dd-873c5b8889c9.settings.removeEmptyTags','\"1\"'),('fields.cc1596c9-97c9-4ac5-80dd-873c5b8889c9.settings.removeInlineStyles','\"1\"'),('fields.cc1596c9-97c9-4ac5-80dd-873c5b8889c9.settings.removeNbsp','\"1\"'),('fields.cc1596c9-97c9-4ac5-80dd-873c5b8889c9.settings.showHtmlButtonForNonAdmins','\"\"'),('fields.cc1596c9-97c9-4ac5-80dd-873c5b8889c9.settings.showUnpermittedFiles','false'),('fields.cc1596c9-97c9-4ac5-80dd-873c5b8889c9.settings.showUnpermittedVolumes','false'),('fields.cc1596c9-97c9-4ac5-80dd-873c5b8889c9.settings.uiMode','\"enlarged\"'),('fields.cc1596c9-97c9-4ac5-80dd-873c5b8889c9.translationKeyFormat','null'),('fields.cc1596c9-97c9-4ac5-80dd-873c5b8889c9.translationMethod','\"none\"'),('fields.cc1596c9-97c9-4ac5-80dd-873c5b8889c9.type','\"craft\\\\redactor\\\\Field\"'),('fields.e3cbf09d-5a34-4839-8d0e-d4202ff195f3.columnSuffix','\"ohhtbvst\"'),('fields.e3cbf09d-5a34-4839-8d0e-d4202ff195f3.contentColumnType','\"text\"'),('fields.e3cbf09d-5a34-4839-8d0e-d4202ff195f3.fieldGroup','\"ac77a0cf-929c-4d27-97c3-621aa1376963\"'),('fields.e3cbf09d-5a34-4839-8d0e-d4202ff195f3.handle','\"linkText\"'),('fields.e3cbf09d-5a34-4839-8d0e-d4202ff195f3.instructions','\"\"'),('fields.e3cbf09d-5a34-4839-8d0e-d4202ff195f3.name','\"Link Text\"'),('fields.e3cbf09d-5a34-4839-8d0e-d4202ff195f3.searchable','false'),('fields.e3cbf09d-5a34-4839-8d0e-d4202ff195f3.settings.byteLimit','null'),('fields.e3cbf09d-5a34-4839-8d0e-d4202ff195f3.settings.charLimit','null'),('fields.e3cbf09d-5a34-4839-8d0e-d4202ff195f3.settings.code','\"\"'),('fields.e3cbf09d-5a34-4839-8d0e-d4202ff195f3.settings.columnType','null'),('fields.e3cbf09d-5a34-4839-8d0e-d4202ff195f3.settings.initialRows','\"4\"'),('fields.e3cbf09d-5a34-4839-8d0e-d4202ff195f3.settings.multiline','\"\"'),('fields.e3cbf09d-5a34-4839-8d0e-d4202ff195f3.settings.placeholder','null'),('fields.e3cbf09d-5a34-4839-8d0e-d4202ff195f3.settings.uiMode','\"normal\"'),('fields.e3cbf09d-5a34-4839-8d0e-d4202ff195f3.translationKeyFormat','null'),('fields.e3cbf09d-5a34-4839-8d0e-d4202ff195f3.translationMethod','\"none\"'),('fields.e3cbf09d-5a34-4839-8d0e-d4202ff195f3.type','\"craft\\\\fields\\\\PlainText\"'),('globalSets.f8064539-475a-4b14-b028-de8274084eed.fieldLayouts.a5018267-73a7-430e-8dd7-485d274671c8.tabs.0.elements.0.fieldUid','\"3a5b8da2-b957-469b-8d3e-e811cdd6763d\"'),('globalSets.f8064539-475a-4b14-b028-de8274084eed.fieldLayouts.a5018267-73a7-430e-8dd7-485d274671c8.tabs.0.elements.0.instructions','null'),('globalSets.f8064539-475a-4b14-b028-de8274084eed.fieldLayouts.a5018267-73a7-430e-8dd7-485d274671c8.tabs.0.elements.0.label','null'),('globalSets.f8064539-475a-4b14-b028-de8274084eed.fieldLayouts.a5018267-73a7-430e-8dd7-485d274671c8.tabs.0.elements.0.required','false'),('globalSets.f8064539-475a-4b14-b028-de8274084eed.fieldLayouts.a5018267-73a7-430e-8dd7-485d274671c8.tabs.0.elements.0.tip','null'),('globalSets.f8064539-475a-4b14-b028-de8274084eed.fieldLayouts.a5018267-73a7-430e-8dd7-485d274671c8.tabs.0.elements.0.type','\"craft\\\\fieldlayoutelements\\\\CustomField\"'),('globalSets.f8064539-475a-4b14-b028-de8274084eed.fieldLayouts.a5018267-73a7-430e-8dd7-485d274671c8.tabs.0.elements.0.warning','null'),('globalSets.f8064539-475a-4b14-b028-de8274084eed.fieldLayouts.a5018267-73a7-430e-8dd7-485d274671c8.tabs.0.elements.0.width','100'),('globalSets.f8064539-475a-4b14-b028-de8274084eed.fieldLayouts.a5018267-73a7-430e-8dd7-485d274671c8.tabs.0.elements.1.fieldUid','\"4fc16aef-2cf4-4d14-869c-d7550a7a4cec\"'),('globalSets.f8064539-475a-4b14-b028-de8274084eed.fieldLayouts.a5018267-73a7-430e-8dd7-485d274671c8.tabs.0.elements.1.instructions','null'),('globalSets.f8064539-475a-4b14-b028-de8274084eed.fieldLayouts.a5018267-73a7-430e-8dd7-485d274671c8.tabs.0.elements.1.label','null'),('globalSets.f8064539-475a-4b14-b028-de8274084eed.fieldLayouts.a5018267-73a7-430e-8dd7-485d274671c8.tabs.0.elements.1.required','false'),('globalSets.f8064539-475a-4b14-b028-de8274084eed.fieldLayouts.a5018267-73a7-430e-8dd7-485d274671c8.tabs.0.elements.1.tip','null'),('globalSets.f8064539-475a-4b14-b028-de8274084eed.fieldLayouts.a5018267-73a7-430e-8dd7-485d274671c8.tabs.0.elements.1.type','\"craft\\\\fieldlayoutelements\\\\CustomField\"'),('globalSets.f8064539-475a-4b14-b028-de8274084eed.fieldLayouts.a5018267-73a7-430e-8dd7-485d274671c8.tabs.0.elements.1.warning','null'),('globalSets.f8064539-475a-4b14-b028-de8274084eed.fieldLayouts.a5018267-73a7-430e-8dd7-485d274671c8.tabs.0.elements.1.width','100'),('globalSets.f8064539-475a-4b14-b028-de8274084eed.fieldLayouts.a5018267-73a7-430e-8dd7-485d274671c8.tabs.0.name','\"Images\"'),('globalSets.f8064539-475a-4b14-b028-de8274084eed.fieldLayouts.a5018267-73a7-430e-8dd7-485d274671c8.tabs.0.sortOrder','1'),('globalSets.f8064539-475a-4b14-b028-de8274084eed.handle','\"branding\"'),('globalSets.f8064539-475a-4b14-b028-de8274084eed.name','\"Branding\"'),('globalSets.f8064539-475a-4b14-b028-de8274084eed.sortOrder','1'),('graphql.publicToken.enabled','true'),('graphql.publicToken.expiryDate','null'),('graphql.schemas.de0de983-eb37-4fb8-925f-30f92b42fd1d.isPublic','true'),('graphql.schemas.de0de983-eb37-4fb8-925f-30f92b42fd1d.name','\"Public Schema\"'),('matrixBlockTypes.00b25e5a-0d0d-4632-b64e-f657c13c0d93.field','\"45510379-3fcf-4283-a246-9069f9bc58bb\"'),('matrixBlockTypes.00b25e5a-0d0d-4632-b64e-f657c13c0d93.fieldLayouts.930cc3a1-da5a-43d9-be06-ac50bd1ec7df.tabs.0.elements.0.fieldUid','\"38ce72b8-1521-44a3-8839-679d0e0345ce\"'),('matrixBlockTypes.00b25e5a-0d0d-4632-b64e-f657c13c0d93.fieldLayouts.930cc3a1-da5a-43d9-be06-ac50bd1ec7df.tabs.0.elements.0.instructions','null'),('matrixBlockTypes.00b25e5a-0d0d-4632-b64e-f657c13c0d93.fieldLayouts.930cc3a1-da5a-43d9-be06-ac50bd1ec7df.tabs.0.elements.0.label','null'),('matrixBlockTypes.00b25e5a-0d0d-4632-b64e-f657c13c0d93.fieldLayouts.930cc3a1-da5a-43d9-be06-ac50bd1ec7df.tabs.0.elements.0.required','false'),('matrixBlockTypes.00b25e5a-0d0d-4632-b64e-f657c13c0d93.fieldLayouts.930cc3a1-da5a-43d9-be06-ac50bd1ec7df.tabs.0.elements.0.tip','null'),('matrixBlockTypes.00b25e5a-0d0d-4632-b64e-f657c13c0d93.fieldLayouts.930cc3a1-da5a-43d9-be06-ac50bd1ec7df.tabs.0.elements.0.type','\"craft\\\\fieldlayoutelements\\\\CustomField\"'),('matrixBlockTypes.00b25e5a-0d0d-4632-b64e-f657c13c0d93.fieldLayouts.930cc3a1-da5a-43d9-be06-ac50bd1ec7df.tabs.0.elements.0.warning','null'),('matrixBlockTypes.00b25e5a-0d0d-4632-b64e-f657c13c0d93.fieldLayouts.930cc3a1-da5a-43d9-be06-ac50bd1ec7df.tabs.0.elements.0.width','50'),('matrixBlockTypes.00b25e5a-0d0d-4632-b64e-f657c13c0d93.fieldLayouts.930cc3a1-da5a-43d9-be06-ac50bd1ec7df.tabs.0.elements.1.fieldUid','\"d73d362e-39d4-4f37-94ab-4072abc295d8\"'),('matrixBlockTypes.00b25e5a-0d0d-4632-b64e-f657c13c0d93.fieldLayouts.930cc3a1-da5a-43d9-be06-ac50bd1ec7df.tabs.0.elements.1.instructions','null'),('matrixBlockTypes.00b25e5a-0d0d-4632-b64e-f657c13c0d93.fieldLayouts.930cc3a1-da5a-43d9-be06-ac50bd1ec7df.tabs.0.elements.1.label','null'),('matrixBlockTypes.00b25e5a-0d0d-4632-b64e-f657c13c0d93.fieldLayouts.930cc3a1-da5a-43d9-be06-ac50bd1ec7df.tabs.0.elements.1.required','false'),('matrixBlockTypes.00b25e5a-0d0d-4632-b64e-f657c13c0d93.fieldLayouts.930cc3a1-da5a-43d9-be06-ac50bd1ec7df.tabs.0.elements.1.tip','null'),('matrixBlockTypes.00b25e5a-0d0d-4632-b64e-f657c13c0d93.fieldLayouts.930cc3a1-da5a-43d9-be06-ac50bd1ec7df.tabs.0.elements.1.type','\"craft\\\\fieldlayoutelements\\\\CustomField\"'),('matrixBlockTypes.00b25e5a-0d0d-4632-b64e-f657c13c0d93.fieldLayouts.930cc3a1-da5a-43d9-be06-ac50bd1ec7df.tabs.0.elements.1.warning','null'),('matrixBlockTypes.00b25e5a-0d0d-4632-b64e-f657c13c0d93.fieldLayouts.930cc3a1-da5a-43d9-be06-ac50bd1ec7df.tabs.0.elements.1.width','50'),('matrixBlockTypes.00b25e5a-0d0d-4632-b64e-f657c13c0d93.fieldLayouts.930cc3a1-da5a-43d9-be06-ac50bd1ec7df.tabs.0.elements.2.fieldUid','\"4e1bed0c-f90c-4174-b37f-d7aa08e1f95e\"'),('matrixBlockTypes.00b25e5a-0d0d-4632-b64e-f657c13c0d93.fieldLayouts.930cc3a1-da5a-43d9-be06-ac50bd1ec7df.tabs.0.elements.2.instructions','null'),('matrixBlockTypes.00b25e5a-0d0d-4632-b64e-f657c13c0d93.fieldLayouts.930cc3a1-da5a-43d9-be06-ac50bd1ec7df.tabs.0.elements.2.label','null'),('matrixBlockTypes.00b25e5a-0d0d-4632-b64e-f657c13c0d93.fieldLayouts.930cc3a1-da5a-43d9-be06-ac50bd1ec7df.tabs.0.elements.2.required','false'),('matrixBlockTypes.00b25e5a-0d0d-4632-b64e-f657c13c0d93.fieldLayouts.930cc3a1-da5a-43d9-be06-ac50bd1ec7df.tabs.0.elements.2.tip','null'),('matrixBlockTypes.00b25e5a-0d0d-4632-b64e-f657c13c0d93.fieldLayouts.930cc3a1-da5a-43d9-be06-ac50bd1ec7df.tabs.0.elements.2.type','\"craft\\\\fieldlayoutelements\\\\CustomField\"'),('matrixBlockTypes.00b25e5a-0d0d-4632-b64e-f657c13c0d93.fieldLayouts.930cc3a1-da5a-43d9-be06-ac50bd1ec7df.tabs.0.elements.2.warning','null'),('matrixBlockTypes.00b25e5a-0d0d-4632-b64e-f657c13c0d93.fieldLayouts.930cc3a1-da5a-43d9-be06-ac50bd1ec7df.tabs.0.elements.2.width','50'),('matrixBlockTypes.00b25e5a-0d0d-4632-b64e-f657c13c0d93.fieldLayouts.930cc3a1-da5a-43d9-be06-ac50bd1ec7df.tabs.0.elements.3.fieldUid','\"0054f69b-9011-4d15-a0ff-c6ea48730185\"'),('matrixBlockTypes.00b25e5a-0d0d-4632-b64e-f657c13c0d93.fieldLayouts.930cc3a1-da5a-43d9-be06-ac50bd1ec7df.tabs.0.elements.3.instructions','null'),('matrixBlockTypes.00b25e5a-0d0d-4632-b64e-f657c13c0d93.fieldLayouts.930cc3a1-da5a-43d9-be06-ac50bd1ec7df.tabs.0.elements.3.label','null'),('matrixBlockTypes.00b25e5a-0d0d-4632-b64e-f657c13c0d93.fieldLayouts.930cc3a1-da5a-43d9-be06-ac50bd1ec7df.tabs.0.elements.3.required','false'),('matrixBlockTypes.00b25e5a-0d0d-4632-b64e-f657c13c0d93.fieldLayouts.930cc3a1-da5a-43d9-be06-ac50bd1ec7df.tabs.0.elements.3.tip','null'),('matrixBlockTypes.00b25e5a-0d0d-4632-b64e-f657c13c0d93.fieldLayouts.930cc3a1-da5a-43d9-be06-ac50bd1ec7df.tabs.0.elements.3.type','\"craft\\\\fieldlayoutelements\\\\CustomField\"'),('matrixBlockTypes.00b25e5a-0d0d-4632-b64e-f657c13c0d93.fieldLayouts.930cc3a1-da5a-43d9-be06-ac50bd1ec7df.tabs.0.elements.3.warning','null'),('matrixBlockTypes.00b25e5a-0d0d-4632-b64e-f657c13c0d93.fieldLayouts.930cc3a1-da5a-43d9-be06-ac50bd1ec7df.tabs.0.elements.3.width','50'),('matrixBlockTypes.00b25e5a-0d0d-4632-b64e-f657c13c0d93.fieldLayouts.930cc3a1-da5a-43d9-be06-ac50bd1ec7df.tabs.0.elements.4.fieldUid','\"79a8dc44-6a63-4c33-8c43-97839331c8e4\"'),('matrixBlockTypes.00b25e5a-0d0d-4632-b64e-f657c13c0d93.fieldLayouts.930cc3a1-da5a-43d9-be06-ac50bd1ec7df.tabs.0.elements.4.instructions','null'),('matrixBlockTypes.00b25e5a-0d0d-4632-b64e-f657c13c0d93.fieldLayouts.930cc3a1-da5a-43d9-be06-ac50bd1ec7df.tabs.0.elements.4.label','null'),('matrixBlockTypes.00b25e5a-0d0d-4632-b64e-f657c13c0d93.fieldLayouts.930cc3a1-da5a-43d9-be06-ac50bd1ec7df.tabs.0.elements.4.required','false'),('matrixBlockTypes.00b25e5a-0d0d-4632-b64e-f657c13c0d93.fieldLayouts.930cc3a1-da5a-43d9-be06-ac50bd1ec7df.tabs.0.elements.4.tip','null'),('matrixBlockTypes.00b25e5a-0d0d-4632-b64e-f657c13c0d93.fieldLayouts.930cc3a1-da5a-43d9-be06-ac50bd1ec7df.tabs.0.elements.4.type','\"craft\\\\fieldlayoutelements\\\\CustomField\"'),('matrixBlockTypes.00b25e5a-0d0d-4632-b64e-f657c13c0d93.fieldLayouts.930cc3a1-da5a-43d9-be06-ac50bd1ec7df.tabs.0.elements.4.warning','null'),('matrixBlockTypes.00b25e5a-0d0d-4632-b64e-f657c13c0d93.fieldLayouts.930cc3a1-da5a-43d9-be06-ac50bd1ec7df.tabs.0.elements.4.width','100'),('matrixBlockTypes.00b25e5a-0d0d-4632-b64e-f657c13c0d93.fieldLayouts.930cc3a1-da5a-43d9-be06-ac50bd1ec7df.tabs.0.elements.5.fieldUid','\"c427cb38-182e-4ab8-a69d-731097bef2fd\"'),('matrixBlockTypes.00b25e5a-0d0d-4632-b64e-f657c13c0d93.fieldLayouts.930cc3a1-da5a-43d9-be06-ac50bd1ec7df.tabs.0.elements.5.instructions','null'),('matrixBlockTypes.00b25e5a-0d0d-4632-b64e-f657c13c0d93.fieldLayouts.930cc3a1-da5a-43d9-be06-ac50bd1ec7df.tabs.0.elements.5.label','null'),('matrixBlockTypes.00b25e5a-0d0d-4632-b64e-f657c13c0d93.fieldLayouts.930cc3a1-da5a-43d9-be06-ac50bd1ec7df.tabs.0.elements.5.required','false'),('matrixBlockTypes.00b25e5a-0d0d-4632-b64e-f657c13c0d93.fieldLayouts.930cc3a1-da5a-43d9-be06-ac50bd1ec7df.tabs.0.elements.5.tip','null'),('matrixBlockTypes.00b25e5a-0d0d-4632-b64e-f657c13c0d93.fieldLayouts.930cc3a1-da5a-43d9-be06-ac50bd1ec7df.tabs.0.elements.5.type','\"craft\\\\fieldlayoutelements\\\\CustomField\"'),('matrixBlockTypes.00b25e5a-0d0d-4632-b64e-f657c13c0d93.fieldLayouts.930cc3a1-da5a-43d9-be06-ac50bd1ec7df.tabs.0.elements.5.warning','null'),('matrixBlockTypes.00b25e5a-0d0d-4632-b64e-f657c13c0d93.fieldLayouts.930cc3a1-da5a-43d9-be06-ac50bd1ec7df.tabs.0.elements.5.width','100'),('matrixBlockTypes.00b25e5a-0d0d-4632-b64e-f657c13c0d93.fieldLayouts.930cc3a1-da5a-43d9-be06-ac50bd1ec7df.tabs.0.name','\"Content\"'),('matrixBlockTypes.00b25e5a-0d0d-4632-b64e-f657c13c0d93.fieldLayouts.930cc3a1-da5a-43d9-be06-ac50bd1ec7df.tabs.0.sortOrder','1'),('matrixBlockTypes.00b25e5a-0d0d-4632-b64e-f657c13c0d93.fields.0054f69b-9011-4d15-a0ff-c6ea48730185.columnSuffix','null'),('matrixBlockTypes.00b25e5a-0d0d-4632-b64e-f657c13c0d93.fields.0054f69b-9011-4d15-a0ff-c6ea48730185.contentColumnType','\"string(7)\"'),('matrixBlockTypes.00b25e5a-0d0d-4632-b64e-f657c13c0d93.fields.0054f69b-9011-4d15-a0ff-c6ea48730185.fieldGroup','null'),('matrixBlockTypes.00b25e5a-0d0d-4632-b64e-f657c13c0d93.fields.0054f69b-9011-4d15-a0ff-c6ea48730185.handle','\"textColour\"'),('matrixBlockTypes.00b25e5a-0d0d-4632-b64e-f657c13c0d93.fields.0054f69b-9011-4d15-a0ff-c6ea48730185.instructions','\"\"'),('matrixBlockTypes.00b25e5a-0d0d-4632-b64e-f657c13c0d93.fields.0054f69b-9011-4d15-a0ff-c6ea48730185.name','\"Text Colour\"'),('matrixBlockTypes.00b25e5a-0d0d-4632-b64e-f657c13c0d93.fields.0054f69b-9011-4d15-a0ff-c6ea48730185.searchable','false'),('matrixBlockTypes.00b25e5a-0d0d-4632-b64e-f657c13c0d93.fields.0054f69b-9011-4d15-a0ff-c6ea48730185.settings.defaultColor','\"#000000\"'),('matrixBlockTypes.00b25e5a-0d0d-4632-b64e-f657c13c0d93.fields.0054f69b-9011-4d15-a0ff-c6ea48730185.translationKeyFormat','null'),('matrixBlockTypes.00b25e5a-0d0d-4632-b64e-f657c13c0d93.fields.0054f69b-9011-4d15-a0ff-c6ea48730185.translationMethod','\"none\"'),('matrixBlockTypes.00b25e5a-0d0d-4632-b64e-f657c13c0d93.fields.0054f69b-9011-4d15-a0ff-c6ea48730185.type','\"craft\\\\fields\\\\Color\"'),('matrixBlockTypes.00b25e5a-0d0d-4632-b64e-f657c13c0d93.fields.38ce72b8-1521-44a3-8839-679d0e0345ce.columnSuffix','null'),('matrixBlockTypes.00b25e5a-0d0d-4632-b64e-f657c13c0d93.fields.38ce72b8-1521-44a3-8839-679d0e0345ce.contentColumnType','\"string\"'),('matrixBlockTypes.00b25e5a-0d0d-4632-b64e-f657c13c0d93.fields.38ce72b8-1521-44a3-8839-679d0e0345ce.fieldGroup','null'),('matrixBlockTypes.00b25e5a-0d0d-4632-b64e-f657c13c0d93.fields.38ce72b8-1521-44a3-8839-679d0e0345ce.handle','\"backgroundImage\"'),('matrixBlockTypes.00b25e5a-0d0d-4632-b64e-f657c13c0d93.fields.38ce72b8-1521-44a3-8839-679d0e0345ce.instructions','\"\"'),('matrixBlockTypes.00b25e5a-0d0d-4632-b64e-f657c13c0d93.fields.38ce72b8-1521-44a3-8839-679d0e0345ce.name','\"Background Image\"'),('matrixBlockTypes.00b25e5a-0d0d-4632-b64e-f657c13c0d93.fields.38ce72b8-1521-44a3-8839-679d0e0345ce.searchable','false'),('matrixBlockTypes.00b25e5a-0d0d-4632-b64e-f657c13c0d93.fields.38ce72b8-1521-44a3-8839-679d0e0345ce.settings.allowedKinds.0','\"image\"'),('matrixBlockTypes.00b25e5a-0d0d-4632-b64e-f657c13c0d93.fields.38ce72b8-1521-44a3-8839-679d0e0345ce.settings.allowSelfRelations','false'),('matrixBlockTypes.00b25e5a-0d0d-4632-b64e-f657c13c0d93.fields.38ce72b8-1521-44a3-8839-679d0e0345ce.settings.allowUploads','true'),('matrixBlockTypes.00b25e5a-0d0d-4632-b64e-f657c13c0d93.fields.38ce72b8-1521-44a3-8839-679d0e0345ce.settings.defaultUploadLocationSource','\"volume:800c016b-2fa3-4b15-a888-4e0d4da70c32\"'),('matrixBlockTypes.00b25e5a-0d0d-4632-b64e-f657c13c0d93.fields.38ce72b8-1521-44a3-8839-679d0e0345ce.settings.defaultUploadLocationSubpath','\"\"'),('matrixBlockTypes.00b25e5a-0d0d-4632-b64e-f657c13c0d93.fields.38ce72b8-1521-44a3-8839-679d0e0345ce.settings.limit','\"1\"'),('matrixBlockTypes.00b25e5a-0d0d-4632-b64e-f657c13c0d93.fields.38ce72b8-1521-44a3-8839-679d0e0345ce.settings.localizeRelations','false'),('matrixBlockTypes.00b25e5a-0d0d-4632-b64e-f657c13c0d93.fields.38ce72b8-1521-44a3-8839-679d0e0345ce.settings.previewMode','\"full\"'),('matrixBlockTypes.00b25e5a-0d0d-4632-b64e-f657c13c0d93.fields.38ce72b8-1521-44a3-8839-679d0e0345ce.settings.restrictFiles','\"1\"'),('matrixBlockTypes.00b25e5a-0d0d-4632-b64e-f657c13c0d93.fields.38ce72b8-1521-44a3-8839-679d0e0345ce.settings.selectionLabel','\"\"'),('matrixBlockTypes.00b25e5a-0d0d-4632-b64e-f657c13c0d93.fields.38ce72b8-1521-44a3-8839-679d0e0345ce.settings.showSiteMenu','true'),('matrixBlockTypes.00b25e5a-0d0d-4632-b64e-f657c13c0d93.fields.38ce72b8-1521-44a3-8839-679d0e0345ce.settings.showUnpermittedFiles','false'),('matrixBlockTypes.00b25e5a-0d0d-4632-b64e-f657c13c0d93.fields.38ce72b8-1521-44a3-8839-679d0e0345ce.settings.showUnpermittedVolumes','false'),('matrixBlockTypes.00b25e5a-0d0d-4632-b64e-f657c13c0d93.fields.38ce72b8-1521-44a3-8839-679d0e0345ce.settings.singleUploadLocationSource','\"volume:800c016b-2fa3-4b15-a888-4e0d4da70c32\"'),('matrixBlockTypes.00b25e5a-0d0d-4632-b64e-f657c13c0d93.fields.38ce72b8-1521-44a3-8839-679d0e0345ce.settings.singleUploadLocationSubpath','\"blocks/centralText/\"'),('matrixBlockTypes.00b25e5a-0d0d-4632-b64e-f657c13c0d93.fields.38ce72b8-1521-44a3-8839-679d0e0345ce.settings.source','null'),('matrixBlockTypes.00b25e5a-0d0d-4632-b64e-f657c13c0d93.fields.38ce72b8-1521-44a3-8839-679d0e0345ce.settings.sources','\"*\"'),('matrixBlockTypes.00b25e5a-0d0d-4632-b64e-f657c13c0d93.fields.38ce72b8-1521-44a3-8839-679d0e0345ce.settings.targetSiteId','null'),('matrixBlockTypes.00b25e5a-0d0d-4632-b64e-f657c13c0d93.fields.38ce72b8-1521-44a3-8839-679d0e0345ce.settings.useSingleFolder','true'),('matrixBlockTypes.00b25e5a-0d0d-4632-b64e-f657c13c0d93.fields.38ce72b8-1521-44a3-8839-679d0e0345ce.settings.validateRelatedElements','false'),('matrixBlockTypes.00b25e5a-0d0d-4632-b64e-f657c13c0d93.fields.38ce72b8-1521-44a3-8839-679d0e0345ce.settings.viewMode','\"list\"'),('matrixBlockTypes.00b25e5a-0d0d-4632-b64e-f657c13c0d93.fields.38ce72b8-1521-44a3-8839-679d0e0345ce.translationKeyFormat','null'),('matrixBlockTypes.00b25e5a-0d0d-4632-b64e-f657c13c0d93.fields.38ce72b8-1521-44a3-8839-679d0e0345ce.translationMethod','\"site\"'),('matrixBlockTypes.00b25e5a-0d0d-4632-b64e-f657c13c0d93.fields.38ce72b8-1521-44a3-8839-679d0e0345ce.type','\"craft\\\\fields\\\\Assets\"'),('matrixBlockTypes.00b25e5a-0d0d-4632-b64e-f657c13c0d93.fields.4e1bed0c-f90c-4174-b37f-d7aa08e1f95e.columnSuffix','null'),('matrixBlockTypes.00b25e5a-0d0d-4632-b64e-f657c13c0d93.fields.4e1bed0c-f90c-4174-b37f-d7aa08e1f95e.contentColumnType','\"string(7)\"'),('matrixBlockTypes.00b25e5a-0d0d-4632-b64e-f657c13c0d93.fields.4e1bed0c-f90c-4174-b37f-d7aa08e1f95e.fieldGroup','null'),('matrixBlockTypes.00b25e5a-0d0d-4632-b64e-f657c13c0d93.fields.4e1bed0c-f90c-4174-b37f-d7aa08e1f95e.handle','\"bodyBackgroundColour\"'),('matrixBlockTypes.00b25e5a-0d0d-4632-b64e-f657c13c0d93.fields.4e1bed0c-f90c-4174-b37f-d7aa08e1f95e.instructions','\"\"'),('matrixBlockTypes.00b25e5a-0d0d-4632-b64e-f657c13c0d93.fields.4e1bed0c-f90c-4174-b37f-d7aa08e1f95e.name','\"Body Background Colour\"'),('matrixBlockTypes.00b25e5a-0d0d-4632-b64e-f657c13c0d93.fields.4e1bed0c-f90c-4174-b37f-d7aa08e1f95e.searchable','false'),('matrixBlockTypes.00b25e5a-0d0d-4632-b64e-f657c13c0d93.fields.4e1bed0c-f90c-4174-b37f-d7aa08e1f95e.settings.defaultColor','\"#ffffff\"'),('matrixBlockTypes.00b25e5a-0d0d-4632-b64e-f657c13c0d93.fields.4e1bed0c-f90c-4174-b37f-d7aa08e1f95e.translationKeyFormat','null'),('matrixBlockTypes.00b25e5a-0d0d-4632-b64e-f657c13c0d93.fields.4e1bed0c-f90c-4174-b37f-d7aa08e1f95e.translationMethod','\"none\"'),('matrixBlockTypes.00b25e5a-0d0d-4632-b64e-f657c13c0d93.fields.4e1bed0c-f90c-4174-b37f-d7aa08e1f95e.type','\"craft\\\\fields\\\\Color\"'),('matrixBlockTypes.00b25e5a-0d0d-4632-b64e-f657c13c0d93.fields.79a8dc44-6a63-4c33-8c43-97839331c8e4.columnSuffix','null'),('matrixBlockTypes.00b25e5a-0d0d-4632-b64e-f657c13c0d93.fields.79a8dc44-6a63-4c33-8c43-97839331c8e4.contentColumnType','\"text\"'),('matrixBlockTypes.00b25e5a-0d0d-4632-b64e-f657c13c0d93.fields.79a8dc44-6a63-4c33-8c43-97839331c8e4.fieldGroup','null'),('matrixBlockTypes.00b25e5a-0d0d-4632-b64e-f657c13c0d93.fields.79a8dc44-6a63-4c33-8c43-97839331c8e4.handle','\"blockTitle\"'),('matrixBlockTypes.00b25e5a-0d0d-4632-b64e-f657c13c0d93.fields.79a8dc44-6a63-4c33-8c43-97839331c8e4.instructions','\"\"'),('matrixBlockTypes.00b25e5a-0d0d-4632-b64e-f657c13c0d93.fields.79a8dc44-6a63-4c33-8c43-97839331c8e4.name','\"Block Title\"'),('matrixBlockTypes.00b25e5a-0d0d-4632-b64e-f657c13c0d93.fields.79a8dc44-6a63-4c33-8c43-97839331c8e4.searchable','false'),('matrixBlockTypes.00b25e5a-0d0d-4632-b64e-f657c13c0d93.fields.79a8dc44-6a63-4c33-8c43-97839331c8e4.settings.byteLimit','null'),('matrixBlockTypes.00b25e5a-0d0d-4632-b64e-f657c13c0d93.fields.79a8dc44-6a63-4c33-8c43-97839331c8e4.settings.charLimit','null'),('matrixBlockTypes.00b25e5a-0d0d-4632-b64e-f657c13c0d93.fields.79a8dc44-6a63-4c33-8c43-97839331c8e4.settings.code','\"\"'),('matrixBlockTypes.00b25e5a-0d0d-4632-b64e-f657c13c0d93.fields.79a8dc44-6a63-4c33-8c43-97839331c8e4.settings.columnType','null'),('matrixBlockTypes.00b25e5a-0d0d-4632-b64e-f657c13c0d93.fields.79a8dc44-6a63-4c33-8c43-97839331c8e4.settings.initialRows','\"4\"'),('matrixBlockTypes.00b25e5a-0d0d-4632-b64e-f657c13c0d93.fields.79a8dc44-6a63-4c33-8c43-97839331c8e4.settings.multiline','\"\"'),('matrixBlockTypes.00b25e5a-0d0d-4632-b64e-f657c13c0d93.fields.79a8dc44-6a63-4c33-8c43-97839331c8e4.settings.placeholder','null'),('matrixBlockTypes.00b25e5a-0d0d-4632-b64e-f657c13c0d93.fields.79a8dc44-6a63-4c33-8c43-97839331c8e4.settings.uiMode','\"normal\"'),('matrixBlockTypes.00b25e5a-0d0d-4632-b64e-f657c13c0d93.fields.79a8dc44-6a63-4c33-8c43-97839331c8e4.translationKeyFormat','null'),('matrixBlockTypes.00b25e5a-0d0d-4632-b64e-f657c13c0d93.fields.79a8dc44-6a63-4c33-8c43-97839331c8e4.translationMethod','\"none\"'),('matrixBlockTypes.00b25e5a-0d0d-4632-b64e-f657c13c0d93.fields.79a8dc44-6a63-4c33-8c43-97839331c8e4.type','\"craft\\\\fields\\\\PlainText\"'),('matrixBlockTypes.00b25e5a-0d0d-4632-b64e-f657c13c0d93.fields.c427cb38-182e-4ab8-a69d-731097bef2fd.columnSuffix','null'),('matrixBlockTypes.00b25e5a-0d0d-4632-b64e-f657c13c0d93.fields.c427cb38-182e-4ab8-a69d-731097bef2fd.contentColumnType','\"text\"'),('matrixBlockTypes.00b25e5a-0d0d-4632-b64e-f657c13c0d93.fields.c427cb38-182e-4ab8-a69d-731097bef2fd.fieldGroup','null'),('matrixBlockTypes.00b25e5a-0d0d-4632-b64e-f657c13c0d93.fields.c427cb38-182e-4ab8-a69d-731097bef2fd.handle','\"blockBody\"'),('matrixBlockTypes.00b25e5a-0d0d-4632-b64e-f657c13c0d93.fields.c427cb38-182e-4ab8-a69d-731097bef2fd.instructions','\"\"'),('matrixBlockTypes.00b25e5a-0d0d-4632-b64e-f657c13c0d93.fields.c427cb38-182e-4ab8-a69d-731097bef2fd.name','\"Block Body\"'),('matrixBlockTypes.00b25e5a-0d0d-4632-b64e-f657c13c0d93.fields.c427cb38-182e-4ab8-a69d-731097bef2fd.searchable','false'),('matrixBlockTypes.00b25e5a-0d0d-4632-b64e-f657c13c0d93.fields.c427cb38-182e-4ab8-a69d-731097bef2fd.settings.availableTransforms','\"*\"'),('matrixBlockTypes.00b25e5a-0d0d-4632-b64e-f657c13c0d93.fields.c427cb38-182e-4ab8-a69d-731097bef2fd.settings.availableVolumes','\"*\"'),('matrixBlockTypes.00b25e5a-0d0d-4632-b64e-f657c13c0d93.fields.c427cb38-182e-4ab8-a69d-731097bef2fd.settings.columnType','\"text\"'),('matrixBlockTypes.00b25e5a-0d0d-4632-b64e-f657c13c0d93.fields.c427cb38-182e-4ab8-a69d-731097bef2fd.settings.configSelectionMode','\"choose\"'),('matrixBlockTypes.00b25e5a-0d0d-4632-b64e-f657c13c0d93.fields.c427cb38-182e-4ab8-a69d-731097bef2fd.settings.defaultTransform','\"\"'),('matrixBlockTypes.00b25e5a-0d0d-4632-b64e-f657c13c0d93.fields.c427cb38-182e-4ab8-a69d-731097bef2fd.settings.manualConfig','\"\"'),('matrixBlockTypes.00b25e5a-0d0d-4632-b64e-f657c13c0d93.fields.c427cb38-182e-4ab8-a69d-731097bef2fd.settings.purifierConfig','\"\"'),('matrixBlockTypes.00b25e5a-0d0d-4632-b64e-f657c13c0d93.fields.c427cb38-182e-4ab8-a69d-731097bef2fd.settings.purifyHtml','\"1\"'),('matrixBlockTypes.00b25e5a-0d0d-4632-b64e-f657c13c0d93.fields.c427cb38-182e-4ab8-a69d-731097bef2fd.settings.redactorConfig','\"\"'),('matrixBlockTypes.00b25e5a-0d0d-4632-b64e-f657c13c0d93.fields.c427cb38-182e-4ab8-a69d-731097bef2fd.settings.removeEmptyTags','\"1\"'),('matrixBlockTypes.00b25e5a-0d0d-4632-b64e-f657c13c0d93.fields.c427cb38-182e-4ab8-a69d-731097bef2fd.settings.removeInlineStyles','\"1\"'),('matrixBlockTypes.00b25e5a-0d0d-4632-b64e-f657c13c0d93.fields.c427cb38-182e-4ab8-a69d-731097bef2fd.settings.removeNbsp','\"1\"'),('matrixBlockTypes.00b25e5a-0d0d-4632-b64e-f657c13c0d93.fields.c427cb38-182e-4ab8-a69d-731097bef2fd.settings.showHtmlButtonForNonAdmins','\"\"'),('matrixBlockTypes.00b25e5a-0d0d-4632-b64e-f657c13c0d93.fields.c427cb38-182e-4ab8-a69d-731097bef2fd.settings.showUnpermittedFiles','false'),('matrixBlockTypes.00b25e5a-0d0d-4632-b64e-f657c13c0d93.fields.c427cb38-182e-4ab8-a69d-731097bef2fd.settings.showUnpermittedVolumes','false'),('matrixBlockTypes.00b25e5a-0d0d-4632-b64e-f657c13c0d93.fields.c427cb38-182e-4ab8-a69d-731097bef2fd.settings.uiMode','\"enlarged\"'),('matrixBlockTypes.00b25e5a-0d0d-4632-b64e-f657c13c0d93.fields.c427cb38-182e-4ab8-a69d-731097bef2fd.translationKeyFormat','null'),('matrixBlockTypes.00b25e5a-0d0d-4632-b64e-f657c13c0d93.fields.c427cb38-182e-4ab8-a69d-731097bef2fd.translationMethod','\"none\"'),('matrixBlockTypes.00b25e5a-0d0d-4632-b64e-f657c13c0d93.fields.c427cb38-182e-4ab8-a69d-731097bef2fd.type','\"craft\\\\redactor\\\\Field\"'),('matrixBlockTypes.00b25e5a-0d0d-4632-b64e-f657c13c0d93.fields.d73d362e-39d4-4f37-94ab-4072abc295d8.columnSuffix','null'),('matrixBlockTypes.00b25e5a-0d0d-4632-b64e-f657c13c0d93.fields.d73d362e-39d4-4f37-94ab-4072abc295d8.contentColumnType','\"string(7)\"'),('matrixBlockTypes.00b25e5a-0d0d-4632-b64e-f657c13c0d93.fields.d73d362e-39d4-4f37-94ab-4072abc295d8.fieldGroup','null'),('matrixBlockTypes.00b25e5a-0d0d-4632-b64e-f657c13c0d93.fields.d73d362e-39d4-4f37-94ab-4072abc295d8.handle','\"backgroundColour\"'),('matrixBlockTypes.00b25e5a-0d0d-4632-b64e-f657c13c0d93.fields.d73d362e-39d4-4f37-94ab-4072abc295d8.instructions','\"\"'),('matrixBlockTypes.00b25e5a-0d0d-4632-b64e-f657c13c0d93.fields.d73d362e-39d4-4f37-94ab-4072abc295d8.name','\"Background Colour\"'),('matrixBlockTypes.00b25e5a-0d0d-4632-b64e-f657c13c0d93.fields.d73d362e-39d4-4f37-94ab-4072abc295d8.searchable','false'),('matrixBlockTypes.00b25e5a-0d0d-4632-b64e-f657c13c0d93.fields.d73d362e-39d4-4f37-94ab-4072abc295d8.settings.defaultColor','\"#cccccc\"'),('matrixBlockTypes.00b25e5a-0d0d-4632-b64e-f657c13c0d93.fields.d73d362e-39d4-4f37-94ab-4072abc295d8.translationKeyFormat','null'),('matrixBlockTypes.00b25e5a-0d0d-4632-b64e-f657c13c0d93.fields.d73d362e-39d4-4f37-94ab-4072abc295d8.translationMethod','\"none\"'),('matrixBlockTypes.00b25e5a-0d0d-4632-b64e-f657c13c0d93.fields.d73d362e-39d4-4f37-94ab-4072abc295d8.type','\"craft\\\\fields\\\\Color\"'),('matrixBlockTypes.00b25e5a-0d0d-4632-b64e-f657c13c0d93.handle','\"centralTextSection\"'),('matrixBlockTypes.00b25e5a-0d0d-4632-b64e-f657c13c0d93.name','\"Central Text Section\"'),('matrixBlockTypes.00b25e5a-0d0d-4632-b64e-f657c13c0d93.sortOrder','8'),('matrixBlockTypes.1b2d764b-336f-4530-b688-b2220820ab84.field','\"45510379-3fcf-4283-a246-9069f9bc58bb\"'),('matrixBlockTypes.1b2d764b-336f-4530-b688-b2220820ab84.fieldLayouts.4da4bca5-822a-454d-af2d-742d56eafbd0.tabs.0.elements.0.fieldUid','\"23f29628-c753-408f-8004-d909cf927f83\"'),('matrixBlockTypes.1b2d764b-336f-4530-b688-b2220820ab84.fieldLayouts.4da4bca5-822a-454d-af2d-742d56eafbd0.tabs.0.elements.0.instructions','null'),('matrixBlockTypes.1b2d764b-336f-4530-b688-b2220820ab84.fieldLayouts.4da4bca5-822a-454d-af2d-742d56eafbd0.tabs.0.elements.0.label','null'),('matrixBlockTypes.1b2d764b-336f-4530-b688-b2220820ab84.fieldLayouts.4da4bca5-822a-454d-af2d-742d56eafbd0.tabs.0.elements.0.required','true'),('matrixBlockTypes.1b2d764b-336f-4530-b688-b2220820ab84.fieldLayouts.4da4bca5-822a-454d-af2d-742d56eafbd0.tabs.0.elements.0.tip','null'),('matrixBlockTypes.1b2d764b-336f-4530-b688-b2220820ab84.fieldLayouts.4da4bca5-822a-454d-af2d-742d56eafbd0.tabs.0.elements.0.type','\"craft\\\\fieldlayoutelements\\\\CustomField\"'),('matrixBlockTypes.1b2d764b-336f-4530-b688-b2220820ab84.fieldLayouts.4da4bca5-822a-454d-af2d-742d56eafbd0.tabs.0.elements.0.warning','null'),('matrixBlockTypes.1b2d764b-336f-4530-b688-b2220820ab84.fieldLayouts.4da4bca5-822a-454d-af2d-742d56eafbd0.tabs.0.elements.0.width','100'),('matrixBlockTypes.1b2d764b-336f-4530-b688-b2220820ab84.fieldLayouts.4da4bca5-822a-454d-af2d-742d56eafbd0.tabs.0.elements.1.fieldUid','\"ef313fab-ef14-41aa-9dd4-bc0db95cb677\"'),('matrixBlockTypes.1b2d764b-336f-4530-b688-b2220820ab84.fieldLayouts.4da4bca5-822a-454d-af2d-742d56eafbd0.tabs.0.elements.1.instructions','null'),('matrixBlockTypes.1b2d764b-336f-4530-b688-b2220820ab84.fieldLayouts.4da4bca5-822a-454d-af2d-742d56eafbd0.tabs.0.elements.1.label','null'),('matrixBlockTypes.1b2d764b-336f-4530-b688-b2220820ab84.fieldLayouts.4da4bca5-822a-454d-af2d-742d56eafbd0.tabs.0.elements.1.required','false'),('matrixBlockTypes.1b2d764b-336f-4530-b688-b2220820ab84.fieldLayouts.4da4bca5-822a-454d-af2d-742d56eafbd0.tabs.0.elements.1.tip','null'),('matrixBlockTypes.1b2d764b-336f-4530-b688-b2220820ab84.fieldLayouts.4da4bca5-822a-454d-af2d-742d56eafbd0.tabs.0.elements.1.type','\"craft\\\\fieldlayoutelements\\\\CustomField\"'),('matrixBlockTypes.1b2d764b-336f-4530-b688-b2220820ab84.fieldLayouts.4da4bca5-822a-454d-af2d-742d56eafbd0.tabs.0.elements.1.warning','null'),('matrixBlockTypes.1b2d764b-336f-4530-b688-b2220820ab84.fieldLayouts.4da4bca5-822a-454d-af2d-742d56eafbd0.tabs.0.elements.1.width','100'),('matrixBlockTypes.1b2d764b-336f-4530-b688-b2220820ab84.fieldLayouts.4da4bca5-822a-454d-af2d-742d56eafbd0.tabs.0.name','\"Content\"'),('matrixBlockTypes.1b2d764b-336f-4530-b688-b2220820ab84.fieldLayouts.4da4bca5-822a-454d-af2d-742d56eafbd0.tabs.0.sortOrder','1'),('matrixBlockTypes.1b2d764b-336f-4530-b688-b2220820ab84.fields.23f29628-c753-408f-8004-d909cf927f83.columnSuffix','null'),('matrixBlockTypes.1b2d764b-336f-4530-b688-b2220820ab84.fields.23f29628-c753-408f-8004-d909cf927f83.contentColumnType','\"string\"'),('matrixBlockTypes.1b2d764b-336f-4530-b688-b2220820ab84.fields.23f29628-c753-408f-8004-d909cf927f83.fieldGroup','null'),('matrixBlockTypes.1b2d764b-336f-4530-b688-b2220820ab84.fields.23f29628-c753-408f-8004-d909cf927f83.handle','\"images\"'),('matrixBlockTypes.1b2d764b-336f-4530-b688-b2220820ab84.fields.23f29628-c753-408f-8004-d909cf927f83.instructions','\"\"'),('matrixBlockTypes.1b2d764b-336f-4530-b688-b2220820ab84.fields.23f29628-c753-408f-8004-d909cf927f83.name','\"Images\"'),('matrixBlockTypes.1b2d764b-336f-4530-b688-b2220820ab84.fields.23f29628-c753-408f-8004-d909cf927f83.searchable','false'),('matrixBlockTypes.1b2d764b-336f-4530-b688-b2220820ab84.fields.23f29628-c753-408f-8004-d909cf927f83.settings.allowedKinds.0','\"image\"'),('matrixBlockTypes.1b2d764b-336f-4530-b688-b2220820ab84.fields.23f29628-c753-408f-8004-d909cf927f83.settings.allowSelfRelations','false'),('matrixBlockTypes.1b2d764b-336f-4530-b688-b2220820ab84.fields.23f29628-c753-408f-8004-d909cf927f83.settings.allowUploads','true'),('matrixBlockTypes.1b2d764b-336f-4530-b688-b2220820ab84.fields.23f29628-c753-408f-8004-d909cf927f83.settings.defaultUploadLocationSource','\"volume:800c016b-2fa3-4b15-a888-4e0d4da70c32\"'),('matrixBlockTypes.1b2d764b-336f-4530-b688-b2220820ab84.fields.23f29628-c753-408f-8004-d909cf927f83.settings.defaultUploadLocationSubpath','\"\"'),('matrixBlockTypes.1b2d764b-336f-4530-b688-b2220820ab84.fields.23f29628-c753-408f-8004-d909cf927f83.settings.limit','\"\"'),('matrixBlockTypes.1b2d764b-336f-4530-b688-b2220820ab84.fields.23f29628-c753-408f-8004-d909cf927f83.settings.localizeRelations','false'),('matrixBlockTypes.1b2d764b-336f-4530-b688-b2220820ab84.fields.23f29628-c753-408f-8004-d909cf927f83.settings.previewMode','\"full\"'),('matrixBlockTypes.1b2d764b-336f-4530-b688-b2220820ab84.fields.23f29628-c753-408f-8004-d909cf927f83.settings.restrictFiles','\"1\"'),('matrixBlockTypes.1b2d764b-336f-4530-b688-b2220820ab84.fields.23f29628-c753-408f-8004-d909cf927f83.settings.selectionLabel','\"\"'),('matrixBlockTypes.1b2d764b-336f-4530-b688-b2220820ab84.fields.23f29628-c753-408f-8004-d909cf927f83.settings.showSiteMenu','true'),('matrixBlockTypes.1b2d764b-336f-4530-b688-b2220820ab84.fields.23f29628-c753-408f-8004-d909cf927f83.settings.showUnpermittedFiles','false'),('matrixBlockTypes.1b2d764b-336f-4530-b688-b2220820ab84.fields.23f29628-c753-408f-8004-d909cf927f83.settings.showUnpermittedVolumes','false'),('matrixBlockTypes.1b2d764b-336f-4530-b688-b2220820ab84.fields.23f29628-c753-408f-8004-d909cf927f83.settings.singleUploadLocationSource','\"volume:800c016b-2fa3-4b15-a888-4e0d4da70c32\"'),('matrixBlockTypes.1b2d764b-336f-4530-b688-b2220820ab84.fields.23f29628-c753-408f-8004-d909cf927f83.settings.singleUploadLocationSubpath','\"blocks/central-slideshow/\"'),('matrixBlockTypes.1b2d764b-336f-4530-b688-b2220820ab84.fields.23f29628-c753-408f-8004-d909cf927f83.settings.source','null'),('matrixBlockTypes.1b2d764b-336f-4530-b688-b2220820ab84.fields.23f29628-c753-408f-8004-d909cf927f83.settings.sources','\"*\"'),('matrixBlockTypes.1b2d764b-336f-4530-b688-b2220820ab84.fields.23f29628-c753-408f-8004-d909cf927f83.settings.targetSiteId','null'),('matrixBlockTypes.1b2d764b-336f-4530-b688-b2220820ab84.fields.23f29628-c753-408f-8004-d909cf927f83.settings.useSingleFolder','true'),('matrixBlockTypes.1b2d764b-336f-4530-b688-b2220820ab84.fields.23f29628-c753-408f-8004-d909cf927f83.settings.validateRelatedElements','false'),('matrixBlockTypes.1b2d764b-336f-4530-b688-b2220820ab84.fields.23f29628-c753-408f-8004-d909cf927f83.settings.viewMode','\"list\"'),('matrixBlockTypes.1b2d764b-336f-4530-b688-b2220820ab84.fields.23f29628-c753-408f-8004-d909cf927f83.translationKeyFormat','null'),('matrixBlockTypes.1b2d764b-336f-4530-b688-b2220820ab84.fields.23f29628-c753-408f-8004-d909cf927f83.translationMethod','\"site\"'),('matrixBlockTypes.1b2d764b-336f-4530-b688-b2220820ab84.fields.23f29628-c753-408f-8004-d909cf927f83.type','\"craft\\\\fields\\\\Assets\"'),('matrixBlockTypes.1b2d764b-336f-4530-b688-b2220820ab84.fields.ef313fab-ef14-41aa-9dd4-bc0db95cb677.columnSuffix','null'),('matrixBlockTypes.1b2d764b-336f-4530-b688-b2220820ab84.fields.ef313fab-ef14-41aa-9dd4-bc0db95cb677.contentColumnType','\"boolean\"'),('matrixBlockTypes.1b2d764b-336f-4530-b688-b2220820ab84.fields.ef313fab-ef14-41aa-9dd4-bc0db95cb677.fieldGroup','null'),('matrixBlockTypes.1b2d764b-336f-4530-b688-b2220820ab84.fields.ef313fab-ef14-41aa-9dd4-bc0db95cb677.handle','\"lightOrDarkControls\"'),('matrixBlockTypes.1b2d764b-336f-4530-b688-b2220820ab84.fields.ef313fab-ef14-41aa-9dd4-bc0db95cb677.instructions','\"\"'),('matrixBlockTypes.1b2d764b-336f-4530-b688-b2220820ab84.fields.ef313fab-ef14-41aa-9dd4-bc0db95cb677.name','\"Light or Dark Controls\"'),('matrixBlockTypes.1b2d764b-336f-4530-b688-b2220820ab84.fields.ef313fab-ef14-41aa-9dd4-bc0db95cb677.searchable','false'),('matrixBlockTypes.1b2d764b-336f-4530-b688-b2220820ab84.fields.ef313fab-ef14-41aa-9dd4-bc0db95cb677.settings.default','false'),('matrixBlockTypes.1b2d764b-336f-4530-b688-b2220820ab84.fields.ef313fab-ef14-41aa-9dd4-bc0db95cb677.settings.offLabel','\"Light\"'),('matrixBlockTypes.1b2d764b-336f-4530-b688-b2220820ab84.fields.ef313fab-ef14-41aa-9dd4-bc0db95cb677.settings.onLabel','\"Dark\"'),('matrixBlockTypes.1b2d764b-336f-4530-b688-b2220820ab84.fields.ef313fab-ef14-41aa-9dd4-bc0db95cb677.translationKeyFormat','null'),('matrixBlockTypes.1b2d764b-336f-4530-b688-b2220820ab84.fields.ef313fab-ef14-41aa-9dd4-bc0db95cb677.translationMethod','\"none\"'),('matrixBlockTypes.1b2d764b-336f-4530-b688-b2220820ab84.fields.ef313fab-ef14-41aa-9dd4-bc0db95cb677.type','\"craft\\\\fields\\\\Lightswitch\"'),('matrixBlockTypes.1b2d764b-336f-4530-b688-b2220820ab84.handle','\"centralSlideshow\"'),('matrixBlockTypes.1b2d764b-336f-4530-b688-b2220820ab84.name','\"Central Slideshow\"'),('matrixBlockTypes.1b2d764b-336f-4530-b688-b2220820ab84.sortOrder','2'),('matrixBlockTypes.48b85d0b-31ca-465f-b4a8-4323237cc894.field','\"45510379-3fcf-4283-a246-9069f9bc58bb\"'),('matrixBlockTypes.48b85d0b-31ca-465f-b4a8-4323237cc894.fieldLayouts.5b22c491-2528-401b-b9f2-26b0876f8d72.tabs.0.elements.0.fieldUid','\"a09ae5e6-c3ec-464a-b352-36cc6dcc779f\"'),('matrixBlockTypes.48b85d0b-31ca-465f-b4a8-4323237cc894.fieldLayouts.5b22c491-2528-401b-b9f2-26b0876f8d72.tabs.0.elements.0.instructions','null'),('matrixBlockTypes.48b85d0b-31ca-465f-b4a8-4323237cc894.fieldLayouts.5b22c491-2528-401b-b9f2-26b0876f8d72.tabs.0.elements.0.label','null'),('matrixBlockTypes.48b85d0b-31ca-465f-b4a8-4323237cc894.fieldLayouts.5b22c491-2528-401b-b9f2-26b0876f8d72.tabs.0.elements.0.required','true'),('matrixBlockTypes.48b85d0b-31ca-465f-b4a8-4323237cc894.fieldLayouts.5b22c491-2528-401b-b9f2-26b0876f8d72.tabs.0.elements.0.tip','null'),('matrixBlockTypes.48b85d0b-31ca-465f-b4a8-4323237cc894.fieldLayouts.5b22c491-2528-401b-b9f2-26b0876f8d72.tabs.0.elements.0.type','\"craft\\\\fieldlayoutelements\\\\CustomField\"'),('matrixBlockTypes.48b85d0b-31ca-465f-b4a8-4323237cc894.fieldLayouts.5b22c491-2528-401b-b9f2-26b0876f8d72.tabs.0.elements.0.warning','null'),('matrixBlockTypes.48b85d0b-31ca-465f-b4a8-4323237cc894.fieldLayouts.5b22c491-2528-401b-b9f2-26b0876f8d72.tabs.0.elements.0.width','100'),('matrixBlockTypes.48b85d0b-31ca-465f-b4a8-4323237cc894.fieldLayouts.5b22c491-2528-401b-b9f2-26b0876f8d72.tabs.0.elements.1.fieldUid','\"ef79fad2-ae37-44a6-afb2-4109716c2a2c\"'),('matrixBlockTypes.48b85d0b-31ca-465f-b4a8-4323237cc894.fieldLayouts.5b22c491-2528-401b-b9f2-26b0876f8d72.tabs.0.elements.1.instructions','null'),('matrixBlockTypes.48b85d0b-31ca-465f-b4a8-4323237cc894.fieldLayouts.5b22c491-2528-401b-b9f2-26b0876f8d72.tabs.0.elements.1.label','null'),('matrixBlockTypes.48b85d0b-31ca-465f-b4a8-4323237cc894.fieldLayouts.5b22c491-2528-401b-b9f2-26b0876f8d72.tabs.0.elements.1.required','false'),('matrixBlockTypes.48b85d0b-31ca-465f-b4a8-4323237cc894.fieldLayouts.5b22c491-2528-401b-b9f2-26b0876f8d72.tabs.0.elements.1.tip','null'),('matrixBlockTypes.48b85d0b-31ca-465f-b4a8-4323237cc894.fieldLayouts.5b22c491-2528-401b-b9f2-26b0876f8d72.tabs.0.elements.1.type','\"craft\\\\fieldlayoutelements\\\\CustomField\"'),('matrixBlockTypes.48b85d0b-31ca-465f-b4a8-4323237cc894.fieldLayouts.5b22c491-2528-401b-b9f2-26b0876f8d72.tabs.0.elements.1.warning','null'),('matrixBlockTypes.48b85d0b-31ca-465f-b4a8-4323237cc894.fieldLayouts.5b22c491-2528-401b-b9f2-26b0876f8d72.tabs.0.elements.1.width','100'),('matrixBlockTypes.48b85d0b-31ca-465f-b4a8-4323237cc894.fieldLayouts.5b22c491-2528-401b-b9f2-26b0876f8d72.tabs.0.name','\"Content\"'),('matrixBlockTypes.48b85d0b-31ca-465f-b4a8-4323237cc894.fieldLayouts.5b22c491-2528-401b-b9f2-26b0876f8d72.tabs.0.sortOrder','1'),('matrixBlockTypes.48b85d0b-31ca-465f-b4a8-4323237cc894.fields.a09ae5e6-c3ec-464a-b352-36cc6dcc779f.columnSuffix','null'),('matrixBlockTypes.48b85d0b-31ca-465f-b4a8-4323237cc894.fields.a09ae5e6-c3ec-464a-b352-36cc6dcc779f.contentColumnType','\"string\"'),('matrixBlockTypes.48b85d0b-31ca-465f-b4a8-4323237cc894.fields.a09ae5e6-c3ec-464a-b352-36cc6dcc779f.fieldGroup','null'),('matrixBlockTypes.48b85d0b-31ca-465f-b4a8-4323237cc894.fields.a09ae5e6-c3ec-464a-b352-36cc6dcc779f.handle','\"images\"'),('matrixBlockTypes.48b85d0b-31ca-465f-b4a8-4323237cc894.fields.a09ae5e6-c3ec-464a-b352-36cc6dcc779f.instructions','\"\"'),('matrixBlockTypes.48b85d0b-31ca-465f-b4a8-4323237cc894.fields.a09ae5e6-c3ec-464a-b352-36cc6dcc779f.name','\"Images\"'),('matrixBlockTypes.48b85d0b-31ca-465f-b4a8-4323237cc894.fields.a09ae5e6-c3ec-464a-b352-36cc6dcc779f.searchable','false'),('matrixBlockTypes.48b85d0b-31ca-465f-b4a8-4323237cc894.fields.a09ae5e6-c3ec-464a-b352-36cc6dcc779f.settings.allowedKinds.0','\"image\"'),('matrixBlockTypes.48b85d0b-31ca-465f-b4a8-4323237cc894.fields.a09ae5e6-c3ec-464a-b352-36cc6dcc779f.settings.allowSelfRelations','false'),('matrixBlockTypes.48b85d0b-31ca-465f-b4a8-4323237cc894.fields.a09ae5e6-c3ec-464a-b352-36cc6dcc779f.settings.allowUploads','true'),('matrixBlockTypes.48b85d0b-31ca-465f-b4a8-4323237cc894.fields.a09ae5e6-c3ec-464a-b352-36cc6dcc779f.settings.defaultUploadLocationSource','\"volume:800c016b-2fa3-4b15-a888-4e0d4da70c32\"'),('matrixBlockTypes.48b85d0b-31ca-465f-b4a8-4323237cc894.fields.a09ae5e6-c3ec-464a-b352-36cc6dcc779f.settings.defaultUploadLocationSubpath','\"slideshow/{entry.title}/\"'),('matrixBlockTypes.48b85d0b-31ca-465f-b4a8-4323237cc894.fields.a09ae5e6-c3ec-464a-b352-36cc6dcc779f.settings.limit','\"\"'),('matrixBlockTypes.48b85d0b-31ca-465f-b4a8-4323237cc894.fields.a09ae5e6-c3ec-464a-b352-36cc6dcc779f.settings.localizeRelations','false'),('matrixBlockTypes.48b85d0b-31ca-465f-b4a8-4323237cc894.fields.a09ae5e6-c3ec-464a-b352-36cc6dcc779f.settings.previewMode','\"full\"'),('matrixBlockTypes.48b85d0b-31ca-465f-b4a8-4323237cc894.fields.a09ae5e6-c3ec-464a-b352-36cc6dcc779f.settings.restrictFiles','\"1\"'),('matrixBlockTypes.48b85d0b-31ca-465f-b4a8-4323237cc894.fields.a09ae5e6-c3ec-464a-b352-36cc6dcc779f.settings.selectionLabel','\"\"'),('matrixBlockTypes.48b85d0b-31ca-465f-b4a8-4323237cc894.fields.a09ae5e6-c3ec-464a-b352-36cc6dcc779f.settings.showSiteMenu','true'),('matrixBlockTypes.48b85d0b-31ca-465f-b4a8-4323237cc894.fields.a09ae5e6-c3ec-464a-b352-36cc6dcc779f.settings.showUnpermittedFiles','false'),('matrixBlockTypes.48b85d0b-31ca-465f-b4a8-4323237cc894.fields.a09ae5e6-c3ec-464a-b352-36cc6dcc779f.settings.showUnpermittedVolumes','false'),('matrixBlockTypes.48b85d0b-31ca-465f-b4a8-4323237cc894.fields.a09ae5e6-c3ec-464a-b352-36cc6dcc779f.settings.singleUploadLocationSource','\"volume:800c016b-2fa3-4b15-a888-4e0d4da70c32\"'),('matrixBlockTypes.48b85d0b-31ca-465f-b4a8-4323237cc894.fields.a09ae5e6-c3ec-464a-b352-36cc6dcc779f.settings.singleUploadLocationSubpath','\"blocks/slideshow/\"'),('matrixBlockTypes.48b85d0b-31ca-465f-b4a8-4323237cc894.fields.a09ae5e6-c3ec-464a-b352-36cc6dcc779f.settings.source','null'),('matrixBlockTypes.48b85d0b-31ca-465f-b4a8-4323237cc894.fields.a09ae5e6-c3ec-464a-b352-36cc6dcc779f.settings.sources.0','\"volume:800c016b-2fa3-4b15-a888-4e0d4da70c32\"'),('matrixBlockTypes.48b85d0b-31ca-465f-b4a8-4323237cc894.fields.a09ae5e6-c3ec-464a-b352-36cc6dcc779f.settings.targetSiteId','null'),('matrixBlockTypes.48b85d0b-31ca-465f-b4a8-4323237cc894.fields.a09ae5e6-c3ec-464a-b352-36cc6dcc779f.settings.useSingleFolder','true'),('matrixBlockTypes.48b85d0b-31ca-465f-b4a8-4323237cc894.fields.a09ae5e6-c3ec-464a-b352-36cc6dcc779f.settings.validateRelatedElements','false'),('matrixBlockTypes.48b85d0b-31ca-465f-b4a8-4323237cc894.fields.a09ae5e6-c3ec-464a-b352-36cc6dcc779f.settings.viewMode','\"list\"'),('matrixBlockTypes.48b85d0b-31ca-465f-b4a8-4323237cc894.fields.a09ae5e6-c3ec-464a-b352-36cc6dcc779f.translationKeyFormat','null'),('matrixBlockTypes.48b85d0b-31ca-465f-b4a8-4323237cc894.fields.a09ae5e6-c3ec-464a-b352-36cc6dcc779f.translationMethod','\"site\"'),('matrixBlockTypes.48b85d0b-31ca-465f-b4a8-4323237cc894.fields.a09ae5e6-c3ec-464a-b352-36cc6dcc779f.type','\"craft\\\\fields\\\\Assets\"'),('matrixBlockTypes.48b85d0b-31ca-465f-b4a8-4323237cc894.fields.ef79fad2-ae37-44a6-afb2-4109716c2a2c.columnSuffix','null'),('matrixBlockTypes.48b85d0b-31ca-465f-b4a8-4323237cc894.fields.ef79fad2-ae37-44a6-afb2-4109716c2a2c.contentColumnType','\"boolean\"'),('matrixBlockTypes.48b85d0b-31ca-465f-b4a8-4323237cc894.fields.ef79fad2-ae37-44a6-afb2-4109716c2a2c.fieldGroup','null'),('matrixBlockTypes.48b85d0b-31ca-465f-b4a8-4323237cc894.fields.ef79fad2-ae37-44a6-afb2-4109716c2a2c.handle','\"lightOrDarkControls\"'),('matrixBlockTypes.48b85d0b-31ca-465f-b4a8-4323237cc894.fields.ef79fad2-ae37-44a6-afb2-4109716c2a2c.instructions','\"\"'),('matrixBlockTypes.48b85d0b-31ca-465f-b4a8-4323237cc894.fields.ef79fad2-ae37-44a6-afb2-4109716c2a2c.name','\"Light or Dark Controls?\"'),('matrixBlockTypes.48b85d0b-31ca-465f-b4a8-4323237cc894.fields.ef79fad2-ae37-44a6-afb2-4109716c2a2c.searchable','false'),('matrixBlockTypes.48b85d0b-31ca-465f-b4a8-4323237cc894.fields.ef79fad2-ae37-44a6-afb2-4109716c2a2c.settings.default','false'),('matrixBlockTypes.48b85d0b-31ca-465f-b4a8-4323237cc894.fields.ef79fad2-ae37-44a6-afb2-4109716c2a2c.settings.offLabel','\"Light\"'),('matrixBlockTypes.48b85d0b-31ca-465f-b4a8-4323237cc894.fields.ef79fad2-ae37-44a6-afb2-4109716c2a2c.settings.onLabel','\"Dark\"'),('matrixBlockTypes.48b85d0b-31ca-465f-b4a8-4323237cc894.fields.ef79fad2-ae37-44a6-afb2-4109716c2a2c.translationKeyFormat','null'),('matrixBlockTypes.48b85d0b-31ca-465f-b4a8-4323237cc894.fields.ef79fad2-ae37-44a6-afb2-4109716c2a2c.translationMethod','\"none\"'),('matrixBlockTypes.48b85d0b-31ca-465f-b4a8-4323237cc894.fields.ef79fad2-ae37-44a6-afb2-4109716c2a2c.type','\"craft\\\\fields\\\\Lightswitch\"'),('matrixBlockTypes.48b85d0b-31ca-465f-b4a8-4323237cc894.handle','\"slideshow\"'),('matrixBlockTypes.48b85d0b-31ca-465f-b4a8-4323237cc894.name','\"Slideshow\"'),('matrixBlockTypes.48b85d0b-31ca-465f-b4a8-4323237cc894.sortOrder','1'),('matrixBlockTypes.5d853b89-8e8f-499d-9549-37c71e4b95a0.field','\"45510379-3fcf-4283-a246-9069f9bc58bb\"'),('matrixBlockTypes.5d853b89-8e8f-499d-9549-37c71e4b95a0.fieldLayouts.d92740d0-69b2-4cb4-b8f0-1da6784b3c9b.tabs.0.elements.0.fieldUid','\"9a471311-aafe-434a-a62d-23339bbb0583\"'),('matrixBlockTypes.5d853b89-8e8f-499d-9549-37c71e4b95a0.fieldLayouts.d92740d0-69b2-4cb4-b8f0-1da6784b3c9b.tabs.0.elements.0.instructions','null'),('matrixBlockTypes.5d853b89-8e8f-499d-9549-37c71e4b95a0.fieldLayouts.d92740d0-69b2-4cb4-b8f0-1da6784b3c9b.tabs.0.elements.0.label','null'),('matrixBlockTypes.5d853b89-8e8f-499d-9549-37c71e4b95a0.fieldLayouts.d92740d0-69b2-4cb4-b8f0-1da6784b3c9b.tabs.0.elements.0.required','true'),('matrixBlockTypes.5d853b89-8e8f-499d-9549-37c71e4b95a0.fieldLayouts.d92740d0-69b2-4cb4-b8f0-1da6784b3c9b.tabs.0.elements.0.tip','null'),('matrixBlockTypes.5d853b89-8e8f-499d-9549-37c71e4b95a0.fieldLayouts.d92740d0-69b2-4cb4-b8f0-1da6784b3c9b.tabs.0.elements.0.type','\"craft\\\\fieldlayoutelements\\\\CustomField\"'),('matrixBlockTypes.5d853b89-8e8f-499d-9549-37c71e4b95a0.fieldLayouts.d92740d0-69b2-4cb4-b8f0-1da6784b3c9b.tabs.0.elements.0.warning','null'),('matrixBlockTypes.5d853b89-8e8f-499d-9549-37c71e4b95a0.fieldLayouts.d92740d0-69b2-4cb4-b8f0-1da6784b3c9b.tabs.0.elements.0.width','100'),('matrixBlockTypes.5d853b89-8e8f-499d-9549-37c71e4b95a0.fieldLayouts.d92740d0-69b2-4cb4-b8f0-1da6784b3c9b.tabs.0.elements.1.fieldUid','\"6c3952b6-b5dd-43da-bfac-1526baeaa336\"'),('matrixBlockTypes.5d853b89-8e8f-499d-9549-37c71e4b95a0.fieldLayouts.d92740d0-69b2-4cb4-b8f0-1da6784b3c9b.tabs.0.elements.1.instructions','null'),('matrixBlockTypes.5d853b89-8e8f-499d-9549-37c71e4b95a0.fieldLayouts.d92740d0-69b2-4cb4-b8f0-1da6784b3c9b.tabs.0.elements.1.label','null'),('matrixBlockTypes.5d853b89-8e8f-499d-9549-37c71e4b95a0.fieldLayouts.d92740d0-69b2-4cb4-b8f0-1da6784b3c9b.tabs.0.elements.1.required','false'),('matrixBlockTypes.5d853b89-8e8f-499d-9549-37c71e4b95a0.fieldLayouts.d92740d0-69b2-4cb4-b8f0-1da6784b3c9b.tabs.0.elements.1.tip','null'),('matrixBlockTypes.5d853b89-8e8f-499d-9549-37c71e4b95a0.fieldLayouts.d92740d0-69b2-4cb4-b8f0-1da6784b3c9b.tabs.0.elements.1.type','\"craft\\\\fieldlayoutelements\\\\CustomField\"'),('matrixBlockTypes.5d853b89-8e8f-499d-9549-37c71e4b95a0.fieldLayouts.d92740d0-69b2-4cb4-b8f0-1da6784b3c9b.tabs.0.elements.1.warning','null'),('matrixBlockTypes.5d853b89-8e8f-499d-9549-37c71e4b95a0.fieldLayouts.d92740d0-69b2-4cb4-b8f0-1da6784b3c9b.tabs.0.elements.1.width','100'),('matrixBlockTypes.5d853b89-8e8f-499d-9549-37c71e4b95a0.fieldLayouts.d92740d0-69b2-4cb4-b8f0-1da6784b3c9b.tabs.0.elements.2.fieldUid','\"034eb49b-1dd5-4879-af24-2a377e193e6b\"'),('matrixBlockTypes.5d853b89-8e8f-499d-9549-37c71e4b95a0.fieldLayouts.d92740d0-69b2-4cb4-b8f0-1da6784b3c9b.tabs.0.elements.2.instructions','null'),('matrixBlockTypes.5d853b89-8e8f-499d-9549-37c71e4b95a0.fieldLayouts.d92740d0-69b2-4cb4-b8f0-1da6784b3c9b.tabs.0.elements.2.label','null'),('matrixBlockTypes.5d853b89-8e8f-499d-9549-37c71e4b95a0.fieldLayouts.d92740d0-69b2-4cb4-b8f0-1da6784b3c9b.tabs.0.elements.2.required','false'),('matrixBlockTypes.5d853b89-8e8f-499d-9549-37c71e4b95a0.fieldLayouts.d92740d0-69b2-4cb4-b8f0-1da6784b3c9b.tabs.0.elements.2.tip','null'),('matrixBlockTypes.5d853b89-8e8f-499d-9549-37c71e4b95a0.fieldLayouts.d92740d0-69b2-4cb4-b8f0-1da6784b3c9b.tabs.0.elements.2.type','\"craft\\\\fieldlayoutelements\\\\CustomField\"'),('matrixBlockTypes.5d853b89-8e8f-499d-9549-37c71e4b95a0.fieldLayouts.d92740d0-69b2-4cb4-b8f0-1da6784b3c9b.tabs.0.elements.2.warning','null'),('matrixBlockTypes.5d853b89-8e8f-499d-9549-37c71e4b95a0.fieldLayouts.d92740d0-69b2-4cb4-b8f0-1da6784b3c9b.tabs.0.elements.2.width','100'),('matrixBlockTypes.5d853b89-8e8f-499d-9549-37c71e4b95a0.fieldLayouts.d92740d0-69b2-4cb4-b8f0-1da6784b3c9b.tabs.0.elements.3.fieldUid','\"f348fbaa-f1f3-4bf1-b645-381ea9a03139\"'),('matrixBlockTypes.5d853b89-8e8f-499d-9549-37c71e4b95a0.fieldLayouts.d92740d0-69b2-4cb4-b8f0-1da6784b3c9b.tabs.0.elements.3.instructions','null'),('matrixBlockTypes.5d853b89-8e8f-499d-9549-37c71e4b95a0.fieldLayouts.d92740d0-69b2-4cb4-b8f0-1da6784b3c9b.tabs.0.elements.3.label','null'),('matrixBlockTypes.5d853b89-8e8f-499d-9549-37c71e4b95a0.fieldLayouts.d92740d0-69b2-4cb4-b8f0-1da6784b3c9b.tabs.0.elements.3.required','false'),('matrixBlockTypes.5d853b89-8e8f-499d-9549-37c71e4b95a0.fieldLayouts.d92740d0-69b2-4cb4-b8f0-1da6784b3c9b.tabs.0.elements.3.tip','null'),('matrixBlockTypes.5d853b89-8e8f-499d-9549-37c71e4b95a0.fieldLayouts.d92740d0-69b2-4cb4-b8f0-1da6784b3c9b.tabs.0.elements.3.type','\"craft\\\\fieldlayoutelements\\\\CustomField\"'),('matrixBlockTypes.5d853b89-8e8f-499d-9549-37c71e4b95a0.fieldLayouts.d92740d0-69b2-4cb4-b8f0-1da6784b3c9b.tabs.0.elements.3.warning','null'),('matrixBlockTypes.5d853b89-8e8f-499d-9549-37c71e4b95a0.fieldLayouts.d92740d0-69b2-4cb4-b8f0-1da6784b3c9b.tabs.0.elements.3.width','100'),('matrixBlockTypes.5d853b89-8e8f-499d-9549-37c71e4b95a0.fieldLayouts.d92740d0-69b2-4cb4-b8f0-1da6784b3c9b.tabs.0.name','\"Content\"'),('matrixBlockTypes.5d853b89-8e8f-499d-9549-37c71e4b95a0.fieldLayouts.d92740d0-69b2-4cb4-b8f0-1da6784b3c9b.tabs.0.sortOrder','1'),('matrixBlockTypes.5d853b89-8e8f-499d-9549-37c71e4b95a0.fields.034eb49b-1dd5-4879-af24-2a377e193e6b.columnSuffix','null'),('matrixBlockTypes.5d853b89-8e8f-499d-9549-37c71e4b95a0.fields.034eb49b-1dd5-4879-af24-2a377e193e6b.contentColumnType','\"text\"'),('matrixBlockTypes.5d853b89-8e8f-499d-9549-37c71e4b95a0.fields.034eb49b-1dd5-4879-af24-2a377e193e6b.fieldGroup','null'),('matrixBlockTypes.5d853b89-8e8f-499d-9549-37c71e4b95a0.fields.034eb49b-1dd5-4879-af24-2a377e193e6b.handle','\"blockTitle\"'),('matrixBlockTypes.5d853b89-8e8f-499d-9549-37c71e4b95a0.fields.034eb49b-1dd5-4879-af24-2a377e193e6b.instructions','\"\"'),('matrixBlockTypes.5d853b89-8e8f-499d-9549-37c71e4b95a0.fields.034eb49b-1dd5-4879-af24-2a377e193e6b.name','\"Block Title\"'),('matrixBlockTypes.5d853b89-8e8f-499d-9549-37c71e4b95a0.fields.034eb49b-1dd5-4879-af24-2a377e193e6b.searchable','false'),('matrixBlockTypes.5d853b89-8e8f-499d-9549-37c71e4b95a0.fields.034eb49b-1dd5-4879-af24-2a377e193e6b.settings.byteLimit','null'),('matrixBlockTypes.5d853b89-8e8f-499d-9549-37c71e4b95a0.fields.034eb49b-1dd5-4879-af24-2a377e193e6b.settings.charLimit','null'),('matrixBlockTypes.5d853b89-8e8f-499d-9549-37c71e4b95a0.fields.034eb49b-1dd5-4879-af24-2a377e193e6b.settings.code','\"\"'),('matrixBlockTypes.5d853b89-8e8f-499d-9549-37c71e4b95a0.fields.034eb49b-1dd5-4879-af24-2a377e193e6b.settings.columnType','null'),('matrixBlockTypes.5d853b89-8e8f-499d-9549-37c71e4b95a0.fields.034eb49b-1dd5-4879-af24-2a377e193e6b.settings.initialRows','\"4\"'),('matrixBlockTypes.5d853b89-8e8f-499d-9549-37c71e4b95a0.fields.034eb49b-1dd5-4879-af24-2a377e193e6b.settings.multiline','\"\"'),('matrixBlockTypes.5d853b89-8e8f-499d-9549-37c71e4b95a0.fields.034eb49b-1dd5-4879-af24-2a377e193e6b.settings.placeholder','null'),('matrixBlockTypes.5d853b89-8e8f-499d-9549-37c71e4b95a0.fields.034eb49b-1dd5-4879-af24-2a377e193e6b.settings.uiMode','\"normal\"'),('matrixBlockTypes.5d853b89-8e8f-499d-9549-37c71e4b95a0.fields.034eb49b-1dd5-4879-af24-2a377e193e6b.translationKeyFormat','null'),('matrixBlockTypes.5d853b89-8e8f-499d-9549-37c71e4b95a0.fields.034eb49b-1dd5-4879-af24-2a377e193e6b.translationMethod','\"none\"'),('matrixBlockTypes.5d853b89-8e8f-499d-9549-37c71e4b95a0.fields.034eb49b-1dd5-4879-af24-2a377e193e6b.type','\"craft\\\\fields\\\\PlainText\"'),('matrixBlockTypes.5d853b89-8e8f-499d-9549-37c71e4b95a0.fields.6c3952b6-b5dd-43da-bfac-1526baeaa336.columnSuffix','null'),('matrixBlockTypes.5d853b89-8e8f-499d-9549-37c71e4b95a0.fields.6c3952b6-b5dd-43da-bfac-1526baeaa336.contentColumnType','\"boolean\"'),('matrixBlockTypes.5d853b89-8e8f-499d-9549-37c71e4b95a0.fields.6c3952b6-b5dd-43da-bfac-1526baeaa336.fieldGroup','null'),('matrixBlockTypes.5d853b89-8e8f-499d-9549-37c71e4b95a0.fields.6c3952b6-b5dd-43da-bfac-1526baeaa336.handle','\"imagePosition\"'),('matrixBlockTypes.5d853b89-8e8f-499d-9549-37c71e4b95a0.fields.6c3952b6-b5dd-43da-bfac-1526baeaa336.instructions','\"\"'),('matrixBlockTypes.5d853b89-8e8f-499d-9549-37c71e4b95a0.fields.6c3952b6-b5dd-43da-bfac-1526baeaa336.name','\"Image Position\"'),('matrixBlockTypes.5d853b89-8e8f-499d-9549-37c71e4b95a0.fields.6c3952b6-b5dd-43da-bfac-1526baeaa336.searchable','false'),('matrixBlockTypes.5d853b89-8e8f-499d-9549-37c71e4b95a0.fields.6c3952b6-b5dd-43da-bfac-1526baeaa336.settings.default','true'),('matrixBlockTypes.5d853b89-8e8f-499d-9549-37c71e4b95a0.fields.6c3952b6-b5dd-43da-bfac-1526baeaa336.settings.offLabel','\"Left\"'),('matrixBlockTypes.5d853b89-8e8f-499d-9549-37c71e4b95a0.fields.6c3952b6-b5dd-43da-bfac-1526baeaa336.settings.onLabel','\"Right\"'),('matrixBlockTypes.5d853b89-8e8f-499d-9549-37c71e4b95a0.fields.6c3952b6-b5dd-43da-bfac-1526baeaa336.translationKeyFormat','null'),('matrixBlockTypes.5d853b89-8e8f-499d-9549-37c71e4b95a0.fields.6c3952b6-b5dd-43da-bfac-1526baeaa336.translationMethod','\"none\"'),('matrixBlockTypes.5d853b89-8e8f-499d-9549-37c71e4b95a0.fields.6c3952b6-b5dd-43da-bfac-1526baeaa336.type','\"craft\\\\fields\\\\Lightswitch\"'),('matrixBlockTypes.5d853b89-8e8f-499d-9549-37c71e4b95a0.fields.9a471311-aafe-434a-a62d-23339bbb0583.columnSuffix','null'),('matrixBlockTypes.5d853b89-8e8f-499d-9549-37c71e4b95a0.fields.9a471311-aafe-434a-a62d-23339bbb0583.contentColumnType','\"string\"'),('matrixBlockTypes.5d853b89-8e8f-499d-9549-37c71e4b95a0.fields.9a471311-aafe-434a-a62d-23339bbb0583.fieldGroup','null'),('matrixBlockTypes.5d853b89-8e8f-499d-9549-37c71e4b95a0.fields.9a471311-aafe-434a-a62d-23339bbb0583.handle','\"sideImage\"'),('matrixBlockTypes.5d853b89-8e8f-499d-9549-37c71e4b95a0.fields.9a471311-aafe-434a-a62d-23339bbb0583.instructions','\"\"'),('matrixBlockTypes.5d853b89-8e8f-499d-9549-37c71e4b95a0.fields.9a471311-aafe-434a-a62d-23339bbb0583.name','\"Side Image\"'),('matrixBlockTypes.5d853b89-8e8f-499d-9549-37c71e4b95a0.fields.9a471311-aafe-434a-a62d-23339bbb0583.searchable','false'),('matrixBlockTypes.5d853b89-8e8f-499d-9549-37c71e4b95a0.fields.9a471311-aafe-434a-a62d-23339bbb0583.settings.allowedKinds','null'),('matrixBlockTypes.5d853b89-8e8f-499d-9549-37c71e4b95a0.fields.9a471311-aafe-434a-a62d-23339bbb0583.settings.allowSelfRelations','false'),('matrixBlockTypes.5d853b89-8e8f-499d-9549-37c71e4b95a0.fields.9a471311-aafe-434a-a62d-23339bbb0583.settings.allowUploads','true'),('matrixBlockTypes.5d853b89-8e8f-499d-9549-37c71e4b95a0.fields.9a471311-aafe-434a-a62d-23339bbb0583.settings.defaultUploadLocationSource','\"volume:800c016b-2fa3-4b15-a888-4e0d4da70c32\"'),('matrixBlockTypes.5d853b89-8e8f-499d-9549-37c71e4b95a0.fields.9a471311-aafe-434a-a62d-23339bbb0583.settings.defaultUploadLocationSubpath','\"\"'),('matrixBlockTypes.5d853b89-8e8f-499d-9549-37c71e4b95a0.fields.9a471311-aafe-434a-a62d-23339bbb0583.settings.limit','\"1\"'),('matrixBlockTypes.5d853b89-8e8f-499d-9549-37c71e4b95a0.fields.9a471311-aafe-434a-a62d-23339bbb0583.settings.localizeRelations','false'),('matrixBlockTypes.5d853b89-8e8f-499d-9549-37c71e4b95a0.fields.9a471311-aafe-434a-a62d-23339bbb0583.settings.previewMode','\"full\"'),('matrixBlockTypes.5d853b89-8e8f-499d-9549-37c71e4b95a0.fields.9a471311-aafe-434a-a62d-23339bbb0583.settings.restrictFiles','\"\"'),('matrixBlockTypes.5d853b89-8e8f-499d-9549-37c71e4b95a0.fields.9a471311-aafe-434a-a62d-23339bbb0583.settings.selectionLabel','\"\"'),('matrixBlockTypes.5d853b89-8e8f-499d-9549-37c71e4b95a0.fields.9a471311-aafe-434a-a62d-23339bbb0583.settings.showSiteMenu','true'),('matrixBlockTypes.5d853b89-8e8f-499d-9549-37c71e4b95a0.fields.9a471311-aafe-434a-a62d-23339bbb0583.settings.showUnpermittedFiles','false'),('matrixBlockTypes.5d853b89-8e8f-499d-9549-37c71e4b95a0.fields.9a471311-aafe-434a-a62d-23339bbb0583.settings.showUnpermittedVolumes','false'),('matrixBlockTypes.5d853b89-8e8f-499d-9549-37c71e4b95a0.fields.9a471311-aafe-434a-a62d-23339bbb0583.settings.singleUploadLocationSource','\"volume:800c016b-2fa3-4b15-a888-4e0d4da70c32\"'),('matrixBlockTypes.5d853b89-8e8f-499d-9549-37c71e4b95a0.fields.9a471311-aafe-434a-a62d-23339bbb0583.settings.singleUploadLocationSubpath','\"blocks/imageText/\"'),('matrixBlockTypes.5d853b89-8e8f-499d-9549-37c71e4b95a0.fields.9a471311-aafe-434a-a62d-23339bbb0583.settings.source','null'),('matrixBlockTypes.5d853b89-8e8f-499d-9549-37c71e4b95a0.fields.9a471311-aafe-434a-a62d-23339bbb0583.settings.sources','\"*\"'),('matrixBlockTypes.5d853b89-8e8f-499d-9549-37c71e4b95a0.fields.9a471311-aafe-434a-a62d-23339bbb0583.settings.targetSiteId','null'),('matrixBlockTypes.5d853b89-8e8f-499d-9549-37c71e4b95a0.fields.9a471311-aafe-434a-a62d-23339bbb0583.settings.useSingleFolder','true'),('matrixBlockTypes.5d853b89-8e8f-499d-9549-37c71e4b95a0.fields.9a471311-aafe-434a-a62d-23339bbb0583.settings.validateRelatedElements','false'),('matrixBlockTypes.5d853b89-8e8f-499d-9549-37c71e4b95a0.fields.9a471311-aafe-434a-a62d-23339bbb0583.settings.viewMode','\"list\"'),('matrixBlockTypes.5d853b89-8e8f-499d-9549-37c71e4b95a0.fields.9a471311-aafe-434a-a62d-23339bbb0583.translationKeyFormat','null'),('matrixBlockTypes.5d853b89-8e8f-499d-9549-37c71e4b95a0.fields.9a471311-aafe-434a-a62d-23339bbb0583.translationMethod','\"site\"'),('matrixBlockTypes.5d853b89-8e8f-499d-9549-37c71e4b95a0.fields.9a471311-aafe-434a-a62d-23339bbb0583.type','\"craft\\\\fields\\\\Assets\"'),('matrixBlockTypes.5d853b89-8e8f-499d-9549-37c71e4b95a0.fields.f348fbaa-f1f3-4bf1-b645-381ea9a03139.columnSuffix','null'),('matrixBlockTypes.5d853b89-8e8f-499d-9549-37c71e4b95a0.fields.f348fbaa-f1f3-4bf1-b645-381ea9a03139.contentColumnType','\"text\"'),('matrixBlockTypes.5d853b89-8e8f-499d-9549-37c71e4b95a0.fields.f348fbaa-f1f3-4bf1-b645-381ea9a03139.fieldGroup','null'),('matrixBlockTypes.5d853b89-8e8f-499d-9549-37c71e4b95a0.fields.f348fbaa-f1f3-4bf1-b645-381ea9a03139.handle','\"blockBody\"'),('matrixBlockTypes.5d853b89-8e8f-499d-9549-37c71e4b95a0.fields.f348fbaa-f1f3-4bf1-b645-381ea9a03139.instructions','\"\"'),('matrixBlockTypes.5d853b89-8e8f-499d-9549-37c71e4b95a0.fields.f348fbaa-f1f3-4bf1-b645-381ea9a03139.name','\"Block Body\"'),('matrixBlockTypes.5d853b89-8e8f-499d-9549-37c71e4b95a0.fields.f348fbaa-f1f3-4bf1-b645-381ea9a03139.searchable','false'),('matrixBlockTypes.5d853b89-8e8f-499d-9549-37c71e4b95a0.fields.f348fbaa-f1f3-4bf1-b645-381ea9a03139.settings.availableTransforms','\"*\"'),('matrixBlockTypes.5d853b89-8e8f-499d-9549-37c71e4b95a0.fields.f348fbaa-f1f3-4bf1-b645-381ea9a03139.settings.availableVolumes','\"\"'),('matrixBlockTypes.5d853b89-8e8f-499d-9549-37c71e4b95a0.fields.f348fbaa-f1f3-4bf1-b645-381ea9a03139.settings.columnType','\"text\"'),('matrixBlockTypes.5d853b89-8e8f-499d-9549-37c71e4b95a0.fields.f348fbaa-f1f3-4bf1-b645-381ea9a03139.settings.configSelectionMode','\"choose\"'),('matrixBlockTypes.5d853b89-8e8f-499d-9549-37c71e4b95a0.fields.f348fbaa-f1f3-4bf1-b645-381ea9a03139.settings.defaultTransform','\"\"'),('matrixBlockTypes.5d853b89-8e8f-499d-9549-37c71e4b95a0.fields.f348fbaa-f1f3-4bf1-b645-381ea9a03139.settings.manualConfig','\"\"'),('matrixBlockTypes.5d853b89-8e8f-499d-9549-37c71e4b95a0.fields.f348fbaa-f1f3-4bf1-b645-381ea9a03139.settings.purifierConfig','\"\"'),('matrixBlockTypes.5d853b89-8e8f-499d-9549-37c71e4b95a0.fields.f348fbaa-f1f3-4bf1-b645-381ea9a03139.settings.purifyHtml','\"1\"'),('matrixBlockTypes.5d853b89-8e8f-499d-9549-37c71e4b95a0.fields.f348fbaa-f1f3-4bf1-b645-381ea9a03139.settings.redactorConfig','\"\"'),('matrixBlockTypes.5d853b89-8e8f-499d-9549-37c71e4b95a0.fields.f348fbaa-f1f3-4bf1-b645-381ea9a03139.settings.removeEmptyTags','\"1\"'),('matrixBlockTypes.5d853b89-8e8f-499d-9549-37c71e4b95a0.fields.f348fbaa-f1f3-4bf1-b645-381ea9a03139.settings.removeInlineStyles','\"1\"'),('matrixBlockTypes.5d853b89-8e8f-499d-9549-37c71e4b95a0.fields.f348fbaa-f1f3-4bf1-b645-381ea9a03139.settings.removeNbsp','\"1\"'),('matrixBlockTypes.5d853b89-8e8f-499d-9549-37c71e4b95a0.fields.f348fbaa-f1f3-4bf1-b645-381ea9a03139.settings.showHtmlButtonForNonAdmins','\"\"'),('matrixBlockTypes.5d853b89-8e8f-499d-9549-37c71e4b95a0.fields.f348fbaa-f1f3-4bf1-b645-381ea9a03139.settings.showUnpermittedFiles','false'),('matrixBlockTypes.5d853b89-8e8f-499d-9549-37c71e4b95a0.fields.f348fbaa-f1f3-4bf1-b645-381ea9a03139.settings.showUnpermittedVolumes','false'),('matrixBlockTypes.5d853b89-8e8f-499d-9549-37c71e4b95a0.fields.f348fbaa-f1f3-4bf1-b645-381ea9a03139.settings.uiMode','\"enlarged\"'),('matrixBlockTypes.5d853b89-8e8f-499d-9549-37c71e4b95a0.fields.f348fbaa-f1f3-4bf1-b645-381ea9a03139.translationKeyFormat','null'),('matrixBlockTypes.5d853b89-8e8f-499d-9549-37c71e4b95a0.fields.f348fbaa-f1f3-4bf1-b645-381ea9a03139.translationMethod','\"none\"'),('matrixBlockTypes.5d853b89-8e8f-499d-9549-37c71e4b95a0.fields.f348fbaa-f1f3-4bf1-b645-381ea9a03139.type','\"craft\\\\redactor\\\\Field\"'),('matrixBlockTypes.5d853b89-8e8f-499d-9549-37c71e4b95a0.handle','\"imageTextBlock\"'),('matrixBlockTypes.5d853b89-8e8f-499d-9549-37c71e4b95a0.name','\"Image Text Block\"'),('matrixBlockTypes.5d853b89-8e8f-499d-9549-37c71e4b95a0.sortOrder','3'),('matrixBlockTypes.709836f9-0e5e-40bc-97e6-08a369f3f3e8.field','\"45510379-3fcf-4283-a246-9069f9bc58bb\"'),('matrixBlockTypes.709836f9-0e5e-40bc-97e6-08a369f3f3e8.fieldLayouts.ad9eb060-7513-4a77-9d90-5eb73f0cd368.tabs.0.elements.0.fieldUid','\"815b36c0-971d-4ffc-80ec-b5bbae1a6cef\"'),('matrixBlockTypes.709836f9-0e5e-40bc-97e6-08a369f3f3e8.fieldLayouts.ad9eb060-7513-4a77-9d90-5eb73f0cd368.tabs.0.elements.0.instructions','null'),('matrixBlockTypes.709836f9-0e5e-40bc-97e6-08a369f3f3e8.fieldLayouts.ad9eb060-7513-4a77-9d90-5eb73f0cd368.tabs.0.elements.0.label','null'),('matrixBlockTypes.709836f9-0e5e-40bc-97e6-08a369f3f3e8.fieldLayouts.ad9eb060-7513-4a77-9d90-5eb73f0cd368.tabs.0.elements.0.required','true'),('matrixBlockTypes.709836f9-0e5e-40bc-97e6-08a369f3f3e8.fieldLayouts.ad9eb060-7513-4a77-9d90-5eb73f0cd368.tabs.0.elements.0.tip','null'),('matrixBlockTypes.709836f9-0e5e-40bc-97e6-08a369f3f3e8.fieldLayouts.ad9eb060-7513-4a77-9d90-5eb73f0cd368.tabs.0.elements.0.type','\"craft\\\\fieldlayoutelements\\\\CustomField\"'),('matrixBlockTypes.709836f9-0e5e-40bc-97e6-08a369f3f3e8.fieldLayouts.ad9eb060-7513-4a77-9d90-5eb73f0cd368.tabs.0.elements.0.warning','null'),('matrixBlockTypes.709836f9-0e5e-40bc-97e6-08a369f3f3e8.fieldLayouts.ad9eb060-7513-4a77-9d90-5eb73f0cd368.tabs.0.elements.0.width','100'),('matrixBlockTypes.709836f9-0e5e-40bc-97e6-08a369f3f3e8.fieldLayouts.ad9eb060-7513-4a77-9d90-5eb73f0cd368.tabs.0.name','\"Content\"'),('matrixBlockTypes.709836f9-0e5e-40bc-97e6-08a369f3f3e8.fieldLayouts.ad9eb060-7513-4a77-9d90-5eb73f0cd368.tabs.0.sortOrder','1'),('matrixBlockTypes.709836f9-0e5e-40bc-97e6-08a369f3f3e8.fields.815b36c0-971d-4ffc-80ec-b5bbae1a6cef.columnSuffix','null'),('matrixBlockTypes.709836f9-0e5e-40bc-97e6-08a369f3f3e8.fields.815b36c0-971d-4ffc-80ec-b5bbae1a6cef.contentColumnType','\"string\"'),('matrixBlockTypes.709836f9-0e5e-40bc-97e6-08a369f3f3e8.fields.815b36c0-971d-4ffc-80ec-b5bbae1a6cef.fieldGroup','null'),('matrixBlockTypes.709836f9-0e5e-40bc-97e6-08a369f3f3e8.fields.815b36c0-971d-4ffc-80ec-b5bbae1a6cef.handle','\"sections\"'),('matrixBlockTypes.709836f9-0e5e-40bc-97e6-08a369f3f3e8.fields.815b36c0-971d-4ffc-80ec-b5bbae1a6cef.instructions','\"\"'),('matrixBlockTypes.709836f9-0e5e-40bc-97e6-08a369f3f3e8.fields.815b36c0-971d-4ffc-80ec-b5bbae1a6cef.name','\"Sections\"'),('matrixBlockTypes.709836f9-0e5e-40bc-97e6-08a369f3f3e8.fields.815b36c0-971d-4ffc-80ec-b5bbae1a6cef.searchable','false'),('matrixBlockTypes.709836f9-0e5e-40bc-97e6-08a369f3f3e8.fields.815b36c0-971d-4ffc-80ec-b5bbae1a6cef.settings.allowSelfRelations','false'),('matrixBlockTypes.709836f9-0e5e-40bc-97e6-08a369f3f3e8.fields.815b36c0-971d-4ffc-80ec-b5bbae1a6cef.settings.limit','\"\"'),('matrixBlockTypes.709836f9-0e5e-40bc-97e6-08a369f3f3e8.fields.815b36c0-971d-4ffc-80ec-b5bbae1a6cef.settings.localizeRelations','false'),('matrixBlockTypes.709836f9-0e5e-40bc-97e6-08a369f3f3e8.fields.815b36c0-971d-4ffc-80ec-b5bbae1a6cef.settings.selectionLabel','\"\"'),('matrixBlockTypes.709836f9-0e5e-40bc-97e6-08a369f3f3e8.fields.815b36c0-971d-4ffc-80ec-b5bbae1a6cef.settings.showSiteMenu','true'),('matrixBlockTypes.709836f9-0e5e-40bc-97e6-08a369f3f3e8.fields.815b36c0-971d-4ffc-80ec-b5bbae1a6cef.settings.source','null'),('matrixBlockTypes.709836f9-0e5e-40bc-97e6-08a369f3f3e8.fields.815b36c0-971d-4ffc-80ec-b5bbae1a6cef.settings.sources.0','\"section:0bff018e-5871-462b-a2d0-404b19107f70\"'),('matrixBlockTypes.709836f9-0e5e-40bc-97e6-08a369f3f3e8.fields.815b36c0-971d-4ffc-80ec-b5bbae1a6cef.settings.targetSiteId','null'),('matrixBlockTypes.709836f9-0e5e-40bc-97e6-08a369f3f3e8.fields.815b36c0-971d-4ffc-80ec-b5bbae1a6cef.settings.validateRelatedElements','false'),('matrixBlockTypes.709836f9-0e5e-40bc-97e6-08a369f3f3e8.fields.815b36c0-971d-4ffc-80ec-b5bbae1a6cef.settings.viewMode','null'),('matrixBlockTypes.709836f9-0e5e-40bc-97e6-08a369f3f3e8.fields.815b36c0-971d-4ffc-80ec-b5bbae1a6cef.translationKeyFormat','null'),('matrixBlockTypes.709836f9-0e5e-40bc-97e6-08a369f3f3e8.fields.815b36c0-971d-4ffc-80ec-b5bbae1a6cef.translationMethod','\"site\"'),('matrixBlockTypes.709836f9-0e5e-40bc-97e6-08a369f3f3e8.fields.815b36c0-971d-4ffc-80ec-b5bbae1a6cef.type','\"craft\\\\fields\\\\Entries\"'),('matrixBlockTypes.709836f9-0e5e-40bc-97e6-08a369f3f3e8.handle','\"sectionGrid\"'),('matrixBlockTypes.709836f9-0e5e-40bc-97e6-08a369f3f3e8.name','\"Section Grid\"'),('matrixBlockTypes.709836f9-0e5e-40bc-97e6-08a369f3f3e8.sortOrder','5'),('matrixBlockTypes.8feb6fc3-d245-4a8d-bb00-ec9e1d05c12a.field','\"45510379-3fcf-4283-a246-9069f9bc58bb\"'),('matrixBlockTypes.8feb6fc3-d245-4a8d-bb00-ec9e1d05c12a.fieldLayouts.11577787-553b-4924-a8fd-34b982af8717.tabs.0.elements.0.fieldUid','\"c9d3718a-3e2d-4287-bc14-1f08fb337928\"'),('matrixBlockTypes.8feb6fc3-d245-4a8d-bb00-ec9e1d05c12a.fieldLayouts.11577787-553b-4924-a8fd-34b982af8717.tabs.0.elements.0.instructions','null'),('matrixBlockTypes.8feb6fc3-d245-4a8d-bb00-ec9e1d05c12a.fieldLayouts.11577787-553b-4924-a8fd-34b982af8717.tabs.0.elements.0.label','null'),('matrixBlockTypes.8feb6fc3-d245-4a8d-bb00-ec9e1d05c12a.fieldLayouts.11577787-553b-4924-a8fd-34b982af8717.tabs.0.elements.0.required','false'),('matrixBlockTypes.8feb6fc3-d245-4a8d-bb00-ec9e1d05c12a.fieldLayouts.11577787-553b-4924-a8fd-34b982af8717.tabs.0.elements.0.tip','null'),('matrixBlockTypes.8feb6fc3-d245-4a8d-bb00-ec9e1d05c12a.fieldLayouts.11577787-553b-4924-a8fd-34b982af8717.tabs.0.elements.0.type','\"craft\\\\fieldlayoutelements\\\\CustomField\"'),('matrixBlockTypes.8feb6fc3-d245-4a8d-bb00-ec9e1d05c12a.fieldLayouts.11577787-553b-4924-a8fd-34b982af8717.tabs.0.elements.0.warning','null'),('matrixBlockTypes.8feb6fc3-d245-4a8d-bb00-ec9e1d05c12a.fieldLayouts.11577787-553b-4924-a8fd-34b982af8717.tabs.0.elements.0.width','100'),('matrixBlockTypes.8feb6fc3-d245-4a8d-bb00-ec9e1d05c12a.fieldLayouts.11577787-553b-4924-a8fd-34b982af8717.tabs.0.elements.1.fieldUid','\"6a7fb1e8-d9c7-412d-8ba7-b009a34bf534\"'),('matrixBlockTypes.8feb6fc3-d245-4a8d-bb00-ec9e1d05c12a.fieldLayouts.11577787-553b-4924-a8fd-34b982af8717.tabs.0.elements.1.instructions','null'),('matrixBlockTypes.8feb6fc3-d245-4a8d-bb00-ec9e1d05c12a.fieldLayouts.11577787-553b-4924-a8fd-34b982af8717.tabs.0.elements.1.label','null'),('matrixBlockTypes.8feb6fc3-d245-4a8d-bb00-ec9e1d05c12a.fieldLayouts.11577787-553b-4924-a8fd-34b982af8717.tabs.0.elements.1.required','false'),('matrixBlockTypes.8feb6fc3-d245-4a8d-bb00-ec9e1d05c12a.fieldLayouts.11577787-553b-4924-a8fd-34b982af8717.tabs.0.elements.1.tip','null'),('matrixBlockTypes.8feb6fc3-d245-4a8d-bb00-ec9e1d05c12a.fieldLayouts.11577787-553b-4924-a8fd-34b982af8717.tabs.0.elements.1.type','\"craft\\\\fieldlayoutelements\\\\CustomField\"'),('matrixBlockTypes.8feb6fc3-d245-4a8d-bb00-ec9e1d05c12a.fieldLayouts.11577787-553b-4924-a8fd-34b982af8717.tabs.0.elements.1.warning','null'),('matrixBlockTypes.8feb6fc3-d245-4a8d-bb00-ec9e1d05c12a.fieldLayouts.11577787-553b-4924-a8fd-34b982af8717.tabs.0.elements.1.width','100'),('matrixBlockTypes.8feb6fc3-d245-4a8d-bb00-ec9e1d05c12a.fieldLayouts.11577787-553b-4924-a8fd-34b982af8717.tabs.0.name','\"Content\"'),('matrixBlockTypes.8feb6fc3-d245-4a8d-bb00-ec9e1d05c12a.fieldLayouts.11577787-553b-4924-a8fd-34b982af8717.tabs.0.sortOrder','1'),('matrixBlockTypes.8feb6fc3-d245-4a8d-bb00-ec9e1d05c12a.fields.6a7fb1e8-d9c7-412d-8ba7-b009a34bf534.columnSuffix','null'),('matrixBlockTypes.8feb6fc3-d245-4a8d-bb00-ec9e1d05c12a.fields.6a7fb1e8-d9c7-412d-8ba7-b009a34bf534.contentColumnType','\"text\"'),('matrixBlockTypes.8feb6fc3-d245-4a8d-bb00-ec9e1d05c12a.fields.6a7fb1e8-d9c7-412d-8ba7-b009a34bf534.fieldGroup','null'),('matrixBlockTypes.8feb6fc3-d245-4a8d-bb00-ec9e1d05c12a.fields.6a7fb1e8-d9c7-412d-8ba7-b009a34bf534.handle','\"instagramUsername\"'),('matrixBlockTypes.8feb6fc3-d245-4a8d-bb00-ec9e1d05c12a.fields.6a7fb1e8-d9c7-412d-8ba7-b009a34bf534.instructions','\"If you want to over-ride the default with a particular hashtag or account enter the username or hashtag\"'),('matrixBlockTypes.8feb6fc3-d245-4a8d-bb00-ec9e1d05c12a.fields.6a7fb1e8-d9c7-412d-8ba7-b009a34bf534.name','\"Instagram Username\"'),('matrixBlockTypes.8feb6fc3-d245-4a8d-bb00-ec9e1d05c12a.fields.6a7fb1e8-d9c7-412d-8ba7-b009a34bf534.searchable','false'),('matrixBlockTypes.8feb6fc3-d245-4a8d-bb00-ec9e1d05c12a.fields.6a7fb1e8-d9c7-412d-8ba7-b009a34bf534.settings.byteLimit','null'),('matrixBlockTypes.8feb6fc3-d245-4a8d-bb00-ec9e1d05c12a.fields.6a7fb1e8-d9c7-412d-8ba7-b009a34bf534.settings.charLimit','null'),('matrixBlockTypes.8feb6fc3-d245-4a8d-bb00-ec9e1d05c12a.fields.6a7fb1e8-d9c7-412d-8ba7-b009a34bf534.settings.code','\"\"'),('matrixBlockTypes.8feb6fc3-d245-4a8d-bb00-ec9e1d05c12a.fields.6a7fb1e8-d9c7-412d-8ba7-b009a34bf534.settings.columnType','null'),('matrixBlockTypes.8feb6fc3-d245-4a8d-bb00-ec9e1d05c12a.fields.6a7fb1e8-d9c7-412d-8ba7-b009a34bf534.settings.initialRows','\"4\"'),('matrixBlockTypes.8feb6fc3-d245-4a8d-bb00-ec9e1d05c12a.fields.6a7fb1e8-d9c7-412d-8ba7-b009a34bf534.settings.multiline','\"\"'),('matrixBlockTypes.8feb6fc3-d245-4a8d-bb00-ec9e1d05c12a.fields.6a7fb1e8-d9c7-412d-8ba7-b009a34bf534.settings.placeholder','null'),('matrixBlockTypes.8feb6fc3-d245-4a8d-bb00-ec9e1d05c12a.fields.6a7fb1e8-d9c7-412d-8ba7-b009a34bf534.settings.uiMode','\"normal\"'),('matrixBlockTypes.8feb6fc3-d245-4a8d-bb00-ec9e1d05c12a.fields.6a7fb1e8-d9c7-412d-8ba7-b009a34bf534.translationKeyFormat','null'),('matrixBlockTypes.8feb6fc3-d245-4a8d-bb00-ec9e1d05c12a.fields.6a7fb1e8-d9c7-412d-8ba7-b009a34bf534.translationMethod','\"none\"'),('matrixBlockTypes.8feb6fc3-d245-4a8d-bb00-ec9e1d05c12a.fields.6a7fb1e8-d9c7-412d-8ba7-b009a34bf534.type','\"craft\\\\fields\\\\PlainText\"'),('matrixBlockTypes.8feb6fc3-d245-4a8d-bb00-ec9e1d05c12a.fields.c9d3718a-3e2d-4287-bc14-1f08fb337928.columnSuffix','null'),('matrixBlockTypes.8feb6fc3-d245-4a8d-bb00-ec9e1d05c12a.fields.c9d3718a-3e2d-4287-bc14-1f08fb337928.contentColumnType','\"boolean\"'),('matrixBlockTypes.8feb6fc3-d245-4a8d-bb00-ec9e1d05c12a.fields.c9d3718a-3e2d-4287-bc14-1f08fb337928.fieldGroup','null'),('matrixBlockTypes.8feb6fc3-d245-4a8d-bb00-ec9e1d05c12a.fields.c9d3718a-3e2d-4287-bc14-1f08fb337928.handle','\"theme\"'),('matrixBlockTypes.8feb6fc3-d245-4a8d-bb00-ec9e1d05c12a.fields.c9d3718a-3e2d-4287-bc14-1f08fb337928.instructions','\"\"'),('matrixBlockTypes.8feb6fc3-d245-4a8d-bb00-ec9e1d05c12a.fields.c9d3718a-3e2d-4287-bc14-1f08fb337928.name','\"Theme\"'),('matrixBlockTypes.8feb6fc3-d245-4a8d-bb00-ec9e1d05c12a.fields.c9d3718a-3e2d-4287-bc14-1f08fb337928.searchable','false'),('matrixBlockTypes.8feb6fc3-d245-4a8d-bb00-ec9e1d05c12a.fields.c9d3718a-3e2d-4287-bc14-1f08fb337928.settings.default','false'),('matrixBlockTypes.8feb6fc3-d245-4a8d-bb00-ec9e1d05c12a.fields.c9d3718a-3e2d-4287-bc14-1f08fb337928.settings.offLabel','\"Light\"'),('matrixBlockTypes.8feb6fc3-d245-4a8d-bb00-ec9e1d05c12a.fields.c9d3718a-3e2d-4287-bc14-1f08fb337928.settings.onLabel','\"Dark\"'),('matrixBlockTypes.8feb6fc3-d245-4a8d-bb00-ec9e1d05c12a.fields.c9d3718a-3e2d-4287-bc14-1f08fb337928.translationKeyFormat','null'),('matrixBlockTypes.8feb6fc3-d245-4a8d-bb00-ec9e1d05c12a.fields.c9d3718a-3e2d-4287-bc14-1f08fb337928.translationMethod','\"none\"'),('matrixBlockTypes.8feb6fc3-d245-4a8d-bb00-ec9e1d05c12a.fields.c9d3718a-3e2d-4287-bc14-1f08fb337928.type','\"craft\\\\fields\\\\Lightswitch\"'),('matrixBlockTypes.8feb6fc3-d245-4a8d-bb00-ec9e1d05c12a.handle','\"instagramGrid\"'),('matrixBlockTypes.8feb6fc3-d245-4a8d-bb00-ec9e1d05c12a.name','\"Instagram Grid\"'),('matrixBlockTypes.8feb6fc3-d245-4a8d-bb00-ec9e1d05c12a.sortOrder','6'),('matrixBlockTypes.abc15f34-2022-44f5-9b78-e043131f7a0e.field','\"45510379-3fcf-4283-a246-9069f9bc58bb\"'),('matrixBlockTypes.abc15f34-2022-44f5-9b78-e043131f7a0e.fieldLayouts.3b8512c8-ce00-4cab-877b-43c391842d6c.tabs.0.elements.0.fieldUid','\"fd067bbd-c8de-4a78-9c25-edf59625daf9\"'),('matrixBlockTypes.abc15f34-2022-44f5-9b78-e043131f7a0e.fieldLayouts.3b8512c8-ce00-4cab-877b-43c391842d6c.tabs.0.elements.0.instructions','null'),('matrixBlockTypes.abc15f34-2022-44f5-9b78-e043131f7a0e.fieldLayouts.3b8512c8-ce00-4cab-877b-43c391842d6c.tabs.0.elements.0.label','null'),('matrixBlockTypes.abc15f34-2022-44f5-9b78-e043131f7a0e.fieldLayouts.3b8512c8-ce00-4cab-877b-43c391842d6c.tabs.0.elements.0.required','true'),('matrixBlockTypes.abc15f34-2022-44f5-9b78-e043131f7a0e.fieldLayouts.3b8512c8-ce00-4cab-877b-43c391842d6c.tabs.0.elements.0.tip','null'),('matrixBlockTypes.abc15f34-2022-44f5-9b78-e043131f7a0e.fieldLayouts.3b8512c8-ce00-4cab-877b-43c391842d6c.tabs.0.elements.0.type','\"craft\\\\fieldlayoutelements\\\\CustomField\"'),('matrixBlockTypes.abc15f34-2022-44f5-9b78-e043131f7a0e.fieldLayouts.3b8512c8-ce00-4cab-877b-43c391842d6c.tabs.0.elements.0.warning','null'),('matrixBlockTypes.abc15f34-2022-44f5-9b78-e043131f7a0e.fieldLayouts.3b8512c8-ce00-4cab-877b-43c391842d6c.tabs.0.elements.0.width','100'),('matrixBlockTypes.abc15f34-2022-44f5-9b78-e043131f7a0e.fieldLayouts.3b8512c8-ce00-4cab-877b-43c391842d6c.tabs.0.elements.1.fieldUid','\"9bf2d9e5-1946-495a-ae14-b08f357a07ec\"'),('matrixBlockTypes.abc15f34-2022-44f5-9b78-e043131f7a0e.fieldLayouts.3b8512c8-ce00-4cab-877b-43c391842d6c.tabs.0.elements.1.instructions','null'),('matrixBlockTypes.abc15f34-2022-44f5-9b78-e043131f7a0e.fieldLayouts.3b8512c8-ce00-4cab-877b-43c391842d6c.tabs.0.elements.1.label','null'),('matrixBlockTypes.abc15f34-2022-44f5-9b78-e043131f7a0e.fieldLayouts.3b8512c8-ce00-4cab-877b-43c391842d6c.tabs.0.elements.1.required','false'),('matrixBlockTypes.abc15f34-2022-44f5-9b78-e043131f7a0e.fieldLayouts.3b8512c8-ce00-4cab-877b-43c391842d6c.tabs.0.elements.1.tip','null'),('matrixBlockTypes.abc15f34-2022-44f5-9b78-e043131f7a0e.fieldLayouts.3b8512c8-ce00-4cab-877b-43c391842d6c.tabs.0.elements.1.type','\"craft\\\\fieldlayoutelements\\\\CustomField\"'),('matrixBlockTypes.abc15f34-2022-44f5-9b78-e043131f7a0e.fieldLayouts.3b8512c8-ce00-4cab-877b-43c391842d6c.tabs.0.elements.1.warning','null'),('matrixBlockTypes.abc15f34-2022-44f5-9b78-e043131f7a0e.fieldLayouts.3b8512c8-ce00-4cab-877b-43c391842d6c.tabs.0.elements.1.width','100'),('matrixBlockTypes.abc15f34-2022-44f5-9b78-e043131f7a0e.fieldLayouts.3b8512c8-ce00-4cab-877b-43c391842d6c.tabs.0.name','\"Content\"'),('matrixBlockTypes.abc15f34-2022-44f5-9b78-e043131f7a0e.fieldLayouts.3b8512c8-ce00-4cab-877b-43c391842d6c.tabs.0.sortOrder','1'),('matrixBlockTypes.abc15f34-2022-44f5-9b78-e043131f7a0e.fields.9bf2d9e5-1946-495a-ae14-b08f357a07ec.columnSuffix','null'),('matrixBlockTypes.abc15f34-2022-44f5-9b78-e043131f7a0e.fields.9bf2d9e5-1946-495a-ae14-b08f357a07ec.contentColumnType','\"string(7)\"'),('matrixBlockTypes.abc15f34-2022-44f5-9b78-e043131f7a0e.fields.9bf2d9e5-1946-495a-ae14-b08f357a07ec.fieldGroup','null'),('matrixBlockTypes.abc15f34-2022-44f5-9b78-e043131f7a0e.fields.9bf2d9e5-1946-495a-ae14-b08f357a07ec.handle','\"colour\"'),('matrixBlockTypes.abc15f34-2022-44f5-9b78-e043131f7a0e.fields.9bf2d9e5-1946-495a-ae14-b08f357a07ec.instructions','\"\"'),('matrixBlockTypes.abc15f34-2022-44f5-9b78-e043131f7a0e.fields.9bf2d9e5-1946-495a-ae14-b08f357a07ec.name','\"Colour\"'),('matrixBlockTypes.abc15f34-2022-44f5-9b78-e043131f7a0e.fields.9bf2d9e5-1946-495a-ae14-b08f357a07ec.searchable','false'),('matrixBlockTypes.abc15f34-2022-44f5-9b78-e043131f7a0e.fields.9bf2d9e5-1946-495a-ae14-b08f357a07ec.settings.defaultColor','\"#ffffff\"'),('matrixBlockTypes.abc15f34-2022-44f5-9b78-e043131f7a0e.fields.9bf2d9e5-1946-495a-ae14-b08f357a07ec.translationKeyFormat','null'),('matrixBlockTypes.abc15f34-2022-44f5-9b78-e043131f7a0e.fields.9bf2d9e5-1946-495a-ae14-b08f357a07ec.translationMethod','\"none\"'),('matrixBlockTypes.abc15f34-2022-44f5-9b78-e043131f7a0e.fields.9bf2d9e5-1946-495a-ae14-b08f357a07ec.type','\"craft\\\\fields\\\\Color\"'),('matrixBlockTypes.abc15f34-2022-44f5-9b78-e043131f7a0e.fields.fd067bbd-c8de-4a78-9c25-edf59625daf9.columnSuffix','null'),('matrixBlockTypes.abc15f34-2022-44f5-9b78-e043131f7a0e.fields.fd067bbd-c8de-4a78-9c25-edf59625daf9.contentColumnType','\"integer(10)\"'),('matrixBlockTypes.abc15f34-2022-44f5-9b78-e043131f7a0e.fields.fd067bbd-c8de-4a78-9c25-edf59625daf9.fieldGroup','null'),('matrixBlockTypes.abc15f34-2022-44f5-9b78-e043131f7a0e.fields.fd067bbd-c8de-4a78-9c25-edf59625daf9.handle','\"height\"'),('matrixBlockTypes.abc15f34-2022-44f5-9b78-e043131f7a0e.fields.fd067bbd-c8de-4a78-9c25-edf59625daf9.instructions','\"Enter the height of the spacer in pixels\"'),('matrixBlockTypes.abc15f34-2022-44f5-9b78-e043131f7a0e.fields.fd067bbd-c8de-4a78-9c25-edf59625daf9.name','\"Height\"'),('matrixBlockTypes.abc15f34-2022-44f5-9b78-e043131f7a0e.fields.fd067bbd-c8de-4a78-9c25-edf59625daf9.searchable','false'),('matrixBlockTypes.abc15f34-2022-44f5-9b78-e043131f7a0e.fields.fd067bbd-c8de-4a78-9c25-edf59625daf9.settings.decimals','0'),('matrixBlockTypes.abc15f34-2022-44f5-9b78-e043131f7a0e.fields.fd067bbd-c8de-4a78-9c25-edf59625daf9.settings.defaultValue','50'),('matrixBlockTypes.abc15f34-2022-44f5-9b78-e043131f7a0e.fields.fd067bbd-c8de-4a78-9c25-edf59625daf9.settings.max','null'),('matrixBlockTypes.abc15f34-2022-44f5-9b78-e043131f7a0e.fields.fd067bbd-c8de-4a78-9c25-edf59625daf9.settings.min','0'),('matrixBlockTypes.abc15f34-2022-44f5-9b78-e043131f7a0e.fields.fd067bbd-c8de-4a78-9c25-edf59625daf9.settings.prefix','null'),('matrixBlockTypes.abc15f34-2022-44f5-9b78-e043131f7a0e.fields.fd067bbd-c8de-4a78-9c25-edf59625daf9.settings.previewCurrency','\"\"'),('matrixBlockTypes.abc15f34-2022-44f5-9b78-e043131f7a0e.fields.fd067bbd-c8de-4a78-9c25-edf59625daf9.settings.previewFormat','\"none\"'),('matrixBlockTypes.abc15f34-2022-44f5-9b78-e043131f7a0e.fields.fd067bbd-c8de-4a78-9c25-edf59625daf9.settings.size','null'),('matrixBlockTypes.abc15f34-2022-44f5-9b78-e043131f7a0e.fields.fd067bbd-c8de-4a78-9c25-edf59625daf9.settings.suffix','null'),('matrixBlockTypes.abc15f34-2022-44f5-9b78-e043131f7a0e.fields.fd067bbd-c8de-4a78-9c25-edf59625daf9.translationKeyFormat','null'),('matrixBlockTypes.abc15f34-2022-44f5-9b78-e043131f7a0e.fields.fd067bbd-c8de-4a78-9c25-edf59625daf9.translationMethod','\"none\"'),('matrixBlockTypes.abc15f34-2022-44f5-9b78-e043131f7a0e.fields.fd067bbd-c8de-4a78-9c25-edf59625daf9.type','\"craft\\\\fields\\\\Number\"'),('matrixBlockTypes.abc15f34-2022-44f5-9b78-e043131f7a0e.handle','\"spacer\"'),('matrixBlockTypes.abc15f34-2022-44f5-9b78-e043131f7a0e.name','\"Spacer\"'),('matrixBlockTypes.abc15f34-2022-44f5-9b78-e043131f7a0e.sortOrder','7'),('matrixBlockTypes.ba3ca3ea-4af3-4670-a5a5-4634af27c536.field','\"45510379-3fcf-4283-a246-9069f9bc58bb\"'),('matrixBlockTypes.ba3ca3ea-4af3-4670-a5a5-4634af27c536.fieldLayouts.4d1ce43e-09b6-4333-ab6d-c9a278c4973b.tabs.0.elements.0.fieldUid','\"bd7c8386-f859-40ab-8718-cff8f68cf847\"'),('matrixBlockTypes.ba3ca3ea-4af3-4670-a5a5-4634af27c536.fieldLayouts.4d1ce43e-09b6-4333-ab6d-c9a278c4973b.tabs.0.elements.0.instructions','null'),('matrixBlockTypes.ba3ca3ea-4af3-4670-a5a5-4634af27c536.fieldLayouts.4d1ce43e-09b6-4333-ab6d-c9a278c4973b.tabs.0.elements.0.label','null'),('matrixBlockTypes.ba3ca3ea-4af3-4670-a5a5-4634af27c536.fieldLayouts.4d1ce43e-09b6-4333-ab6d-c9a278c4973b.tabs.0.elements.0.required','false'),('matrixBlockTypes.ba3ca3ea-4af3-4670-a5a5-4634af27c536.fieldLayouts.4d1ce43e-09b6-4333-ab6d-c9a278c4973b.tabs.0.elements.0.tip','null'),('matrixBlockTypes.ba3ca3ea-4af3-4670-a5a5-4634af27c536.fieldLayouts.4d1ce43e-09b6-4333-ab6d-c9a278c4973b.tabs.0.elements.0.type','\"craft\\\\fieldlayoutelements\\\\CustomField\"'),('matrixBlockTypes.ba3ca3ea-4af3-4670-a5a5-4634af27c536.fieldLayouts.4d1ce43e-09b6-4333-ab6d-c9a278c4973b.tabs.0.elements.0.warning','null'),('matrixBlockTypes.ba3ca3ea-4af3-4670-a5a5-4634af27c536.fieldLayouts.4d1ce43e-09b6-4333-ab6d-c9a278c4973b.tabs.0.elements.0.width','100'),('matrixBlockTypes.ba3ca3ea-4af3-4670-a5a5-4634af27c536.fieldLayouts.4d1ce43e-09b6-4333-ab6d-c9a278c4973b.tabs.0.elements.1.fieldUid','\"6fa01cb4-23c8-44bd-a162-e0a80a7abc42\"'),('matrixBlockTypes.ba3ca3ea-4af3-4670-a5a5-4634af27c536.fieldLayouts.4d1ce43e-09b6-4333-ab6d-c9a278c4973b.tabs.0.elements.1.instructions','null'),('matrixBlockTypes.ba3ca3ea-4af3-4670-a5a5-4634af27c536.fieldLayouts.4d1ce43e-09b6-4333-ab6d-c9a278c4973b.tabs.0.elements.1.label','null'),('matrixBlockTypes.ba3ca3ea-4af3-4670-a5a5-4634af27c536.fieldLayouts.4d1ce43e-09b6-4333-ab6d-c9a278c4973b.tabs.0.elements.1.required','false'),('matrixBlockTypes.ba3ca3ea-4af3-4670-a5a5-4634af27c536.fieldLayouts.4d1ce43e-09b6-4333-ab6d-c9a278c4973b.tabs.0.elements.1.tip','null'),('matrixBlockTypes.ba3ca3ea-4af3-4670-a5a5-4634af27c536.fieldLayouts.4d1ce43e-09b6-4333-ab6d-c9a278c4973b.tabs.0.elements.1.type','\"craft\\\\fieldlayoutelements\\\\CustomField\"'),('matrixBlockTypes.ba3ca3ea-4af3-4670-a5a5-4634af27c536.fieldLayouts.4d1ce43e-09b6-4333-ab6d-c9a278c4973b.tabs.0.elements.1.warning','null'),('matrixBlockTypes.ba3ca3ea-4af3-4670-a5a5-4634af27c536.fieldLayouts.4d1ce43e-09b6-4333-ab6d-c9a278c4973b.tabs.0.elements.1.width','100'),('matrixBlockTypes.ba3ca3ea-4af3-4670-a5a5-4634af27c536.fieldLayouts.4d1ce43e-09b6-4333-ab6d-c9a278c4973b.tabs.0.elements.2.fieldUid','\"0bd8f637-c7a7-4739-bf10-8ae337c1d9dd\"'),('matrixBlockTypes.ba3ca3ea-4af3-4670-a5a5-4634af27c536.fieldLayouts.4d1ce43e-09b6-4333-ab6d-c9a278c4973b.tabs.0.elements.2.instructions','null'),('matrixBlockTypes.ba3ca3ea-4af3-4670-a5a5-4634af27c536.fieldLayouts.4d1ce43e-09b6-4333-ab6d-c9a278c4973b.tabs.0.elements.2.label','null'),('matrixBlockTypes.ba3ca3ea-4af3-4670-a5a5-4634af27c536.fieldLayouts.4d1ce43e-09b6-4333-ab6d-c9a278c4973b.tabs.0.elements.2.required','false'),('matrixBlockTypes.ba3ca3ea-4af3-4670-a5a5-4634af27c536.fieldLayouts.4d1ce43e-09b6-4333-ab6d-c9a278c4973b.tabs.0.elements.2.tip','null'),('matrixBlockTypes.ba3ca3ea-4af3-4670-a5a5-4634af27c536.fieldLayouts.4d1ce43e-09b6-4333-ab6d-c9a278c4973b.tabs.0.elements.2.type','\"craft\\\\fieldlayoutelements\\\\CustomField\"'),('matrixBlockTypes.ba3ca3ea-4af3-4670-a5a5-4634af27c536.fieldLayouts.4d1ce43e-09b6-4333-ab6d-c9a278c4973b.tabs.0.elements.2.warning','null'),('matrixBlockTypes.ba3ca3ea-4af3-4670-a5a5-4634af27c536.fieldLayouts.4d1ce43e-09b6-4333-ab6d-c9a278c4973b.tabs.0.elements.2.width','100'),('matrixBlockTypes.ba3ca3ea-4af3-4670-a5a5-4634af27c536.fieldLayouts.4d1ce43e-09b6-4333-ab6d-c9a278c4973b.tabs.0.elements.3.fieldUid','\"1bad43de-da32-4393-9b17-e8d12f6346f6\"'),('matrixBlockTypes.ba3ca3ea-4af3-4670-a5a5-4634af27c536.fieldLayouts.4d1ce43e-09b6-4333-ab6d-c9a278c4973b.tabs.0.elements.3.instructions','null'),('matrixBlockTypes.ba3ca3ea-4af3-4670-a5a5-4634af27c536.fieldLayouts.4d1ce43e-09b6-4333-ab6d-c9a278c4973b.tabs.0.elements.3.label','null'),('matrixBlockTypes.ba3ca3ea-4af3-4670-a5a5-4634af27c536.fieldLayouts.4d1ce43e-09b6-4333-ab6d-c9a278c4973b.tabs.0.elements.3.required','false'),('matrixBlockTypes.ba3ca3ea-4af3-4670-a5a5-4634af27c536.fieldLayouts.4d1ce43e-09b6-4333-ab6d-c9a278c4973b.tabs.0.elements.3.tip','null'),('matrixBlockTypes.ba3ca3ea-4af3-4670-a5a5-4634af27c536.fieldLayouts.4d1ce43e-09b6-4333-ab6d-c9a278c4973b.tabs.0.elements.3.type','\"craft\\\\fieldlayoutelements\\\\CustomField\"'),('matrixBlockTypes.ba3ca3ea-4af3-4670-a5a5-4634af27c536.fieldLayouts.4d1ce43e-09b6-4333-ab6d-c9a278c4973b.tabs.0.elements.3.warning','null'),('matrixBlockTypes.ba3ca3ea-4af3-4670-a5a5-4634af27c536.fieldLayouts.4d1ce43e-09b6-4333-ab6d-c9a278c4973b.tabs.0.elements.3.width','100'),('matrixBlockTypes.ba3ca3ea-4af3-4670-a5a5-4634af27c536.fieldLayouts.4d1ce43e-09b6-4333-ab6d-c9a278c4973b.tabs.0.elements.4.fieldUid','\"052b58a2-700f-43f8-8451-a23fbed4816c\"'),('matrixBlockTypes.ba3ca3ea-4af3-4670-a5a5-4634af27c536.fieldLayouts.4d1ce43e-09b6-4333-ab6d-c9a278c4973b.tabs.0.elements.4.instructions','null'),('matrixBlockTypes.ba3ca3ea-4af3-4670-a5a5-4634af27c536.fieldLayouts.4d1ce43e-09b6-4333-ab6d-c9a278c4973b.tabs.0.elements.4.label','null'),('matrixBlockTypes.ba3ca3ea-4af3-4670-a5a5-4634af27c536.fieldLayouts.4d1ce43e-09b6-4333-ab6d-c9a278c4973b.tabs.0.elements.4.required','false'),('matrixBlockTypes.ba3ca3ea-4af3-4670-a5a5-4634af27c536.fieldLayouts.4d1ce43e-09b6-4333-ab6d-c9a278c4973b.tabs.0.elements.4.tip','null'),('matrixBlockTypes.ba3ca3ea-4af3-4670-a5a5-4634af27c536.fieldLayouts.4d1ce43e-09b6-4333-ab6d-c9a278c4973b.tabs.0.elements.4.type','\"craft\\\\fieldlayoutelements\\\\CustomField\"'),('matrixBlockTypes.ba3ca3ea-4af3-4670-a5a5-4634af27c536.fieldLayouts.4d1ce43e-09b6-4333-ab6d-c9a278c4973b.tabs.0.elements.4.warning','null'),('matrixBlockTypes.ba3ca3ea-4af3-4670-a5a5-4634af27c536.fieldLayouts.4d1ce43e-09b6-4333-ab6d-c9a278c4973b.tabs.0.elements.4.width','100'),('matrixBlockTypes.ba3ca3ea-4af3-4670-a5a5-4634af27c536.fieldLayouts.4d1ce43e-09b6-4333-ab6d-c9a278c4973b.tabs.0.elements.5.fieldUid','\"d4a8396e-ade9-4f39-9efb-3e6dae7a1f3a\"'),('matrixBlockTypes.ba3ca3ea-4af3-4670-a5a5-4634af27c536.fieldLayouts.4d1ce43e-09b6-4333-ab6d-c9a278c4973b.tabs.0.elements.5.instructions','null'),('matrixBlockTypes.ba3ca3ea-4af3-4670-a5a5-4634af27c536.fieldLayouts.4d1ce43e-09b6-4333-ab6d-c9a278c4973b.tabs.0.elements.5.label','null'),('matrixBlockTypes.ba3ca3ea-4af3-4670-a5a5-4634af27c536.fieldLayouts.4d1ce43e-09b6-4333-ab6d-c9a278c4973b.tabs.0.elements.5.required','false'),('matrixBlockTypes.ba3ca3ea-4af3-4670-a5a5-4634af27c536.fieldLayouts.4d1ce43e-09b6-4333-ab6d-c9a278c4973b.tabs.0.elements.5.tip','null'),('matrixBlockTypes.ba3ca3ea-4af3-4670-a5a5-4634af27c536.fieldLayouts.4d1ce43e-09b6-4333-ab6d-c9a278c4973b.tabs.0.elements.5.type','\"craft\\\\fieldlayoutelements\\\\CustomField\"'),('matrixBlockTypes.ba3ca3ea-4af3-4670-a5a5-4634af27c536.fieldLayouts.4d1ce43e-09b6-4333-ab6d-c9a278c4973b.tabs.0.elements.5.warning','null'),('matrixBlockTypes.ba3ca3ea-4af3-4670-a5a5-4634af27c536.fieldLayouts.4d1ce43e-09b6-4333-ab6d-c9a278c4973b.tabs.0.elements.5.width','100'),('matrixBlockTypes.ba3ca3ea-4af3-4670-a5a5-4634af27c536.fieldLayouts.4d1ce43e-09b6-4333-ab6d-c9a278c4973b.tabs.0.name','\"Content\"'),('matrixBlockTypes.ba3ca3ea-4af3-4670-a5a5-4634af27c536.fieldLayouts.4d1ce43e-09b6-4333-ab6d-c9a278c4973b.tabs.0.sortOrder','1'),('matrixBlockTypes.ba3ca3ea-4af3-4670-a5a5-4634af27c536.fields.052b58a2-700f-43f8-8451-a23fbed4816c.columnSuffix','null'),('matrixBlockTypes.ba3ca3ea-4af3-4670-a5a5-4634af27c536.fields.052b58a2-700f-43f8-8451-a23fbed4816c.contentColumnType','\"text\"'),('matrixBlockTypes.ba3ca3ea-4af3-4670-a5a5-4634af27c536.fields.052b58a2-700f-43f8-8451-a23fbed4816c.fieldGroup','null'),('matrixBlockTypes.ba3ca3ea-4af3-4670-a5a5-4634af27c536.fields.052b58a2-700f-43f8-8451-a23fbed4816c.handle','\"customerName\"'),('matrixBlockTypes.ba3ca3ea-4af3-4670-a5a5-4634af27c536.fields.052b58a2-700f-43f8-8451-a23fbed4816c.instructions','\"\"'),('matrixBlockTypes.ba3ca3ea-4af3-4670-a5a5-4634af27c536.fields.052b58a2-700f-43f8-8451-a23fbed4816c.name','\"Customer Name\"'),('matrixBlockTypes.ba3ca3ea-4af3-4670-a5a5-4634af27c536.fields.052b58a2-700f-43f8-8451-a23fbed4816c.searchable','false'),('matrixBlockTypes.ba3ca3ea-4af3-4670-a5a5-4634af27c536.fields.052b58a2-700f-43f8-8451-a23fbed4816c.settings.byteLimit','null'),('matrixBlockTypes.ba3ca3ea-4af3-4670-a5a5-4634af27c536.fields.052b58a2-700f-43f8-8451-a23fbed4816c.settings.charLimit','null'),('matrixBlockTypes.ba3ca3ea-4af3-4670-a5a5-4634af27c536.fields.052b58a2-700f-43f8-8451-a23fbed4816c.settings.code','\"\"'),('matrixBlockTypes.ba3ca3ea-4af3-4670-a5a5-4634af27c536.fields.052b58a2-700f-43f8-8451-a23fbed4816c.settings.columnType','null'),('matrixBlockTypes.ba3ca3ea-4af3-4670-a5a5-4634af27c536.fields.052b58a2-700f-43f8-8451-a23fbed4816c.settings.initialRows','\"4\"'),('matrixBlockTypes.ba3ca3ea-4af3-4670-a5a5-4634af27c536.fields.052b58a2-700f-43f8-8451-a23fbed4816c.settings.multiline','\"\"'),('matrixBlockTypes.ba3ca3ea-4af3-4670-a5a5-4634af27c536.fields.052b58a2-700f-43f8-8451-a23fbed4816c.settings.placeholder','null'),('matrixBlockTypes.ba3ca3ea-4af3-4670-a5a5-4634af27c536.fields.052b58a2-700f-43f8-8451-a23fbed4816c.settings.uiMode','\"normal\"'),('matrixBlockTypes.ba3ca3ea-4af3-4670-a5a5-4634af27c536.fields.052b58a2-700f-43f8-8451-a23fbed4816c.translationKeyFormat','null'),('matrixBlockTypes.ba3ca3ea-4af3-4670-a5a5-4634af27c536.fields.052b58a2-700f-43f8-8451-a23fbed4816c.translationMethod','\"none\"'),('matrixBlockTypes.ba3ca3ea-4af3-4670-a5a5-4634af27c536.fields.052b58a2-700f-43f8-8451-a23fbed4816c.type','\"craft\\\\fields\\\\PlainText\"'),('matrixBlockTypes.ba3ca3ea-4af3-4670-a5a5-4634af27c536.fields.0bd8f637-c7a7-4739-bf10-8ae337c1d9dd.columnSuffix','null'),('matrixBlockTypes.ba3ca3ea-4af3-4670-a5a5-4634af27c536.fields.0bd8f637-c7a7-4739-bf10-8ae337c1d9dd.contentColumnType','\"text\"'),('matrixBlockTypes.ba3ca3ea-4af3-4670-a5a5-4634af27c536.fields.0bd8f637-c7a7-4739-bf10-8ae337c1d9dd.fieldGroup','null'),('matrixBlockTypes.ba3ca3ea-4af3-4670-a5a5-4634af27c536.fields.0bd8f637-c7a7-4739-bf10-8ae337c1d9dd.handle','\"testimonial\"'),('matrixBlockTypes.ba3ca3ea-4af3-4670-a5a5-4634af27c536.fields.0bd8f637-c7a7-4739-bf10-8ae337c1d9dd.instructions','\"\"'),('matrixBlockTypes.ba3ca3ea-4af3-4670-a5a5-4634af27c536.fields.0bd8f637-c7a7-4739-bf10-8ae337c1d9dd.name','\"Testimonial\"'),('matrixBlockTypes.ba3ca3ea-4af3-4670-a5a5-4634af27c536.fields.0bd8f637-c7a7-4739-bf10-8ae337c1d9dd.searchable','false'),('matrixBlockTypes.ba3ca3ea-4af3-4670-a5a5-4634af27c536.fields.0bd8f637-c7a7-4739-bf10-8ae337c1d9dd.settings.byteLimit','null'),('matrixBlockTypes.ba3ca3ea-4af3-4670-a5a5-4634af27c536.fields.0bd8f637-c7a7-4739-bf10-8ae337c1d9dd.settings.charLimit','null'),('matrixBlockTypes.ba3ca3ea-4af3-4670-a5a5-4634af27c536.fields.0bd8f637-c7a7-4739-bf10-8ae337c1d9dd.settings.code','\"\"'),('matrixBlockTypes.ba3ca3ea-4af3-4670-a5a5-4634af27c536.fields.0bd8f637-c7a7-4739-bf10-8ae337c1d9dd.settings.columnType','null'),('matrixBlockTypes.ba3ca3ea-4af3-4670-a5a5-4634af27c536.fields.0bd8f637-c7a7-4739-bf10-8ae337c1d9dd.settings.initialRows','\"2\"'),('matrixBlockTypes.ba3ca3ea-4af3-4670-a5a5-4634af27c536.fields.0bd8f637-c7a7-4739-bf10-8ae337c1d9dd.settings.multiline','\"1\"'),('matrixBlockTypes.ba3ca3ea-4af3-4670-a5a5-4634af27c536.fields.0bd8f637-c7a7-4739-bf10-8ae337c1d9dd.settings.placeholder','null'),('matrixBlockTypes.ba3ca3ea-4af3-4670-a5a5-4634af27c536.fields.0bd8f637-c7a7-4739-bf10-8ae337c1d9dd.settings.uiMode','\"normal\"'),('matrixBlockTypes.ba3ca3ea-4af3-4670-a5a5-4634af27c536.fields.0bd8f637-c7a7-4739-bf10-8ae337c1d9dd.translationKeyFormat','null'),('matrixBlockTypes.ba3ca3ea-4af3-4670-a5a5-4634af27c536.fields.0bd8f637-c7a7-4739-bf10-8ae337c1d9dd.translationMethod','\"none\"'),('matrixBlockTypes.ba3ca3ea-4af3-4670-a5a5-4634af27c536.fields.0bd8f637-c7a7-4739-bf10-8ae337c1d9dd.type','\"craft\\\\fields\\\\PlainText\"'),('matrixBlockTypes.ba3ca3ea-4af3-4670-a5a5-4634af27c536.fields.1bad43de-da32-4393-9b17-e8d12f6346f6.columnSuffix','null'),('matrixBlockTypes.ba3ca3ea-4af3-4670-a5a5-4634af27c536.fields.1bad43de-da32-4393-9b17-e8d12f6346f6.contentColumnType','\"text\"'),('matrixBlockTypes.ba3ca3ea-4af3-4670-a5a5-4634af27c536.fields.1bad43de-da32-4393-9b17-e8d12f6346f6.fieldGroup','null'),('matrixBlockTypes.ba3ca3ea-4af3-4670-a5a5-4634af27c536.fields.1bad43de-da32-4393-9b17-e8d12f6346f6.handle','\"customerImage\"'),('matrixBlockTypes.ba3ca3ea-4af3-4670-a5a5-4634af27c536.fields.1bad43de-da32-4393-9b17-e8d12f6346f6.instructions','\"\"'),('matrixBlockTypes.ba3ca3ea-4af3-4670-a5a5-4634af27c536.fields.1bad43de-da32-4393-9b17-e8d12f6346f6.name','\"Customer Image\"'),('matrixBlockTypes.ba3ca3ea-4af3-4670-a5a5-4634af27c536.fields.1bad43de-da32-4393-9b17-e8d12f6346f6.searchable','false'),('matrixBlockTypes.ba3ca3ea-4af3-4670-a5a5-4634af27c536.fields.1bad43de-da32-4393-9b17-e8d12f6346f6.settings.byteLimit','null'),('matrixBlockTypes.ba3ca3ea-4af3-4670-a5a5-4634af27c536.fields.1bad43de-da32-4393-9b17-e8d12f6346f6.settings.charLimit','null'),('matrixBlockTypes.ba3ca3ea-4af3-4670-a5a5-4634af27c536.fields.1bad43de-da32-4393-9b17-e8d12f6346f6.settings.code','\"\"'),('matrixBlockTypes.ba3ca3ea-4af3-4670-a5a5-4634af27c536.fields.1bad43de-da32-4393-9b17-e8d12f6346f6.settings.columnType','null'),('matrixBlockTypes.ba3ca3ea-4af3-4670-a5a5-4634af27c536.fields.1bad43de-da32-4393-9b17-e8d12f6346f6.settings.initialRows','\"4\"'),('matrixBlockTypes.ba3ca3ea-4af3-4670-a5a5-4634af27c536.fields.1bad43de-da32-4393-9b17-e8d12f6346f6.settings.multiline','\"\"'),('matrixBlockTypes.ba3ca3ea-4af3-4670-a5a5-4634af27c536.fields.1bad43de-da32-4393-9b17-e8d12f6346f6.settings.placeholder','null'),('matrixBlockTypes.ba3ca3ea-4af3-4670-a5a5-4634af27c536.fields.1bad43de-da32-4393-9b17-e8d12f6346f6.settings.uiMode','\"normal\"'),('matrixBlockTypes.ba3ca3ea-4af3-4670-a5a5-4634af27c536.fields.1bad43de-da32-4393-9b17-e8d12f6346f6.translationKeyFormat','null'),('matrixBlockTypes.ba3ca3ea-4af3-4670-a5a5-4634af27c536.fields.1bad43de-da32-4393-9b17-e8d12f6346f6.translationMethod','\"none\"'),('matrixBlockTypes.ba3ca3ea-4af3-4670-a5a5-4634af27c536.fields.1bad43de-da32-4393-9b17-e8d12f6346f6.type','\"craft\\\\fields\\\\PlainText\"'),('matrixBlockTypes.ba3ca3ea-4af3-4670-a5a5-4634af27c536.fields.6fa01cb4-23c8-44bd-a162-e0a80a7abc42.columnSuffix','null'),('matrixBlockTypes.ba3ca3ea-4af3-4670-a5a5-4634af27c536.fields.6fa01cb4-23c8-44bd-a162-e0a80a7abc42.contentColumnType','\"string(7)\"'),('matrixBlockTypes.ba3ca3ea-4af3-4670-a5a5-4634af27c536.fields.6fa01cb4-23c8-44bd-a162-e0a80a7abc42.fieldGroup','null'),('matrixBlockTypes.ba3ca3ea-4af3-4670-a5a5-4634af27c536.fields.6fa01cb4-23c8-44bd-a162-e0a80a7abc42.handle','\"textColour\"'),('matrixBlockTypes.ba3ca3ea-4af3-4670-a5a5-4634af27c536.fields.6fa01cb4-23c8-44bd-a162-e0a80a7abc42.instructions','\"\"'),('matrixBlockTypes.ba3ca3ea-4af3-4670-a5a5-4634af27c536.fields.6fa01cb4-23c8-44bd-a162-e0a80a7abc42.name','\"Text Colour\"'),('matrixBlockTypes.ba3ca3ea-4af3-4670-a5a5-4634af27c536.fields.6fa01cb4-23c8-44bd-a162-e0a80a7abc42.searchable','false'),('matrixBlockTypes.ba3ca3ea-4af3-4670-a5a5-4634af27c536.fields.6fa01cb4-23c8-44bd-a162-e0a80a7abc42.settings.defaultColor','\"#ffffff\"'),('matrixBlockTypes.ba3ca3ea-4af3-4670-a5a5-4634af27c536.fields.6fa01cb4-23c8-44bd-a162-e0a80a7abc42.translationKeyFormat','null'),('matrixBlockTypes.ba3ca3ea-4af3-4670-a5a5-4634af27c536.fields.6fa01cb4-23c8-44bd-a162-e0a80a7abc42.translationMethod','\"none\"'),('matrixBlockTypes.ba3ca3ea-4af3-4670-a5a5-4634af27c536.fields.6fa01cb4-23c8-44bd-a162-e0a80a7abc42.type','\"craft\\\\fields\\\\Color\"'),('matrixBlockTypes.ba3ca3ea-4af3-4670-a5a5-4634af27c536.fields.bd7c8386-f859-40ab-8718-cff8f68cf847.columnSuffix','null'),('matrixBlockTypes.ba3ca3ea-4af3-4670-a5a5-4634af27c536.fields.bd7c8386-f859-40ab-8718-cff8f68cf847.contentColumnType','\"string(7)\"'),('matrixBlockTypes.ba3ca3ea-4af3-4670-a5a5-4634af27c536.fields.bd7c8386-f859-40ab-8718-cff8f68cf847.fieldGroup','null'),('matrixBlockTypes.ba3ca3ea-4af3-4670-a5a5-4634af27c536.fields.bd7c8386-f859-40ab-8718-cff8f68cf847.handle','\"backgroundColour\"'),('matrixBlockTypes.ba3ca3ea-4af3-4670-a5a5-4634af27c536.fields.bd7c8386-f859-40ab-8718-cff8f68cf847.instructions','\"\"'),('matrixBlockTypes.ba3ca3ea-4af3-4670-a5a5-4634af27c536.fields.bd7c8386-f859-40ab-8718-cff8f68cf847.name','\"Background Colour\"'),('matrixBlockTypes.ba3ca3ea-4af3-4670-a5a5-4634af27c536.fields.bd7c8386-f859-40ab-8718-cff8f68cf847.searchable','false'),('matrixBlockTypes.ba3ca3ea-4af3-4670-a5a5-4634af27c536.fields.bd7c8386-f859-40ab-8718-cff8f68cf847.settings.defaultColor','\"#000080\"'),('matrixBlockTypes.ba3ca3ea-4af3-4670-a5a5-4634af27c536.fields.bd7c8386-f859-40ab-8718-cff8f68cf847.translationKeyFormat','null'),('matrixBlockTypes.ba3ca3ea-4af3-4670-a5a5-4634af27c536.fields.bd7c8386-f859-40ab-8718-cff8f68cf847.translationMethod','\"none\"'),('matrixBlockTypes.ba3ca3ea-4af3-4670-a5a5-4634af27c536.fields.bd7c8386-f859-40ab-8718-cff8f68cf847.type','\"craft\\\\fields\\\\Color\"'),('matrixBlockTypes.ba3ca3ea-4af3-4670-a5a5-4634af27c536.fields.d4a8396e-ade9-4f39-9efb-3e6dae7a1f3a.columnSuffix','null'),('matrixBlockTypes.ba3ca3ea-4af3-4670-a5a5-4634af27c536.fields.d4a8396e-ade9-4f39-9efb-3e6dae7a1f3a.contentColumnType','\"string\"'),('matrixBlockTypes.ba3ca3ea-4af3-4670-a5a5-4634af27c536.fields.d4a8396e-ade9-4f39-9efb-3e6dae7a1f3a.fieldGroup','null'),('matrixBlockTypes.ba3ca3ea-4af3-4670-a5a5-4634af27c536.fields.d4a8396e-ade9-4f39-9efb-3e6dae7a1f3a.handle','\"portfolioLink\"'),('matrixBlockTypes.ba3ca3ea-4af3-4670-a5a5-4634af27c536.fields.d4a8396e-ade9-4f39-9efb-3e6dae7a1f3a.instructions','\"If this person can be linked to a portfolio piece\"'),('matrixBlockTypes.ba3ca3ea-4af3-4670-a5a5-4634af27c536.fields.d4a8396e-ade9-4f39-9efb-3e6dae7a1f3a.name','\"Portfolio Link\"'),('matrixBlockTypes.ba3ca3ea-4af3-4670-a5a5-4634af27c536.fields.d4a8396e-ade9-4f39-9efb-3e6dae7a1f3a.searchable','false'),('matrixBlockTypes.ba3ca3ea-4af3-4670-a5a5-4634af27c536.fields.d4a8396e-ade9-4f39-9efb-3e6dae7a1f3a.settings.allowSelfRelations','false'),('matrixBlockTypes.ba3ca3ea-4af3-4670-a5a5-4634af27c536.fields.d4a8396e-ade9-4f39-9efb-3e6dae7a1f3a.settings.limit','\"\"'),('matrixBlockTypes.ba3ca3ea-4af3-4670-a5a5-4634af27c536.fields.d4a8396e-ade9-4f39-9efb-3e6dae7a1f3a.settings.localizeRelations','false'),('matrixBlockTypes.ba3ca3ea-4af3-4670-a5a5-4634af27c536.fields.d4a8396e-ade9-4f39-9efb-3e6dae7a1f3a.settings.selectionLabel','\"\"'),('matrixBlockTypes.ba3ca3ea-4af3-4670-a5a5-4634af27c536.fields.d4a8396e-ade9-4f39-9efb-3e6dae7a1f3a.settings.showSiteMenu','true'),('matrixBlockTypes.ba3ca3ea-4af3-4670-a5a5-4634af27c536.fields.d4a8396e-ade9-4f39-9efb-3e6dae7a1f3a.settings.source','null'),('matrixBlockTypes.ba3ca3ea-4af3-4670-a5a5-4634af27c536.fields.d4a8396e-ade9-4f39-9efb-3e6dae7a1f3a.settings.sources','\"*\"'),('matrixBlockTypes.ba3ca3ea-4af3-4670-a5a5-4634af27c536.fields.d4a8396e-ade9-4f39-9efb-3e6dae7a1f3a.settings.targetSiteId','null'),('matrixBlockTypes.ba3ca3ea-4af3-4670-a5a5-4634af27c536.fields.d4a8396e-ade9-4f39-9efb-3e6dae7a1f3a.settings.validateRelatedElements','false'),('matrixBlockTypes.ba3ca3ea-4af3-4670-a5a5-4634af27c536.fields.d4a8396e-ade9-4f39-9efb-3e6dae7a1f3a.settings.viewMode','null'),('matrixBlockTypes.ba3ca3ea-4af3-4670-a5a5-4634af27c536.fields.d4a8396e-ade9-4f39-9efb-3e6dae7a1f3a.translationKeyFormat','null'),('matrixBlockTypes.ba3ca3ea-4af3-4670-a5a5-4634af27c536.fields.d4a8396e-ade9-4f39-9efb-3e6dae7a1f3a.translationMethod','\"site\"'),('matrixBlockTypes.ba3ca3ea-4af3-4670-a5a5-4634af27c536.fields.d4a8396e-ade9-4f39-9efb-3e6dae7a1f3a.type','\"craft\\\\fields\\\\Entries\"'),('matrixBlockTypes.ba3ca3ea-4af3-4670-a5a5-4634af27c536.handle','\"testimonial\"'),('matrixBlockTypes.ba3ca3ea-4af3-4670-a5a5-4634af27c536.name','\"Testimonial\"'),('matrixBlockTypes.ba3ca3ea-4af3-4670-a5a5-4634af27c536.sortOrder','9'),('matrixBlockTypes.e666783f-6ce0-4274-a5d6-61b1112ca24e.field','\"45510379-3fcf-4283-a246-9069f9bc58bb\"'),('matrixBlockTypes.e666783f-6ce0-4274-a5d6-61b1112ca24e.fieldLayouts.9ae9794d-def8-41db-a5bf-fc2a7cc9c4e9.tabs.0.elements.0.fieldUid','\"6a07e3c2-d002-41f8-9a14-788a2228fc53\"'),('matrixBlockTypes.e666783f-6ce0-4274-a5d6-61b1112ca24e.fieldLayouts.9ae9794d-def8-41db-a5bf-fc2a7cc9c4e9.tabs.0.elements.0.instructions','null'),('matrixBlockTypes.e666783f-6ce0-4274-a5d6-61b1112ca24e.fieldLayouts.9ae9794d-def8-41db-a5bf-fc2a7cc9c4e9.tabs.0.elements.0.label','null'),('matrixBlockTypes.e666783f-6ce0-4274-a5d6-61b1112ca24e.fieldLayouts.9ae9794d-def8-41db-a5bf-fc2a7cc9c4e9.tabs.0.elements.0.required','true'),('matrixBlockTypes.e666783f-6ce0-4274-a5d6-61b1112ca24e.fieldLayouts.9ae9794d-def8-41db-a5bf-fc2a7cc9c4e9.tabs.0.elements.0.tip','null'),('matrixBlockTypes.e666783f-6ce0-4274-a5d6-61b1112ca24e.fieldLayouts.9ae9794d-def8-41db-a5bf-fc2a7cc9c4e9.tabs.0.elements.0.type','\"craft\\\\fieldlayoutelements\\\\CustomField\"'),('matrixBlockTypes.e666783f-6ce0-4274-a5d6-61b1112ca24e.fieldLayouts.9ae9794d-def8-41db-a5bf-fc2a7cc9c4e9.tabs.0.elements.0.warning','null'),('matrixBlockTypes.e666783f-6ce0-4274-a5d6-61b1112ca24e.fieldLayouts.9ae9794d-def8-41db-a5bf-fc2a7cc9c4e9.tabs.0.elements.0.width','100'),('matrixBlockTypes.e666783f-6ce0-4274-a5d6-61b1112ca24e.fieldLayouts.9ae9794d-def8-41db-a5bf-fc2a7cc9c4e9.tabs.0.name','\"Content\"'),('matrixBlockTypes.e666783f-6ce0-4274-a5d6-61b1112ca24e.fieldLayouts.9ae9794d-def8-41db-a5bf-fc2a7cc9c4e9.tabs.0.sortOrder','1'),('matrixBlockTypes.e666783f-6ce0-4274-a5d6-61b1112ca24e.fields.6a07e3c2-d002-41f8-9a14-788a2228fc53.columnSuffix','null'),('matrixBlockTypes.e666783f-6ce0-4274-a5d6-61b1112ca24e.fields.6a07e3c2-d002-41f8-9a14-788a2228fc53.contentColumnType','\"string\"'),('matrixBlockTypes.e666783f-6ce0-4274-a5d6-61b1112ca24e.fields.6a07e3c2-d002-41f8-9a14-788a2228fc53.fieldGroup','null'),('matrixBlockTypes.e666783f-6ce0-4274-a5d6-61b1112ca24e.fields.6a07e3c2-d002-41f8-9a14-788a2228fc53.handle','\"feature\"'),('matrixBlockTypes.e666783f-6ce0-4274-a5d6-61b1112ca24e.fields.6a07e3c2-d002-41f8-9a14-788a2228fc53.instructions','\"Select features to populate the feature bar\"'),('matrixBlockTypes.e666783f-6ce0-4274-a5d6-61b1112ca24e.fields.6a07e3c2-d002-41f8-9a14-788a2228fc53.name','\"Feature\"'),('matrixBlockTypes.e666783f-6ce0-4274-a5d6-61b1112ca24e.fields.6a07e3c2-d002-41f8-9a14-788a2228fc53.searchable','false'),('matrixBlockTypes.e666783f-6ce0-4274-a5d6-61b1112ca24e.fields.6a07e3c2-d002-41f8-9a14-788a2228fc53.settings.allowSelfRelations','false'),('matrixBlockTypes.e666783f-6ce0-4274-a5d6-61b1112ca24e.fields.6a07e3c2-d002-41f8-9a14-788a2228fc53.settings.limit','\"\"'),('matrixBlockTypes.e666783f-6ce0-4274-a5d6-61b1112ca24e.fields.6a07e3c2-d002-41f8-9a14-788a2228fc53.settings.localizeRelations','false'),('matrixBlockTypes.e666783f-6ce0-4274-a5d6-61b1112ca24e.fields.6a07e3c2-d002-41f8-9a14-788a2228fc53.settings.selectionLabel','\"\"'),('matrixBlockTypes.e666783f-6ce0-4274-a5d6-61b1112ca24e.fields.6a07e3c2-d002-41f8-9a14-788a2228fc53.settings.showSiteMenu','true'),('matrixBlockTypes.e666783f-6ce0-4274-a5d6-61b1112ca24e.fields.6a07e3c2-d002-41f8-9a14-788a2228fc53.settings.source','null'),('matrixBlockTypes.e666783f-6ce0-4274-a5d6-61b1112ca24e.fields.6a07e3c2-d002-41f8-9a14-788a2228fc53.settings.sources.0','\"section:bcd15103-454c-4f79-a346-b9627704710c\"'),('matrixBlockTypes.e666783f-6ce0-4274-a5d6-61b1112ca24e.fields.6a07e3c2-d002-41f8-9a14-788a2228fc53.settings.targetSiteId','null'),('matrixBlockTypes.e666783f-6ce0-4274-a5d6-61b1112ca24e.fields.6a07e3c2-d002-41f8-9a14-788a2228fc53.settings.validateRelatedElements','false'),('matrixBlockTypes.e666783f-6ce0-4274-a5d6-61b1112ca24e.fields.6a07e3c2-d002-41f8-9a14-788a2228fc53.settings.viewMode','null'),('matrixBlockTypes.e666783f-6ce0-4274-a5d6-61b1112ca24e.fields.6a07e3c2-d002-41f8-9a14-788a2228fc53.translationKeyFormat','null'),('matrixBlockTypes.e666783f-6ce0-4274-a5d6-61b1112ca24e.fields.6a07e3c2-d002-41f8-9a14-788a2228fc53.translationMethod','\"site\"'),('matrixBlockTypes.e666783f-6ce0-4274-a5d6-61b1112ca24e.fields.6a07e3c2-d002-41f8-9a14-788a2228fc53.type','\"craft\\\\fields\\\\Entries\"'),('matrixBlockTypes.e666783f-6ce0-4274-a5d6-61b1112ca24e.handle','\"featureList\"'),('matrixBlockTypes.e666783f-6ce0-4274-a5d6-61b1112ca24e.name','\"Feature List\"'),('matrixBlockTypes.e666783f-6ce0-4274-a5d6-61b1112ca24e.sortOrder','4'),('meta.__names__.0054f69b-9011-4d15-a0ff-c6ea48730185','\"Text Colour\"'),('meta.__names__.00b25e5a-0d0d-4632-b64e-f657c13c0d93','\"Central Text Section\"'),('meta.__names__.00dbaff8-ea86-4dde-9e97-8440100f38af','\"Portfolio\"'),('meta.__names__.034eb49b-1dd5-4879-af24-2a377e193e6b','\"Block Title\"'),('meta.__names__.052b58a2-700f-43f8-8451-a23fbed4816c','\"Customer Name\"'),('meta.__names__.0bd8f637-c7a7-4739-bf10-8ae337c1d9dd','\"Testimonial\"'),('meta.__names__.0bff018e-5871-462b-a2d0-404b19107f70','\"Feature Pages\"'),('meta.__names__.1097e697-d566-4b6c-9d4a-ad7f7bc7f659','\"Default\"'),('meta.__names__.1b2d764b-336f-4530-b688-b2220820ab84','\"Central Slideshow\"'),('meta.__names__.1bad43de-da32-4393-9b17-e8d12f6346f6','\"Customer Image\"'),('meta.__names__.1ee72fc5-a94f-41b6-90d1-e4688a60aef5','\"Home\"'),('meta.__names__.23f29628-c753-408f-8004-d909cf927f83','\"Images\"'),('meta.__names__.2a228bbd-71b6-4867-baf1-e4a7bcb17b2d','\"Home\"'),('meta.__names__.343ac0fe-b939-40b9-9fdc-dcd4900a6e22','\"$SITE_NAME\"'),('meta.__names__.35d54df4-4bf2-4070-8661-e0abbb64f186','\"Portfolio\"'),('meta.__names__.38ce72b8-1521-44a3-8839-679d0e0345ce','\"Background Image\"'),('meta.__names__.3a5b8da2-b957-469b-8d3e-e811cdd6763d','\"Site Logo\"'),('meta.__names__.45510379-3fcf-4283-a246-9069f9bc58bb','\"Page Components\"'),('meta.__names__.48b85d0b-31ca-465f-b4a8-4323237cc894','\"Slideshow\"'),('meta.__names__.4e1bed0c-f90c-4174-b37f-d7aa08e1f95e','\"Body Background Colour\"'),('meta.__names__.4fc16aef-2cf4-4d14-869c-d7550a7a4cec','\"Site Icon\"'),('meta.__names__.5d853b89-8e8f-499d-9549-37c71e4b95a0','\"Image Text Block\"'),('meta.__names__.6a07e3c2-d002-41f8-9a14-788a2228fc53','\"Feature\"'),('meta.__names__.6a7fb1e8-d9c7-412d-8ba7-b009a34bf534','\"Instagram Username\"'),('meta.__names__.6c3952b6-b5dd-43da-bfac-1526baeaa336','\"Image Position\"'),('meta.__names__.6e9b6c4a-54f8-4a7b-b66d-c13675c56095','\"Default\"'),('meta.__names__.6fa01cb4-23c8-44bd-a162-e0a80a7abc42','\"Text Colour\"'),('meta.__names__.709836f9-0e5e-40bc-97e6-08a369f3f3e8','\"Section Grid\"'),('meta.__names__.79a8dc44-6a63-4c33-8c43-97839331c8e4','\"Block Title\"'),('meta.__names__.7c2f32d9-d13a-417c-9068-f72819209db7','\"External Link Descriptor\"'),('meta.__names__.800c016b-2fa3-4b15-a888-4e0d4da70c32','\"Uploads\"'),('meta.__names__.801564a7-4e36-4e62-b7fb-57b457cad0fa','\"Main Site Group\"'),('meta.__names__.80930367-3591-4339-8e68-c95abe182c1c','\"Start Date\"'),('meta.__names__.815b36c0-971d-4ffc-80ec-b5bbae1a6cef','\"Sections\"'),('meta.__names__.859f76e9-421e-4a4c-9e1c-3aafbd4156d3','\"Pages\"'),('meta.__names__.8d89ac9c-2e6b-4488-8fd3-cc51785f41ce','\"External Link\"'),('meta.__names__.8ec02121-dce7-4c10-afef-2f16973f3e80','\"Feature Image\"'),('meta.__names__.8feb6fc3-d245-4a8d-bb00-ec9e1d05c12a','\"Instagram Grid\"'),('meta.__names__.97d20be1-a3a2-4b1c-a566-94ad2de96608','\"Default\"'),('meta.__names__.9a471311-aafe-434a-a62d-23339bbb0583','\"Side Image\"'),('meta.__names__.9bf2d9e5-1946-495a-ae14-b08f357a07ec','\"Colour\"'),('meta.__names__.9eab5502-84f6-4d82-9dbb-3cd0b2bcc15c','\"Finish Date\"'),('meta.__names__.a09ae5e6-c3ec-464a-b352-36cc6dcc779f','\"Images\"'),('meta.__names__.a855cc54-b3cf-4574-9f7d-2d7186d0c56a','\"Linked Page\"'),('meta.__names__.a9765927-ed93-4cbd-9565-b13833b6c7a4','\"Default\"'),('meta.__names__.abc15f34-2022-44f5-9b78-e043131f7a0e','\"Spacer\"'),('meta.__names__.ac77a0cf-929c-4d27-97c3-621aa1376963','\"Feature Pages\"'),('meta.__names__.ba3ca3ea-4af3-4670-a5a5-4634af27c536','\"Testimonial\"'),('meta.__names__.bcd15103-454c-4f79-a346-b9627704710c','\"Features\"'),('meta.__names__.bd7c8386-f859-40ab-8718-cff8f68cf847','\"Background Colour\"'),('meta.__names__.c0481e1b-d384-42e2-9ccf-270eca5da1a8','\"Lead Image\"'),('meta.__names__.c427cb38-182e-4ab8-a69d-731097bef2fd','\"Block Body\"'),('meta.__names__.c4e4c1ee-df7a-4017-8023-3cf2e2a62ee1','\"Features\"'),('meta.__names__.c5877c79-629e-4ea2-b30b-46f0b9d1df55','\"Background Image\"'),('meta.__names__.c9d3718a-3e2d-4287-bc14-1f08fb337928','\"Theme\"'),('meta.__names__.ca14a627-d094-4bb7-b16f-2af0e4fd5d73','\"Branding\"'),('meta.__names__.cbf3800a-f50c-4b4f-8b1c-30cfc66edb25','\"Pages\"'),('meta.__names__.cc1596c9-97c9-4ac5-80dd-873c5b8889c9','\"Feature Description\"'),('meta.__names__.d4a8396e-ade9-4f39-9efb-3e6dae7a1f3a','\"Portfolio Link\"'),('meta.__names__.d73d362e-39d4-4f37-94ab-4072abc295d8','\"Background Colour\"'),('meta.__names__.de0de983-eb37-4fb8-925f-30f92b42fd1d','\"Public Schema\"'),('meta.__names__.e3cbf09d-5a34-4839-8d0e-d4202ff195f3','\"Link Text\"'),('meta.__names__.e666783f-6ce0-4274-a5d6-61b1112ca24e','\"Feature List\"'),('meta.__names__.ef313fab-ef14-41aa-9dd4-bc0db95cb677','\"Light or Dark Controls\"'),('meta.__names__.ef79fad2-ae37-44a6-afb2-4109716c2a2c','\"Light or Dark Controls?\"'),('meta.__names__.f348fbaa-f1f3-4bf1-b645-381ea9a03139','\"Block Body\"'),('meta.__names__.f8064539-475a-4b14-b028-de8274084eed','\"Branding\"'),('meta.__names__.fd067bbd-c8de-4a78-9c25-edf59625daf9','\"Height\"'),('plugins.instagramfeed.edition','\"standard\"'),('plugins.instagramfeed.enabled','true'),('plugins.instagramfeed.schemaVersion','\"1.0.0\"'),('plugins.instagramfeed.settings.dump','false'),('plugins.instagramfeed.settings.instagramUser','\"$INSTAGRAM_USERNAME\"'),('plugins.instagramfeed.settings.proxyKey','\"ZbQIjDoI5D4aVLr1nbbY\"'),('plugins.instagramfeed.settings.subpath','\"instagram/\"'),('plugins.instagramfeed.settings.timeout','10'),('plugins.instagramfeed.settings.useGuzzle','true'),('plugins.instagramfeed.settings.useProxy','true'),('plugins.instagramfeed.settings.userAgent','\"Mozilla/5.0 (Macintosh; Intel Mac OS X 10_14_6) AppleWebKit/537.36 (KHTML, like Gecko) Chrome/77.0.3865.75 Safari/537.36\"'),('plugins.instagramfeed.settings.useVolume','\"1\"'),('plugins.instagramfeed.settings.volume','\"uploads\"'),('plugins.redactor.edition','\"standard\"'),('plugins.redactor.enabled','true'),('plugins.redactor.schemaVersion','\"2.3.0\"'),('sections.0bff018e-5871-462b-a2d0-404b19107f70.defaultPlacement','\"end\"'),('sections.0bff018e-5871-462b-a2d0-404b19107f70.enableVersioning','true'),('sections.0bff018e-5871-462b-a2d0-404b19107f70.handle','\"featurePages\"'),('sections.0bff018e-5871-462b-a2d0-404b19107f70.name','\"Feature Pages\"'),('sections.0bff018e-5871-462b-a2d0-404b19107f70.propagationMethod','\"all\"'),('sections.0bff018e-5871-462b-a2d0-404b19107f70.siteSettings.343ac0fe-b939-40b9-9fdc-dcd4900a6e22.enabledByDefault','true'),('sections.0bff018e-5871-462b-a2d0-404b19107f70.siteSettings.343ac0fe-b939-40b9-9fdc-dcd4900a6e22.hasUrls','false'),('sections.0bff018e-5871-462b-a2d0-404b19107f70.siteSettings.343ac0fe-b939-40b9-9fdc-dcd4900a6e22.template','null'),('sections.0bff018e-5871-462b-a2d0-404b19107f70.siteSettings.343ac0fe-b939-40b9-9fdc-dcd4900a6e22.uriFormat','null'),('sections.0bff018e-5871-462b-a2d0-404b19107f70.type','\"channel\"'),('sections.2a228bbd-71b6-4867-baf1-e4a7bcb17b2d.defaultPlacement','\"end\"'),('sections.2a228bbd-71b6-4867-baf1-e4a7bcb17b2d.enableVersioning','true'),('sections.2a228bbd-71b6-4867-baf1-e4a7bcb17b2d.handle','\"home\"'),('sections.2a228bbd-71b6-4867-baf1-e4a7bcb17b2d.name','\"Home\"'),('sections.2a228bbd-71b6-4867-baf1-e4a7bcb17b2d.propagationMethod','\"all\"'),('sections.2a228bbd-71b6-4867-baf1-e4a7bcb17b2d.siteSettings.343ac0fe-b939-40b9-9fdc-dcd4900a6e22.enabledByDefault','true'),('sections.2a228bbd-71b6-4867-baf1-e4a7bcb17b2d.siteSettings.343ac0fe-b939-40b9-9fdc-dcd4900a6e22.hasUrls','true'),('sections.2a228bbd-71b6-4867-baf1-e4a7bcb17b2d.siteSettings.343ac0fe-b939-40b9-9fdc-dcd4900a6e22.template','\"_landing/home\"'),('sections.2a228bbd-71b6-4867-baf1-e4a7bcb17b2d.siteSettings.343ac0fe-b939-40b9-9fdc-dcd4900a6e22.uriFormat','\"__home__\"'),('sections.2a228bbd-71b6-4867-baf1-e4a7bcb17b2d.type','\"single\"'),('sections.35d54df4-4bf2-4070-8661-e0abbb64f186.defaultPlacement','\"end\"'),('sections.35d54df4-4bf2-4070-8661-e0abbb64f186.enableVersioning','true'),('sections.35d54df4-4bf2-4070-8661-e0abbb64f186.handle','\"portfolio\"'),('sections.35d54df4-4bf2-4070-8661-e0abbb64f186.name','\"Portfolio\"'),('sections.35d54df4-4bf2-4070-8661-e0abbb64f186.previewTargets.0.__assoc__.0.0','\"label\"'),('sections.35d54df4-4bf2-4070-8661-e0abbb64f186.previewTargets.0.__assoc__.0.1','\"Primary entry page\"'),('sections.35d54df4-4bf2-4070-8661-e0abbb64f186.previewTargets.0.__assoc__.1.0','\"urlFormat\"'),('sections.35d54df4-4bf2-4070-8661-e0abbb64f186.previewTargets.0.__assoc__.1.1','\"{url}\"'),('sections.35d54df4-4bf2-4070-8661-e0abbb64f186.previewTargets.0.__assoc__.2.0','\"refresh\"'),('sections.35d54df4-4bf2-4070-8661-e0abbb64f186.previewTargets.0.__assoc__.2.1','\"1\"'),('sections.35d54df4-4bf2-4070-8661-e0abbb64f186.propagationMethod','\"all\"'),('sections.35d54df4-4bf2-4070-8661-e0abbb64f186.siteSettings.343ac0fe-b939-40b9-9fdc-dcd4900a6e22.enabledByDefault','true'),('sections.35d54df4-4bf2-4070-8661-e0abbb64f186.siteSettings.343ac0fe-b939-40b9-9fdc-dcd4900a6e22.hasUrls','true'),('sections.35d54df4-4bf2-4070-8661-e0abbb64f186.siteSettings.343ac0fe-b939-40b9-9fdc-dcd4900a6e22.template','\"portfolio/_entry\"'),('sections.35d54df4-4bf2-4070-8661-e0abbb64f186.siteSettings.343ac0fe-b939-40b9-9fdc-dcd4900a6e22.uriFormat','\"portfolio/{slug}\"'),('sections.35d54df4-4bf2-4070-8661-e0abbb64f186.structure.maxLevels','null'),('sections.35d54df4-4bf2-4070-8661-e0abbb64f186.structure.uid','\"f8e06427-ab66-46ff-8556-e13c6293562d\"'),('sections.35d54df4-4bf2-4070-8661-e0abbb64f186.type','\"structure\"'),('sections.bcd15103-454c-4f79-a346-b9627704710c.defaultPlacement','\"end\"'),('sections.bcd15103-454c-4f79-a346-b9627704710c.enableVersioning','true'),('sections.bcd15103-454c-4f79-a346-b9627704710c.handle','\"features\"'),('sections.bcd15103-454c-4f79-a346-b9627704710c.name','\"Features\"'),('sections.bcd15103-454c-4f79-a346-b9627704710c.propagationMethod','\"all\"'),('sections.bcd15103-454c-4f79-a346-b9627704710c.siteSettings.343ac0fe-b939-40b9-9fdc-dcd4900a6e22.enabledByDefault','true'),('sections.bcd15103-454c-4f79-a346-b9627704710c.siteSettings.343ac0fe-b939-40b9-9fdc-dcd4900a6e22.hasUrls','false'),('sections.bcd15103-454c-4f79-a346-b9627704710c.siteSettings.343ac0fe-b939-40b9-9fdc-dcd4900a6e22.template','null'),('sections.bcd15103-454c-4f79-a346-b9627704710c.siteSettings.343ac0fe-b939-40b9-9fdc-dcd4900a6e22.uriFormat','null'),('sections.bcd15103-454c-4f79-a346-b9627704710c.type','\"channel\"'),('sections.cbf3800a-f50c-4b4f-8b1c-30cfc66edb25.defaultPlacement','\"end\"'),('sections.cbf3800a-f50c-4b4f-8b1c-30cfc66edb25.enableVersioning','true'),('sections.cbf3800a-f50c-4b4f-8b1c-30cfc66edb25.handle','\"pages\"'),('sections.cbf3800a-f50c-4b4f-8b1c-30cfc66edb25.name','\"Pages\"'),('sections.cbf3800a-f50c-4b4f-8b1c-30cfc66edb25.propagationMethod','\"all\"'),('sections.cbf3800a-f50c-4b4f-8b1c-30cfc66edb25.siteSettings.343ac0fe-b939-40b9-9fdc-dcd4900a6e22.enabledByDefault','true'),('sections.cbf3800a-f50c-4b4f-8b1c-30cfc66edb25.siteSettings.343ac0fe-b939-40b9-9fdc-dcd4900a6e22.hasUrls','true'),('sections.cbf3800a-f50c-4b4f-8b1c-30cfc66edb25.siteSettings.343ac0fe-b939-40b9-9fdc-dcd4900a6e22.template','\"_landing/pages\"'),('sections.cbf3800a-f50c-4b4f-8b1c-30cfc66edb25.siteSettings.343ac0fe-b939-40b9-9fdc-dcd4900a6e22.uriFormat','\"{slug}\"'),('sections.cbf3800a-f50c-4b4f-8b1c-30cfc66edb25.structure.maxLevels','null'),('sections.cbf3800a-f50c-4b4f-8b1c-30cfc66edb25.structure.uid','\"85d51b1a-b768-4209-80ec-8d15c78c449c\"'),('sections.cbf3800a-f50c-4b4f-8b1c-30cfc66edb25.type','\"structure\"'),('siteGroups.801564a7-4e36-4e62-b7fb-57b457cad0fa.name','\"Main Site Group\"'),('sites.343ac0fe-b939-40b9-9fdc-dcd4900a6e22.baseUrl','\"$PRIMARY_SITE_URL\"'),('sites.343ac0fe-b939-40b9-9fdc-dcd4900a6e22.enabled','true'),('sites.343ac0fe-b939-40b9-9fdc-dcd4900a6e22.handle','\"default\"'),('sites.343ac0fe-b939-40b9-9fdc-dcd4900a6e22.hasUrls','true'),('sites.343ac0fe-b939-40b9-9fdc-dcd4900a6e22.language','\"en\"'),('sites.343ac0fe-b939-40b9-9fdc-dcd4900a6e22.name','\"$SITE_NAME\"'),('sites.343ac0fe-b939-40b9-9fdc-dcd4900a6e22.primary','true'),('sites.343ac0fe-b939-40b9-9fdc-dcd4900a6e22.siteGroup','\"801564a7-4e36-4e62-b7fb-57b457cad0fa\"'),('sites.343ac0fe-b939-40b9-9fdc-dcd4900a6e22.sortOrder','1'),('system.edition','\"pro\"'),('system.live','true'),('system.name','\"$SITE_NAME\"'),('system.retryDuration','null'),('system.schemaVersion','\"3.7.33\"'),('system.timeZone','\"America/Los_Angeles\"'),('users.allowPublicRegistration','false'),('users.defaultGroup','null'),('users.photoSubpath','null'),('users.photoVolumeUid','null'),('users.requireEmailVerification','true'),('volumes.800c016b-2fa3-4b15-a888-4e0d4da70c32.fieldLayouts.2f08780c-1036-4453-9013-97f30d358a59.tabs.0.elements.0.autocapitalize','true'),('volumes.800c016b-2fa3-4b15-a888-4e0d4da70c32.fieldLayouts.2f08780c-1036-4453-9013-97f30d358a59.tabs.0.elements.0.autocomplete','false'),('volumes.800c016b-2fa3-4b15-a888-4e0d4da70c32.fieldLayouts.2f08780c-1036-4453-9013-97f30d358a59.tabs.0.elements.0.autocorrect','true'),('volumes.800c016b-2fa3-4b15-a888-4e0d4da70c32.fieldLayouts.2f08780c-1036-4453-9013-97f30d358a59.tabs.0.elements.0.class','null'),('volumes.800c016b-2fa3-4b15-a888-4e0d4da70c32.fieldLayouts.2f08780c-1036-4453-9013-97f30d358a59.tabs.0.elements.0.disabled','false'),('volumes.800c016b-2fa3-4b15-a888-4e0d4da70c32.fieldLayouts.2f08780c-1036-4453-9013-97f30d358a59.tabs.0.elements.0.id','null'),('volumes.800c016b-2fa3-4b15-a888-4e0d4da70c32.fieldLayouts.2f08780c-1036-4453-9013-97f30d358a59.tabs.0.elements.0.instructions','null'),('volumes.800c016b-2fa3-4b15-a888-4e0d4da70c32.fieldLayouts.2f08780c-1036-4453-9013-97f30d358a59.tabs.0.elements.0.label','null'),('volumes.800c016b-2fa3-4b15-a888-4e0d4da70c32.fieldLayouts.2f08780c-1036-4453-9013-97f30d358a59.tabs.0.elements.0.max','null'),('volumes.800c016b-2fa3-4b15-a888-4e0d4da70c32.fieldLayouts.2f08780c-1036-4453-9013-97f30d358a59.tabs.0.elements.0.min','null'),('volumes.800c016b-2fa3-4b15-a888-4e0d4da70c32.fieldLayouts.2f08780c-1036-4453-9013-97f30d358a59.tabs.0.elements.0.name','null'),('volumes.800c016b-2fa3-4b15-a888-4e0d4da70c32.fieldLayouts.2f08780c-1036-4453-9013-97f30d358a59.tabs.0.elements.0.orientation','null'),('volumes.800c016b-2fa3-4b15-a888-4e0d4da70c32.fieldLayouts.2f08780c-1036-4453-9013-97f30d358a59.tabs.0.elements.0.placeholder','null'),('volumes.800c016b-2fa3-4b15-a888-4e0d4da70c32.fieldLayouts.2f08780c-1036-4453-9013-97f30d358a59.tabs.0.elements.0.readonly','false'),('volumes.800c016b-2fa3-4b15-a888-4e0d4da70c32.fieldLayouts.2f08780c-1036-4453-9013-97f30d358a59.tabs.0.elements.0.requirable','false'),('volumes.800c016b-2fa3-4b15-a888-4e0d4da70c32.fieldLayouts.2f08780c-1036-4453-9013-97f30d358a59.tabs.0.elements.0.size','null'),('volumes.800c016b-2fa3-4b15-a888-4e0d4da70c32.fieldLayouts.2f08780c-1036-4453-9013-97f30d358a59.tabs.0.elements.0.step','null'),('volumes.800c016b-2fa3-4b15-a888-4e0d4da70c32.fieldLayouts.2f08780c-1036-4453-9013-97f30d358a59.tabs.0.elements.0.tip','null'),('volumes.800c016b-2fa3-4b15-a888-4e0d4da70c32.fieldLayouts.2f08780c-1036-4453-9013-97f30d358a59.tabs.0.elements.0.title','null'),('volumes.800c016b-2fa3-4b15-a888-4e0d4da70c32.fieldLayouts.2f08780c-1036-4453-9013-97f30d358a59.tabs.0.elements.0.type','\"craft\\\\fieldlayoutelements\\\\AssetTitleField\"'),('volumes.800c016b-2fa3-4b15-a888-4e0d4da70c32.fieldLayouts.2f08780c-1036-4453-9013-97f30d358a59.tabs.0.elements.0.warning','null'),('volumes.800c016b-2fa3-4b15-a888-4e0d4da70c32.fieldLayouts.2f08780c-1036-4453-9013-97f30d358a59.tabs.0.elements.0.width','100'),('volumes.800c016b-2fa3-4b15-a888-4e0d4da70c32.fieldLayouts.2f08780c-1036-4453-9013-97f30d358a59.tabs.0.name','\"Content\"'),('volumes.800c016b-2fa3-4b15-a888-4e0d4da70c32.fieldLayouts.2f08780c-1036-4453-9013-97f30d358a59.tabs.0.sortOrder','1'),('volumes.800c016b-2fa3-4b15-a888-4e0d4da70c32.handle','\"uploads\"'),('volumes.800c016b-2fa3-4b15-a888-4e0d4da70c32.hasUrls','true'),('volumes.800c016b-2fa3-4b15-a888-4e0d4da70c32.name','\"Uploads\"'),('volumes.800c016b-2fa3-4b15-a888-4e0d4da70c32.settings.path','\"uploads/\"'),('volumes.800c016b-2fa3-4b15-a888-4e0d4da70c32.sortOrder','1'),('volumes.800c016b-2fa3-4b15-a888-4e0d4da70c32.titleTranslationKeyFormat','null'),('volumes.800c016b-2fa3-4b15-a888-4e0d4da70c32.titleTranslationMethod','\"site\"'),('volumes.800c016b-2fa3-4b15-a888-4e0d4da70c32.type','\"craft\\\\volumes\\\\Local\"'),('volumes.800c016b-2fa3-4b15-a888-4e0d4da70c32.url','\"/uploads\"');
/*!40000 ALTER TABLE `projectconfig` ENABLE KEYS */;
UNLOCK TABLES;

--
-- Table structure for table `queue`
--

DROP TABLE IF EXISTS `queue`;
/*!40101 SET @saved_cs_client     = @@character_set_client */;
/*!40101 SET character_set_client = utf8 */;
CREATE TABLE `queue` (
  `id` int(11) NOT NULL AUTO_INCREMENT,
  `channel` varchar(255) COLLATE utf8mb3_unicode_ci NOT NULL DEFAULT 'queue',
  `job` longblob NOT NULL,
  `description` text COLLATE utf8mb3_unicode_ci DEFAULT NULL,
  `timePushed` int(11) NOT NULL,
  `ttr` int(11) NOT NULL,
  `delay` int(11) NOT NULL DEFAULT 0,
  `priority` int(11) unsigned NOT NULL DEFAULT 1024,
  `dateReserved` datetime DEFAULT NULL,
  `timeUpdated` int(11) DEFAULT NULL,
  `progress` smallint(6) NOT NULL DEFAULT 0,
  `progressLabel` varchar(255) COLLATE utf8mb3_unicode_ci DEFAULT NULL,
  `attempt` int(11) DEFAULT NULL,
  `fail` tinyint(1) DEFAULT 0,
  `dateFailed` datetime DEFAULT NULL,
  `error` text COLLATE utf8mb3_unicode_ci DEFAULT NULL,
  PRIMARY KEY (`id`),
  KEY `idx_rfmeihxoausaymiyszpglhbtdfkypoosvwrx` (`channel`,`fail`,`timeUpdated`,`timePushed`),
  KEY `idx_cdcrwaqtdrnrsjwndscbqxsoszezhxqcscsm` (`channel`,`fail`,`timeUpdated`,`delay`)
) ENGINE=InnoDB AUTO_INCREMENT=1004 DEFAULT CHARSET=utf8mb3 COLLATE=utf8mb3_unicode_ci;
/*!40101 SET character_set_client = @saved_cs_client */;

--
-- Dumping data for table `queue`
--

LOCK TABLES `queue` WRITE;
/*!40000 ALTER TABLE `queue` DISABLE KEYS */;
/*!40000 ALTER TABLE `queue` ENABLE KEYS */;
UNLOCK TABLES;

--
-- Table structure for table `relations`
--

DROP TABLE IF EXISTS `relations`;
/*!40101 SET @saved_cs_client     = @@character_set_client */;
/*!40101 SET character_set_client = utf8 */;
CREATE TABLE `relations` (
  `id` int(11) NOT NULL AUTO_INCREMENT,
  `fieldId` int(11) NOT NULL,
  `sourceId` int(11) NOT NULL,
  `sourceSiteId` int(11) DEFAULT NULL,
  `targetId` int(11) NOT NULL,
  `sortOrder` smallint(6) unsigned DEFAULT NULL,
  `dateCreated` datetime NOT NULL,
  `dateUpdated` datetime NOT NULL,
  `uid` char(36) COLLATE utf8mb3_unicode_ci NOT NULL DEFAULT '0',
  PRIMARY KEY (`id`),
  UNIQUE KEY `idx_pmzolqxobgfuroxlnbijukphpzbzgoqxcyho` (`fieldId`,`sourceId`,`sourceSiteId`,`targetId`),
  KEY `idx_mjjbyxnkgkbokcqxefohnhpyhoqyalfrqaag` (`sourceId`),
  KEY `idx_snrglhupyjzdmpfpxgshinsfoyauwdegavaj` (`targetId`),
  KEY `idx_lkgbvihiidssjljodrnsjfobyprafycpenjf` (`sourceSiteId`),
  CONSTRAINT `fk_picswlddomhyjwbmnrvbpanmlsgqgycjsjqv` FOREIGN KEY (`fieldId`) REFERENCES `fields` (`id`) ON DELETE CASCADE,
  CONSTRAINT `fk_sybrgfqhituzdghiaoyrcjntpfscekwlvfsf` FOREIGN KEY (`targetId`) REFERENCES `elements` (`id`) ON DELETE CASCADE,
  CONSTRAINT `fk_xwjpzlfqljdqdirqhqflazjidoehwdiofnfb` FOREIGN KEY (`sourceSiteId`) REFERENCES `sites` (`id`) ON DELETE CASCADE ON UPDATE CASCADE,
  CONSTRAINT `fk_zuxsvcmbawwsjnizcidgmxcmxdxgfillmtcq` FOREIGN KEY (`sourceId`) REFERENCES `elements` (`id`) ON DELETE CASCADE
) ENGINE=InnoDB AUTO_INCREMENT=755 DEFAULT CHARSET=utf8mb3 COLLATE=utf8mb3_unicode_ci;
/*!40101 SET character_set_client = @saved_cs_client */;

--
-- Dumping data for table `relations`
--

LOCK TABLES `relations` WRITE;
/*!40000 ALTER TABLE `relations` DISABLE KEYS */;
INSERT INTO `relations` VALUES (6,5,42,NULL,39,1,'2022-02-20 13:07:43','2022-02-20 13:07:43','0d8034dd-f116-4aaa-ae91-9eefb95d65e1'),(7,10,44,NULL,5,1,'2022-02-20 13:09:18','2022-02-20 13:09:18','7979ea66-da29-4afc-8759-62abbbac5810'),(8,10,45,NULL,5,1,'2022-02-20 13:09:18','2022-02-20 13:09:18','d58a65eb-fa69-4db8-bb26-d2cb4e7c90f8'),(11,13,50,NULL,26,1,'2022-02-20 13:13:19','2022-02-20 13:13:19','dbfb6c91-effa-4071-bdcc-733b7c16dff1'),(12,13,50,NULL,25,2,'2022-02-20 13:13:19','2022-02-20 13:13:19','5af9ba5e-1f80-4faf-aa9a-a96c462b4f60'),(13,13,50,NULL,24,3,'2022-02-20 13:13:19','2022-02-20 13:13:19','6f13d7d6-a942-4991-9a29-a30b01e403c3'),(14,5,52,NULL,39,1,'2022-02-20 13:13:19','2022-02-20 13:13:19','9d3170c6-9519-47fe-9de2-3cf82ed2643b'),(15,9,53,NULL,44,1,'2022-02-20 13:13:19','2022-02-20 13:13:19','d8381aaf-8a24-4f50-b005-036545f23bf1'),(16,13,55,NULL,26,1,'2022-02-20 13:13:19','2022-02-20 13:13:19','402d215a-82ee-4dc4-9201-11ed490964e0'),(17,13,55,NULL,25,2,'2022-02-20 13:13:19','2022-02-20 13:13:19','3213797b-8d25-48d2-be5a-8e51094f1cbc'),(18,13,55,NULL,24,3,'2022-02-20 13:13:19','2022-02-20 13:13:19','2c892327-af8b-44aa-8bdc-dbbe7e98bdef'),(19,5,57,NULL,39,1,'2022-02-20 13:13:20','2022-02-20 13:13:20','99770626-89a3-4499-989c-e75cd23967cf'),(20,9,58,NULL,44,1,'2022-02-20 13:13:20','2022-02-20 13:13:20','a19078ca-4afe-4d1d-b7d2-8b856262e6dd'),(26,13,76,NULL,26,1,'2022-02-20 17:09:30','2022-02-20 17:09:30','f3b57d64-d813-43fd-b4f6-559e7f31c27d'),(27,13,76,NULL,25,2,'2022-02-20 17:09:30','2022-02-20 17:09:30','8d1e14a6-4d12-4ad4-b4e6-4dbec5e1762b'),(28,13,76,NULL,24,3,'2022-02-20 17:09:30','2022-02-20 17:09:30','0d2961e5-2cb3-4f35-9ddb-7cc829cef0d3'),(29,5,78,NULL,39,1,'2022-02-20 17:09:30','2022-02-20 17:09:30','f5099055-3ea1-44c5-b302-a088f37b8631'),(30,9,79,NULL,44,1,'2022-02-20 17:09:30','2022-02-20 17:09:30','144402b3-9484-47f3-b3d7-1f28e7247cb7'),(37,16,51,NULL,81,1,'2022-02-20 18:18:25','2022-02-20 18:18:25','a67faec9-db5e-4dff-a380-c9673c4cf097'),(38,13,89,NULL,26,1,'2022-02-20 18:18:25','2022-02-20 18:18:25','66ffc276-a799-4936-9f91-8a6e3fafae45'),(39,13,89,NULL,25,2,'2022-02-20 18:18:25','2022-02-20 18:18:25','daee4238-6ecc-4412-bdd0-d00af5828778'),(40,13,89,NULL,24,3,'2022-02-20 18:18:25','2022-02-20 18:18:25','5596080f-7d00-4ba9-a489-6df263987b2f'),(41,16,90,NULL,81,1,'2022-02-20 18:18:25','2022-02-20 18:18:25','15083f3c-1509-4ecb-8110-7b42d4a39c21'),(42,5,91,NULL,39,1,'2022-02-20 18:18:25','2022-02-20 18:18:25','21224704-6ed6-4224-8c73-e494164d351c'),(43,9,92,NULL,44,1,'2022-02-20 18:18:25','2022-02-20 18:18:25','de2ce2bf-a22e-43ac-b28d-0d6d27dee601'),(50,13,101,NULL,26,1,'2022-02-20 18:19:27','2022-02-20 18:19:27','aea0e752-d7c0-4e0f-b836-2d5b1d0888b7'),(51,13,101,NULL,25,2,'2022-02-20 18:19:27','2022-02-20 18:19:27','08c14c3f-7f80-4ab4-a166-34193e34df55'),(52,13,101,NULL,24,3,'2022-02-20 18:19:27','2022-02-20 18:19:27','220786e2-92db-47ab-be22-a05668e2e654'),(53,16,102,NULL,81,1,'2022-02-20 18:19:27','2022-02-20 18:19:27','989a817d-a763-48a3-a777-e57db63c5ab6'),(54,5,103,NULL,39,1,'2022-02-20 18:19:27','2022-02-20 18:19:27','f58dbd35-8ae3-4f57-b957-4f4a40595f56'),(55,9,104,NULL,44,1,'2022-02-20 18:19:27','2022-02-20 18:19:27','cee7bc3d-82b0-40c0-9efa-489874d70ef5'),(62,13,124,NULL,26,1,'2022-02-20 18:28:12','2022-02-20 18:28:12','a36bc8f8-9f30-41d2-a8a0-284e48ddbcb8'),(63,13,124,NULL,25,2,'2022-02-20 18:28:12','2022-02-20 18:28:12','4c4835b0-c7f4-4db2-8960-62fdd64e857c'),(64,13,124,NULL,24,3,'2022-02-20 18:28:12','2022-02-20 18:28:12','96a65e18-be08-403c-9d34-27f8d489c17a'),(65,16,126,NULL,81,1,'2022-02-20 18:28:12','2022-02-20 18:28:12','4ccadb6c-e9d2-4239-ac57-eeb09e26e3bc'),(66,5,128,NULL,39,1,'2022-02-20 18:28:12','2022-02-20 18:28:12','b56416bf-e584-470c-bd19-1e6488e687cd'),(67,9,129,NULL,44,1,'2022-02-20 18:28:12','2022-02-20 18:28:12','91fc8556-f070-4b2b-bdb2-131d476e4b5d'),(74,13,140,NULL,26,1,'2022-02-20 18:28:30','2022-02-20 18:28:30','cc10e55e-e732-4905-8acc-df1379d2ad7a'),(75,13,140,NULL,25,2,'2022-02-20 18:28:30','2022-02-20 18:28:30','03b47135-fdc2-4eea-bce3-f07ad2a5c48e'),(76,13,140,NULL,24,3,'2022-02-20 18:28:30','2022-02-20 18:28:30','e925d7dc-f712-4407-81e2-8ee9ce1388ee'),(77,16,142,NULL,81,1,'2022-02-20 18:28:30','2022-02-20 18:28:30','68e2b5e3-7b7a-4f78-ab3f-a4720ba86c6e'),(78,5,144,NULL,39,1,'2022-02-20 18:28:30','2022-02-20 18:28:30','32a08787-9083-4c51-a972-2784f5e6e17f'),(79,9,145,NULL,44,1,'2022-02-20 18:28:30','2022-02-20 18:28:30','55c8476e-d28f-44a8-8f01-aebe9ab505e8'),(91,11,44,NULL,167,1,'2022-02-20 19:10:16','2022-02-20 19:10:16','b8e2d039-625d-4444-aee0-091fd921cf12'),(92,11,169,NULL,167,1,'2022-02-20 19:10:16','2022-02-20 19:10:16','c0ef7867-7280-45be-bad0-8253739471e1'),(93,10,169,NULL,5,1,'2022-02-20 19:10:16','2022-02-20 19:10:16','01d7782c-c31a-4d67-8e22-d478d3a704de'),(94,10,170,NULL,20,1,'2022-02-20 19:10:48','2022-02-20 19:10:48','b1347b70-b6a1-4673-9aab-4fbe51bd0883'),(95,11,170,NULL,171,1,'2022-02-20 19:11:48','2022-02-20 19:11:48','b4c1b15e-bc02-4be7-ab24-2ba8e8fa2081'),(96,11,172,NULL,171,1,'2022-02-20 19:11:52','2022-02-20 19:11:52','66eae3f6-9521-4a23-9bab-a83292d6a800'),(97,10,172,NULL,20,1,'2022-02-20 19:11:52','2022-02-20 19:11:52','7eebfcb2-1d71-4229-94c7-c142b78968e4'),(99,5,52,NULL,147,2,'2022-02-20 19:15:27','2022-02-20 19:15:27','2b8405a5-e2d7-4502-b27e-466839467ec8'),(100,5,52,NULL,149,3,'2022-02-20 19:15:27','2022-02-20 19:15:27','2adf00d5-39d5-44c0-be83-ae1a98892c38'),(102,9,53,NULL,170,2,'2022-02-20 19:15:27','2022-02-20 19:15:27','619d0dd6-f322-475f-bc8a-6af3ca3271d5'),(103,13,174,NULL,26,1,'2022-02-20 19:15:28','2022-02-20 19:15:28','3101ca02-aacc-42ac-8434-e8e595c39604'),(104,13,174,NULL,25,2,'2022-02-20 19:15:28','2022-02-20 19:15:28','99273b29-df72-46a4-83e9-1b85a12d6d37'),(105,13,174,NULL,24,3,'2022-02-20 19:15:28','2022-02-20 19:15:28','6c574e9e-372b-47a9-be78-6231eb8c789f'),(106,16,176,NULL,81,1,'2022-02-20 19:15:28','2022-02-20 19:15:28','14013373-8cca-4450-8c1a-669e2638b797'),(107,5,178,NULL,39,1,'2022-02-20 19:15:28','2022-02-20 19:15:28','d8e61edc-5456-49a5-ac7a-3b8d8a249aea'),(108,5,178,NULL,147,2,'2022-02-20 19:15:28','2022-02-20 19:15:28','bca4062b-cdb0-4fe0-8ac8-4c8d187f9c75'),(109,5,178,NULL,149,3,'2022-02-20 19:15:28','2022-02-20 19:15:28','c896fda1-0d66-42b8-899d-a954f2efe1c0'),(110,5,178,NULL,151,4,'2022-02-20 19:15:28','2022-02-20 19:15:28','0d8a755c-6304-48a5-ab63-730b0d3db092'),(111,9,179,NULL,44,1,'2022-02-20 19:15:28','2022-02-20 19:15:28','2a5c4dab-154a-480c-8aa8-53b1cb90186c'),(112,9,179,NULL,170,2,'2022-02-20 19:15:28','2022-02-20 19:15:28','0b41f275-06e3-46d1-a0f7-12e3f936e765'),(114,6,39,NULL,181,1,'2022-02-20 20:59:50','2022-02-20 20:59:50','20367583-6e88-4d1d-8b02-12dc870e7a0b'),(115,6,183,NULL,181,1,'2022-02-20 20:59:51','2022-02-20 20:59:51','1173787a-8d38-43be-8f93-b02c7fa7f9ac'),(117,6,151,NULL,184,1,'2022-02-20 21:00:09','2022-02-20 21:00:09','e849713a-c3c5-4741-b18e-28f5239eabfa'),(118,6,186,NULL,184,1,'2022-02-20 21:00:09','2022-02-20 21:00:09','9ccd9983-1533-4b4d-a289-33d5c0a5eea8'),(121,6,149,NULL,189,1,'2022-02-20 21:00:48','2022-02-20 21:00:48','e3fb8af8-f2fa-4c5f-a01c-a677e33f0187'),(122,6,190,NULL,189,1,'2022-02-20 21:00:48','2022-02-20 21:00:48','33f8b0a5-45c0-4cef-8df7-3434d0b920b7'),(124,6,147,NULL,191,1,'2022-02-20 21:01:07','2022-02-20 21:01:07','afde8dae-6c2b-4766-87b6-0775cf7d4318'),(125,6,193,NULL,191,1,'2022-02-20 21:01:07','2022-02-20 21:01:07','7d8b981d-f4f8-499c-9aab-f88ad3b9b810'),(136,13,203,NULL,26,1,'2022-02-20 21:40:42','2022-02-20 21:40:42','f3ef7ca4-75b1-47a5-97ee-0cb973f76759'),(137,13,203,NULL,25,2,'2022-02-20 21:40:42','2022-02-20 21:40:42','1f748692-5d06-4a96-960e-ec6ee74136f8'),(138,13,203,NULL,24,3,'2022-02-20 21:40:42','2022-02-20 21:40:42','12c1fedc-50b2-4927-9f74-5085c1aabb7a'),(139,16,205,NULL,81,1,'2022-02-20 21:40:42','2022-02-20 21:40:42','2721c53c-0bc2-4842-a350-056fb6f38125'),(140,5,207,NULL,39,1,'2022-02-20 21:40:42','2022-02-20 21:40:42','53959df9-d857-41d3-9f39-d174ca7106ac'),(141,5,207,NULL,147,2,'2022-02-20 21:40:42','2022-02-20 21:40:42','9ccc6dc6-c11c-447b-bae4-22faf996d5e0'),(142,5,207,NULL,149,3,'2022-02-20 21:40:42','2022-02-20 21:40:42','3c2c9487-520d-43c4-82c6-56d459d0790a'),(143,5,207,NULL,151,4,'2022-02-20 21:40:42','2022-02-20 21:40:42','75bf59bf-7bec-494b-a3ec-b7a23e75e74f'),(144,9,208,NULL,44,1,'2022-02-20 21:40:42','2022-02-20 21:40:42','3d03e112-5cab-4309-bbd0-6b631c374ec5'),(145,9,208,NULL,170,2,'2022-02-20 21:40:42','2022-02-20 21:40:42','48a6bca9-9982-4f0e-8a8d-2545d015b7b6'),(149,16,243,NULL,81,1,'2022-02-20 21:43:49','2022-02-20 21:43:49','6f6194d3-754d-4b23-9e78-f48cf6a8ac04'),(150,5,245,NULL,39,1,'2022-02-20 21:43:49','2022-02-20 21:43:49','a63eee78-b417-413e-bae6-4e98d6806471'),(151,5,245,NULL,147,2,'2022-02-20 21:43:49','2022-02-20 21:43:49','dbbc4002-2e26-40d0-8b29-a181af4d4b09'),(152,5,245,NULL,149,3,'2022-02-20 21:43:49','2022-02-20 21:43:49','fdb15984-8855-44f9-8cbd-4909e865c4ca'),(153,5,245,NULL,151,4,'2022-02-20 21:43:49','2022-02-20 21:43:49','860fe32d-596e-44d4-a1cd-b907c1608758'),(154,9,246,NULL,44,1,'2022-02-20 21:43:49','2022-02-20 21:43:49','7d12eed9-56c9-4d99-8423-ca8addc9a9f0'),(155,9,246,NULL,170,2,'2022-02-20 21:43:49','2022-02-20 21:43:49','a5b9a4e5-2aec-415f-a997-a4042f099125'),(166,13,257,NULL,26,1,'2022-02-20 21:46:48','2022-02-20 21:46:48','4786b244-39a4-4f2c-94e5-3ef7f2f9e3e0'),(167,13,257,NULL,25,2,'2022-02-20 21:46:48','2022-02-20 21:46:48','0bf48eb2-7bb1-4263-833c-8105bedd7818'),(168,13,257,NULL,24,3,'2022-02-20 21:46:48','2022-02-20 21:46:48','98c99092-9927-44ad-b8ca-38abafd3ffc0'),(169,5,258,NULL,39,1,'2022-02-20 21:46:48','2022-02-20 21:46:48','45474208-e32c-4f4b-a8bb-c549cfe63566'),(170,5,258,NULL,147,2,'2022-02-20 21:46:48','2022-02-20 21:46:48','97ae437a-264c-442e-a821-7c1e1c50dda6'),(171,5,258,NULL,149,3,'2022-02-20 21:46:48','2022-02-20 21:46:48','e866e2f4-cf9a-4214-848f-85d51d062718'),(172,5,258,NULL,151,4,'2022-02-20 21:46:48','2022-02-20 21:46:48','cd1c12d9-b441-423d-9fc4-bae54704fc76'),(173,16,260,NULL,81,1,'2022-02-20 21:46:48','2022-02-20 21:46:48','9fafa7b0-94cc-4c96-bbad-c34bebaf87d5'),(174,9,262,NULL,44,1,'2022-02-20 21:46:48','2022-02-20 21:46:48','321d5e4e-7156-488f-81e2-e889f5e7a79f'),(175,9,262,NULL,170,2,'2022-02-20 21:46:48','2022-02-20 21:46:48','e8868565-a3fc-4053-8da5-7a0048452b2d'),(176,11,265,NULL,264,1,'2022-02-20 21:51:09','2022-02-20 21:51:09','4b1c3333-1d04-4bb1-b791-be26af08513c'),(177,10,265,NULL,22,1,'2022-02-20 21:51:09','2022-02-20 21:51:09','9dd9a594-390e-4fbe-acdb-7765f6d16106'),(178,11,266,NULL,264,1,'2022-02-20 21:51:09','2022-02-20 21:51:09','5a4d1cd5-6ec8-441f-bd88-eb0a18d6bdc3'),(179,10,266,NULL,22,1,'2022-02-20 21:51:09','2022-02-20 21:51:09','03abf28c-78e3-4c4c-b3be-dcaf792e4b66'),(191,9,53,NULL,265,3,'2022-02-20 21:51:30','2022-02-20 21:51:30','77b4a002-1fd0-4e8a-a55f-7ed86c3e06ff'),(192,13,276,NULL,26,1,'2022-02-20 21:51:30','2022-02-20 21:51:30','80eb156f-2f99-4148-bf2e-b16638d03e27'),(193,13,276,NULL,25,2,'2022-02-20 21:51:30','2022-02-20 21:51:30','53267d89-e0c0-44b2-9c67-72b5940772f0'),(194,13,276,NULL,24,3,'2022-02-20 21:51:30','2022-02-20 21:51:30','85a09ccd-74f2-4e44-afe6-7c1cb5a65418'),(195,5,277,NULL,39,1,'2022-02-20 21:51:30','2022-02-20 21:51:30','52f360cf-0d1b-4be0-8ef3-a01a3ef47b18'),(196,5,277,NULL,147,2,'2022-02-20 21:51:30','2022-02-20 21:51:30','4ca67ae6-7210-4b1b-bde8-6a52638b57e1'),(197,5,277,NULL,149,3,'2022-02-20 21:51:30','2022-02-20 21:51:30','56e598d5-f624-403b-bb90-dd545b7081e3'),(198,5,277,NULL,151,4,'2022-02-20 21:51:30','2022-02-20 21:51:30','eb49f107-ca0a-4918-a8f4-bf90eb4875bb'),(199,16,279,NULL,81,1,'2022-02-20 21:51:30','2022-02-20 21:51:30','700fdff9-6e5b-44b6-bcbc-7aab3a4a48db'),(200,9,281,NULL,44,1,'2022-02-20 21:51:30','2022-02-20 21:51:30','7d0d959b-dddd-49e0-9c27-d2c37c484eda'),(201,9,281,NULL,170,2,'2022-02-20 21:51:30','2022-02-20 21:51:30','630c4454-abe4-427a-acb9-d35224ac13b1'),(202,9,281,NULL,265,3,'2022-02-20 21:51:30','2022-02-20 21:51:30','f4ff73ba-e3ac-4687-94fb-fee41e2bde9c'),(214,13,292,NULL,26,1,'2022-02-21 21:39:58','2022-02-21 21:39:58','0e5775ff-17d1-4391-9a7a-8a235d240182'),(215,13,292,NULL,25,2,'2022-02-21 21:39:58','2022-02-21 21:39:58','02276706-188b-4d71-a32d-bb274faf9bc0'),(216,13,292,NULL,24,3,'2022-02-21 21:39:58','2022-02-21 21:39:58','d58af803-cf29-4804-87f6-4f7388e7147b'),(217,5,293,NULL,39,1,'2022-02-21 21:39:58','2022-02-21 21:39:58','6eb78f9b-a8b0-4c47-b356-2297a0d079b6'),(218,5,293,NULL,147,2,'2022-02-21 21:39:58','2022-02-21 21:39:58','37819a99-b73f-4ea5-b62a-52184e115303'),(219,5,293,NULL,149,3,'2022-02-21 21:39:58','2022-02-21 21:39:58','3bf88059-6f87-4b3e-bab7-850c0b3906b3'),(220,16,295,NULL,81,1,'2022-02-21 21:39:58','2022-02-21 21:39:58','0c182bac-f9ba-4044-9473-a96970705609'),(221,9,297,NULL,44,1,'2022-02-21 21:39:58','2022-02-21 21:39:58','f6ad0be8-9c40-4bb1-b187-7c5105d3c43e'),(222,9,297,NULL,170,2,'2022-02-21 21:39:58','2022-02-21 21:39:58','20d53029-93b2-4fc8-973a-a1465ddca5cc'),(223,9,297,NULL,265,3,'2022-02-21 21:39:58','2022-02-21 21:39:58','d8eaf5e5-8eda-44b3-9d0b-fa038bc962e4'),(234,13,338,NULL,26,1,'2022-02-21 21:48:44','2022-02-21 21:48:44','115ea91c-b2a5-4d22-b85c-c29971c1f328'),(235,13,338,NULL,25,2,'2022-02-21 21:48:44','2022-02-21 21:48:44','40855faf-e9c2-4645-80d6-a21a961a190e'),(236,13,338,NULL,24,3,'2022-02-21 21:48:44','2022-02-21 21:48:44','54e113e6-e977-455e-869a-c8c5581ad425'),(237,5,339,NULL,39,1,'2022-02-21 21:48:44','2022-02-21 21:48:44','c119ab42-e8af-41fd-9e52-3253b02346e0'),(238,5,339,NULL,147,2,'2022-02-21 21:48:44','2022-02-21 21:48:44','af4efaf5-c870-4b24-92f2-352c9b1a6537'),(239,5,339,NULL,149,3,'2022-02-21 21:48:44','2022-02-21 21:48:44','8d8ed228-ed7e-4863-8f86-d21a4900b7e8'),(240,16,341,NULL,81,1,'2022-02-21 21:48:44','2022-02-21 21:48:44','71be9137-5f3b-4207-afad-ef4a38760a88'),(241,9,342,NULL,44,1,'2022-02-21 21:48:44','2022-02-21 21:48:44','cdac3ec3-6102-4023-92ab-0bf793d48af9'),(242,9,342,NULL,170,2,'2022-02-21 21:48:44','2022-02-21 21:48:44','2a0c290c-f9c0-4d65-8cc9-47113e940107'),(243,9,342,NULL,265,3,'2022-02-21 21:48:44','2022-02-21 21:48:44','7c813e93-b977-45cc-a3ff-20a07df82b53'),(254,13,364,NULL,26,1,'2022-02-21 22:05:54','2022-02-21 22:05:54','8b58e8bd-7e1d-491a-b636-9b82780adda7'),(255,13,364,NULL,25,2,'2022-02-21 22:05:54','2022-02-21 22:05:54','06d8ae28-2fc2-4eee-a20f-8a98b8a32b28'),(256,13,364,NULL,24,3,'2022-02-21 22:05:54','2022-02-21 22:05:54','588ca81f-001a-4fad-b1c2-ae3c59092df8'),(257,5,365,NULL,39,1,'2022-02-21 22:05:54','2022-02-21 22:05:54','8ba48aa0-6194-4a1b-a1ba-6d17d53bedb8'),(258,5,365,NULL,147,2,'2022-02-21 22:05:54','2022-02-21 22:05:54','8c93e38d-b841-4da8-b868-3e86b4caf2ad'),(259,5,365,NULL,149,3,'2022-02-21 22:05:54','2022-02-21 22:05:54','72cd3851-381a-4732-9c70-d93ab4da35b7'),(260,16,367,NULL,81,1,'2022-02-21 22:05:54','2022-02-21 22:05:54','4715dd9d-1fc2-4c0f-9b8d-da78d23f7720'),(261,9,368,NULL,44,1,'2022-02-21 22:05:54','2022-02-21 22:05:54','b1cc9d15-0c11-4488-b360-33796027d77a'),(262,9,368,NULL,170,2,'2022-02-21 22:05:54','2022-02-21 22:05:54','6d841e83-9289-4b8b-a7b0-69fec0cf1fd7'),(263,9,368,NULL,265,3,'2022-02-21 22:05:54','2022-02-21 22:05:54','9d3995dc-a3e5-40d6-805b-6aaa1af12255'),(274,13,380,NULL,26,1,'2022-02-21 22:11:47','2022-02-21 22:11:47','0f0343f1-efc8-4cfb-9b93-703553d840cc'),(275,13,380,NULL,25,2,'2022-02-21 22:11:47','2022-02-21 22:11:47','5933b4f9-226a-453c-af3a-f2d6788224ef'),(276,13,380,NULL,24,3,'2022-02-21 22:11:47','2022-02-21 22:11:47','bf884725-0b6e-4895-99ba-5c31d4c4b9a2'),(277,5,381,NULL,39,1,'2022-02-21 22:11:47','2022-02-21 22:11:47','da2412f9-b7f8-4b27-80c9-750212044eb4'),(278,5,381,NULL,147,2,'2022-02-21 22:11:47','2022-02-21 22:11:47','d485d214-3b31-489d-a313-272088cae941'),(279,5,381,NULL,149,3,'2022-02-21 22:11:47','2022-02-21 22:11:47','e4852eed-dc08-4300-97c0-bd7025b5fa17'),(280,16,383,NULL,81,1,'2022-02-21 22:11:47','2022-02-21 22:11:47','b0c3cca7-deb4-43c0-82a2-3eaf488565e7'),(281,9,384,NULL,44,1,'2022-02-21 22:11:47','2022-02-21 22:11:47','11b9710a-d388-428b-9e01-a50666350783'),(282,9,384,NULL,170,2,'2022-02-21 22:11:47','2022-02-21 22:11:47','c9eea723-61c1-4acf-b9d4-891aaa5db937'),(283,9,384,NULL,265,3,'2022-02-21 22:11:47','2022-02-21 22:11:47','681238dd-f793-4b27-8a83-851c1816872a'),(295,26,362,NULL,395,1,'2022-02-21 22:14:00','2022-02-21 22:14:00','8c35780a-f902-4174-bc63-1ad38d609d16'),(296,13,397,NULL,26,1,'2022-02-21 22:14:00','2022-02-21 22:14:00','3c4de713-6040-493b-9762-97da9083ae26'),(297,13,397,NULL,25,2,'2022-02-21 22:14:00','2022-02-21 22:14:00','54318314-ea88-4c73-8a3a-0bf4887eb594'),(298,13,397,NULL,24,3,'2022-02-21 22:14:00','2022-02-21 22:14:00','cb8d3126-c7a3-4f42-9f00-bf5c969f5316'),(299,5,398,NULL,39,1,'2022-02-21 22:14:00','2022-02-21 22:14:00','b13b7b81-0718-47d3-bf51-42a4a396d67b'),(300,5,398,NULL,147,2,'2022-02-21 22:14:00','2022-02-21 22:14:00','8c27d2f3-c710-4798-aa4f-dbed505364f2'),(301,5,398,NULL,149,3,'2022-02-21 22:14:00','2022-02-21 22:14:00','c2ceaa13-7eb7-45e5-a594-370064ee3525'),(302,16,400,NULL,81,1,'2022-02-21 22:14:00','2022-02-21 22:14:00','0d7730cb-cc62-45c9-adb8-4750bdb837eb'),(303,9,401,NULL,44,1,'2022-02-21 22:14:00','2022-02-21 22:14:00','878f809a-18b6-4112-8a8c-e454b0c71477'),(304,9,401,NULL,170,2,'2022-02-21 22:14:00','2022-02-21 22:14:00','6d9fe787-d174-4d73-8b9b-460374a4c6c9'),(305,9,401,NULL,265,3,'2022-02-21 22:14:00','2022-02-21 22:14:00','484fe180-f101-4ccc-b9df-8c854d72c0a3'),(306,26,402,NULL,395,1,'2022-02-21 22:14:00','2022-02-21 22:14:00','9d4a6b9f-48dc-419f-bbbe-bd5da2b33f41'),(307,34,405,NULL,406,1,'2022-02-26 11:25:57','2022-02-26 11:25:57','1f535e20-04de-4822-b1d8-3ebe7a80e4dd'),(308,34,407,NULL,406,1,'2022-02-26 11:28:32','2022-02-26 11:28:32','d9b59458-7299-4e89-bb86-1068fb2e91ed'),(320,13,418,NULL,26,1,'2022-02-26 11:41:46','2022-02-26 11:41:46','a8904239-aa43-44aa-8382-86b0909847e2'),(321,13,418,NULL,25,2,'2022-02-26 11:41:46','2022-02-26 11:41:46','2e19acff-f45a-42b4-8f64-c387306b4e1c'),(322,13,418,NULL,24,3,'2022-02-26 11:41:46','2022-02-26 11:41:46','41f555c3-eecf-4ed5-8b26-6291137b1459'),(323,5,419,NULL,39,1,'2022-02-26 11:41:46','2022-02-26 11:41:46','b043dd58-e287-4c08-b9c4-c94cfe09704d'),(324,5,419,NULL,147,2,'2022-02-26 11:41:46','2022-02-26 11:41:46','1e59a973-5ab7-486b-b063-d1f320373be0'),(325,5,419,NULL,149,3,'2022-02-26 11:41:46','2022-02-26 11:41:46','da2182fc-5aad-47ed-852b-16850e312594'),(326,16,421,NULL,81,1,'2022-02-26 11:41:46','2022-02-26 11:41:46','b06256f9-8972-459a-b1b0-b0a8458c30ec'),(327,9,422,NULL,44,1,'2022-02-26 11:41:46','2022-02-26 11:41:46','30ec567f-5e49-41af-9940-c117e8ac9831'),(328,9,422,NULL,170,2,'2022-02-26 11:41:46','2022-02-26 11:41:46','3d2d57b1-854f-449a-9f1e-b5478a9881e8'),(329,9,422,NULL,265,3,'2022-02-26 11:41:46','2022-02-26 11:41:46','c0593ef8-294e-4bfb-9960-e198187df3f1'),(330,26,423,NULL,395,1,'2022-02-26 11:41:46','2022-02-26 11:41:46','d16a63e9-2429-4113-b8c6-098973c35c7e'),(345,40,443,NULL,441,1,'2022-02-26 11:56:20','2022-02-26 11:56:20','b33dfee0-cbcb-493a-810b-ce6402718eb0'),(346,40,443,NULL,440,2,'2022-02-26 11:56:20','2022-02-26 11:56:20','cbd3aed7-30d6-45be-9651-45d21ad18617'),(347,40,443,NULL,439,3,'2022-02-26 11:56:20','2022-02-26 11:56:20','3e0030f1-b592-4a5f-9211-21858f57d92d'),(348,13,445,NULL,26,1,'2022-02-26 11:56:24','2022-02-26 11:56:24','ebb02011-ad10-4b49-8b00-5a5608b8f587'),(349,13,445,NULL,25,2,'2022-02-26 11:56:24','2022-02-26 11:56:24','045b4ac6-20fe-4df4-8fcf-d6097cd98865'),(350,13,445,NULL,24,3,'2022-02-26 11:56:24','2022-02-26 11:56:24','32f3afa4-d407-438e-a0dc-180cd0562148'),(351,40,446,NULL,441,1,'2022-02-26 11:56:24','2022-02-26 11:56:24','e2f5b572-e7c2-4422-87ed-57c54858c6de'),(352,40,446,NULL,440,2,'2022-02-26 11:56:24','2022-02-26 11:56:24','9f2319be-5cc4-4822-9497-e233a66c3876'),(353,40,446,NULL,439,3,'2022-02-26 11:56:24','2022-02-26 11:56:24','22185401-9cf8-49cc-960e-6c81a75fa70a'),(354,5,447,NULL,39,1,'2022-02-26 11:56:24','2022-02-26 11:56:24','9510c073-8ccd-4247-b408-554433996e8d'),(355,5,447,NULL,147,2,'2022-02-26 11:56:24','2022-02-26 11:56:24','206064d6-5e1a-4996-9f01-6857641eac94'),(356,5,447,NULL,149,3,'2022-02-26 11:56:24','2022-02-26 11:56:24','1ed7026a-68a1-4dc2-aacc-a1f1f89ce63a'),(357,16,449,NULL,81,1,'2022-02-26 11:56:24','2022-02-26 11:56:24','55924031-b416-41f4-b804-4ac8770b0408'),(358,9,450,NULL,44,1,'2022-02-26 11:56:24','2022-02-26 11:56:24','315be55e-bc38-479d-a5c5-6d52508fbd1d'),(359,9,450,NULL,170,2,'2022-02-26 11:56:24','2022-02-26 11:56:24','ceabd91a-64a4-45bf-829b-e86d005d0428'),(360,9,450,NULL,265,3,'2022-02-26 11:56:24','2022-02-26 11:56:24','4e69e0fb-8d26-4f59-9023-fae74b75533e'),(361,26,451,NULL,395,1,'2022-02-26 11:56:24','2022-02-26 11:56:24','24a8fafa-9159-4454-8086-ce0316242c16'),(376,13,463,NULL,26,1,'2022-02-26 12:24:48','2022-02-26 12:24:48','c628bd7e-8022-4892-b612-7a9a113ad754'),(377,13,463,NULL,25,2,'2022-02-26 12:24:48','2022-02-26 12:24:48','2af579dc-21b0-4443-92e8-5367003a49e7'),(378,13,463,NULL,24,3,'2022-02-26 12:24:48','2022-02-26 12:24:48','80c7cf41-6653-4730-a105-8bae248598e6'),(379,40,464,NULL,441,1,'2022-02-26 12:24:48','2022-02-26 12:24:48','8e762ae3-3e0c-4c92-aa9f-e19e78a575ac'),(380,40,464,NULL,440,2,'2022-02-26 12:24:48','2022-02-26 12:24:48','f262f4a1-4c84-4acd-9e6c-12b799de47af'),(381,40,464,NULL,439,3,'2022-02-26 12:24:48','2022-02-26 12:24:48','64ad1b4c-2126-4e31-8ea5-ed0353c1af74'),(382,5,465,NULL,39,1,'2022-02-26 12:24:48','2022-02-26 12:24:48','458c154c-ef40-4852-b233-491dad37bf9f'),(383,5,465,NULL,147,2,'2022-02-26 12:24:48','2022-02-26 12:24:48','fcdd56f6-6484-4c7d-8fb5-81c69f4da788'),(384,5,465,NULL,149,3,'2022-02-26 12:24:48','2022-02-26 12:24:48','f5e26eb0-37f4-485b-8008-f7e2d2440dfd'),(385,16,467,NULL,81,1,'2022-02-26 12:24:48','2022-02-26 12:24:48','5d024e5f-569a-41f5-916d-9d35df3c605a'),(386,9,468,NULL,44,1,'2022-02-26 12:24:48','2022-02-26 12:24:48','9375b3c4-5031-4cc8-9e6a-00e253523303'),(387,9,468,NULL,170,2,'2022-02-26 12:24:48','2022-02-26 12:24:48','867d864f-58ab-42f8-9c4d-373b4e404078'),(388,9,468,NULL,265,3,'2022-02-26 12:24:48','2022-02-26 12:24:48','7b325891-98f9-409c-a1d8-6bde7b9583ce'),(389,26,469,NULL,395,1,'2022-02-26 12:24:48','2022-02-26 12:24:48','d54524dc-1318-4d1d-a438-377f0c79ace4'),(390,11,472,NULL,471,1,'2022-02-26 12:47:10','2022-02-26 12:47:10','86e3d047-21e5-42dc-b0b2-8784c47b65d9'),(391,10,472,NULL,404,1,'2022-02-26 12:47:10','2022-02-26 12:47:10','4de4182b-6ded-4c86-9f0a-22994d505a4f'),(392,11,473,NULL,471,1,'2022-02-26 12:47:10','2022-02-26 12:47:10','40a2d1ac-a0a8-4fcb-8372-c39befe9ae65'),(393,10,473,NULL,404,1,'2022-02-26 12:47:10','2022-02-26 12:47:10','0c8fa205-46ac-4c10-bdd5-f9b610e00b34'),(409,9,53,NULL,472,4,'2022-02-26 12:47:15','2022-02-26 12:47:15','5e27043e-1726-4fbb-a804-11e726f50df1'),(410,13,484,NULL,26,1,'2022-02-26 12:47:16','2022-02-26 12:47:16','c67ef27a-8720-4ee5-ac1c-dce76d16f851'),(411,13,484,NULL,25,2,'2022-02-26 12:47:16','2022-02-26 12:47:16','b2d5734d-6e1c-49d5-9832-3f2f940cfa55'),(412,13,484,NULL,24,3,'2022-02-26 12:47:16','2022-02-26 12:47:16','ce9915e2-3b42-4042-bfc6-111f87f8f4a9'),(413,40,485,NULL,441,1,'2022-02-26 12:47:16','2022-02-26 12:47:16','e27e5829-2154-4c01-bf2c-c273951352ff'),(414,40,485,NULL,440,2,'2022-02-26 12:47:16','2022-02-26 12:47:16','4ea3d60e-c0b6-4ea8-bb07-b7676e9c6a22'),(415,40,485,NULL,439,3,'2022-02-26 12:47:16','2022-02-26 12:47:16','22dfb7ae-647f-4a3f-bce0-248f01a06802'),(416,5,486,NULL,39,1,'2022-02-26 12:47:16','2022-02-26 12:47:16','5a5597c0-25d7-4d9b-822f-e42fa378c5a0'),(417,5,486,NULL,147,2,'2022-02-26 12:47:16','2022-02-26 12:47:16','aa4986a5-39d8-49cd-a2a5-a7daf434453a'),(418,5,486,NULL,149,3,'2022-02-26 12:47:16','2022-02-26 12:47:16','91c04f7d-96ec-405f-a055-4c57c6af9ca9'),(419,16,488,NULL,81,1,'2022-02-26 12:47:16','2022-02-26 12:47:16','6867377f-6f23-48fc-b53e-df2daa72e0a2'),(420,9,489,NULL,44,1,'2022-02-26 12:47:16','2022-02-26 12:47:16','6d457f5d-3c2a-440f-b304-afda2a728e0f'),(421,9,489,NULL,170,2,'2022-02-26 12:47:16','2022-02-26 12:47:16','b156500b-d1e1-490a-8ec0-34aabc880918'),(422,9,489,NULL,265,3,'2022-02-26 12:47:16','2022-02-26 12:47:16','c8d89150-0c37-4089-9be9-7f11dba8ba58'),(423,9,489,NULL,472,4,'2022-02-26 12:47:16','2022-02-26 12:47:16','27527b3c-8fc0-410f-bcc1-b4ff23296c93'),(424,26,490,NULL,395,1,'2022-02-26 12:47:16','2022-02-26 12:47:16','fa0be082-74fc-4da1-8d43-3a0ca3beb55d'),(440,13,502,NULL,26,1,'2022-02-26 12:48:58','2022-02-26 12:48:58','1439177a-fe8c-4931-9ce0-dd7cfa3e9ce1'),(441,13,502,NULL,25,2,'2022-02-26 12:48:58','2022-02-26 12:48:58','c62b0eef-1479-4dd3-8f5f-3b1cd6958e4a'),(442,13,502,NULL,24,3,'2022-02-26 12:48:58','2022-02-26 12:48:58','ad7250c9-65d5-4fdf-9a99-a577fecd982f'),(443,9,503,NULL,44,1,'2022-02-26 12:48:58','2022-02-26 12:48:58','81f59469-f98a-458f-b765-7da23624aad8'),(444,9,503,NULL,170,2,'2022-02-26 12:48:58','2022-02-26 12:48:58','850ab5ab-6290-41a9-b981-c5f22142a295'),(445,9,503,NULL,265,3,'2022-02-26 12:48:58','2022-02-26 12:48:58','ea88d862-870d-4c63-9fec-461cf1209b2d'),(446,9,503,NULL,472,4,'2022-02-26 12:48:58','2022-02-26 12:48:58','4408b6a6-5837-489a-b3fa-f4f3dfbc2df7'),(447,5,504,NULL,39,1,'2022-02-26 12:48:58','2022-02-26 12:48:58','7eef98fb-d6a9-49d8-a5a1-1148c8764e39'),(448,5,504,NULL,147,2,'2022-02-26 12:48:58','2022-02-26 12:48:58','dec383c0-ccad-435f-9c46-729fcfac050e'),(449,5,504,NULL,149,3,'2022-02-26 12:48:58','2022-02-26 12:48:58','f03c393d-e68b-4d21-b762-739325e64e37'),(450,16,505,NULL,81,1,'2022-02-26 12:48:58','2022-02-26 12:48:58','e44de841-c6b6-48a4-bc09-ce4672bf7f85'),(451,40,506,NULL,441,1,'2022-02-26 12:48:58','2022-02-26 12:48:58','0722dc73-d48c-4899-a9c1-9145612b03c4'),(452,40,506,NULL,440,2,'2022-02-26 12:48:58','2022-02-26 12:48:58','04320be9-6fe5-40bb-936c-a1ac3a5c74d1'),(453,40,506,NULL,439,3,'2022-02-26 12:48:58','2022-02-26 12:48:58','24138b79-da1e-4f56-a50b-644699f57122'),(454,26,508,NULL,395,1,'2022-02-26 12:48:58','2022-02-26 12:48:58','a431cf5d-e3df-4b7d-b1c5-433dfafc5665'),(470,13,520,NULL,26,1,'2022-02-26 12:49:13','2022-02-26 12:49:13','e97fdde1-2bdf-44ed-91f3-a807c3110969'),(471,13,520,NULL,25,2,'2022-02-26 12:49:13','2022-02-26 12:49:13','7a26b23d-8901-4585-b45a-2017c6dfe43b'),(472,13,520,NULL,24,3,'2022-02-26 12:49:13','2022-02-26 12:49:13','b339cb16-b63d-4344-90a9-37a28546bc23'),(473,5,521,NULL,39,1,'2022-02-26 12:49:13','2022-02-26 12:49:13','be616e5a-6e8f-4b7f-b7af-53436f08a4ba'),(474,5,521,NULL,147,2,'2022-02-26 12:49:13','2022-02-26 12:49:13','6eaf4ae6-0abe-4cc6-9b04-025929786d1d'),(475,5,521,NULL,149,3,'2022-02-26 12:49:13','2022-02-26 12:49:13','c63ea894-0ac0-4d4e-9a6d-1d980f98a532'),(476,9,522,NULL,44,1,'2022-02-26 12:49:14','2022-02-26 12:49:14','626d239e-a7a9-4b7b-b83c-c818f4102f63'),(477,9,522,NULL,170,2,'2022-02-26 12:49:14','2022-02-26 12:49:14','f69738d2-4f8a-4b7b-95dc-358c55a3a223'),(478,9,522,NULL,265,3,'2022-02-26 12:49:14','2022-02-26 12:49:14','6360dc7a-f4bc-4e5f-8c0d-a0cceebb1dc1'),(479,9,522,NULL,472,4,'2022-02-26 12:49:14','2022-02-26 12:49:14','234e2693-29ff-4f50-bbdc-ef1cdc9ed44d'),(480,16,523,NULL,81,1,'2022-02-26 12:49:14','2022-02-26 12:49:14','1dc0d061-c5fa-4106-abc3-ba9b37f70027'),(481,40,524,NULL,441,1,'2022-02-26 12:49:14','2022-02-26 12:49:14','9c3199eb-ef7b-47f0-97b2-ae9fd45762c1'),(482,40,524,NULL,440,2,'2022-02-26 12:49:14','2022-02-26 12:49:14','c673cdf9-c34a-4b9d-aa76-d8cba9e35774'),(483,40,524,NULL,439,3,'2022-02-26 12:49:14','2022-02-26 12:49:14','4792b93d-52c4-414e-b1f2-dbf9e349b899'),(484,26,526,NULL,395,1,'2022-02-26 12:49:14','2022-02-26 12:49:14','d317df96-73a1-49b5-8519-ea6772c5b140'),(500,13,538,NULL,26,1,'2022-02-26 12:50:06','2022-02-26 12:50:06','44c7b2b1-f57b-4fd9-8c7b-017bdcca40d3'),(501,13,538,NULL,25,2,'2022-02-26 12:50:06','2022-02-26 12:50:06','5a991ace-d9cd-4f17-8d5d-66d82576d47b'),(502,13,538,NULL,24,3,'2022-02-26 12:50:06','2022-02-26 12:50:06','440089f3-4277-4ffa-8414-d7ecc77b576c'),(503,5,539,NULL,39,1,'2022-02-26 12:50:06','2022-02-26 12:50:06','ff099ad4-297e-4b86-8c05-d450a084a270'),(504,5,539,NULL,147,2,'2022-02-26 12:50:06','2022-02-26 12:50:06','60920382-53e6-4ca9-901d-ccaf11ca8959'),(505,5,539,NULL,149,3,'2022-02-26 12:50:06','2022-02-26 12:50:06','50686ffc-c6f4-4867-8901-a17c94e8f5c1'),(506,9,540,NULL,44,1,'2022-02-26 12:50:06','2022-02-26 12:50:06','5c2e109f-7fcb-4a73-bc24-9c9b2a5abb5d'),(507,9,540,NULL,170,2,'2022-02-26 12:50:06','2022-02-26 12:50:06','12b2989c-9cd5-46bc-b64d-0fba64253580'),(508,9,540,NULL,265,3,'2022-02-26 12:50:06','2022-02-26 12:50:06','48752adf-358f-4c6d-83d4-6ba5287acb2c'),(509,9,540,NULL,472,4,'2022-02-26 12:50:06','2022-02-26 12:50:06','b0f416de-cb56-4fc0-8bcb-643f0b874d63'),(510,16,542,NULL,81,1,'2022-02-26 12:50:06','2022-02-26 12:50:06','dc4bbf6b-c788-4c29-b76c-5ce0e4e52d9b'),(511,26,543,NULL,395,1,'2022-02-26 12:50:06','2022-02-26 12:50:06','096dea49-41b7-42e3-ae50-fd09aee69749'),(512,40,544,NULL,441,1,'2022-02-26 12:50:06','2022-02-26 12:50:06','0d868d1c-dad2-439c-97cb-c5076b51e166'),(513,40,544,NULL,440,2,'2022-02-26 12:50:06','2022-02-26 12:50:06','aa30765c-1f16-481c-8e26-5eb19ad69a4f'),(514,40,544,NULL,439,3,'2022-02-26 12:50:06','2022-02-26 12:50:06','79916c83-3fb1-4629-b9a1-af0e9e1b2893'),(530,13,562,NULL,26,1,'2022-02-26 12:51:10','2022-02-26 12:51:10','00ff32dc-fed0-4a96-8dd3-26d4fa8e6c0f'),(531,13,562,NULL,25,2,'2022-02-26 12:51:10','2022-02-26 12:51:10','7f771b8a-3147-4abc-9b6a-fef400123779'),(532,13,562,NULL,24,3,'2022-02-26 12:51:10','2022-02-26 12:51:10','9c21129c-8994-45af-a7f2-6c7a873e55bd'),(533,5,563,NULL,39,1,'2022-02-26 12:51:10','2022-02-26 12:51:10','281aa971-15c3-42e8-9a2d-616d543a1e79'),(534,5,563,NULL,147,2,'2022-02-26 12:51:10','2022-02-26 12:51:10','0d628fa4-ee1b-4bb7-b26d-00f1c322968d'),(535,5,563,NULL,149,3,'2022-02-26 12:51:10','2022-02-26 12:51:10','58e77361-2d1c-4fe0-abe7-16c939f6c7b1'),(536,9,564,NULL,44,1,'2022-02-26 12:51:10','2022-02-26 12:51:10','c477cf9e-0afd-4117-9e77-c6b050704320'),(537,9,564,NULL,170,2,'2022-02-26 12:51:10','2022-02-26 12:51:10','33a66c94-da42-402d-a988-fc089302e4b7'),(538,9,564,NULL,265,3,'2022-02-26 12:51:10','2022-02-26 12:51:10','83582722-8c3a-44fb-8857-96273cb20e73'),(539,9,564,NULL,472,4,'2022-02-26 12:51:10','2022-02-26 12:51:10','c1b317c5-6b62-432c-9ac4-dff910a97007'),(540,16,566,NULL,81,1,'2022-02-26 12:51:10','2022-02-26 12:51:10','cc13ad7a-7f37-4462-988e-b661be77229a'),(541,26,568,NULL,395,1,'2022-02-26 12:51:10','2022-02-26 12:51:10','9fed1b20-7e19-4a8a-9541-854a9d86c939'),(542,40,569,NULL,441,1,'2022-02-26 12:51:10','2022-02-26 12:51:10','78e92bb9-c07d-48de-8102-c190dd8f37dc'),(543,40,569,NULL,440,2,'2022-02-26 12:51:10','2022-02-26 12:51:10','f1ef0b3e-2521-41b2-893d-d54b9e2a18a8'),(544,40,569,NULL,439,3,'2022-02-26 12:51:10','2022-02-26 12:51:10','ac4aa96c-25c8-4850-9302-403a2954855f'),(560,13,582,NULL,26,1,'2022-02-26 12:51:27','2022-02-26 12:51:27','69b99e1f-8111-4f52-8bf9-74c1fe576961'),(561,13,582,NULL,25,2,'2022-02-26 12:51:27','2022-02-26 12:51:27','e74d9360-e67d-4682-adcc-a125ba2514c1'),(562,13,582,NULL,24,3,'2022-02-26 12:51:27','2022-02-26 12:51:27','aeeacd16-5704-4eeb-8dd9-6b96c2a89b0d'),(563,5,583,NULL,39,1,'2022-02-26 12:51:27','2022-02-26 12:51:27','b9e94759-6bb6-4fa9-b47d-6ba0a5142cc2'),(564,5,583,NULL,147,2,'2022-02-26 12:51:27','2022-02-26 12:51:27','b5f3132f-ddc6-4880-87be-235548b0f21e'),(565,5,583,NULL,149,3,'2022-02-26 12:51:27','2022-02-26 12:51:27','c2e1991b-e874-4a52-aeb5-b385a3ea37d8'),(566,9,584,NULL,44,1,'2022-02-26 12:51:27','2022-02-26 12:51:27','da5d58dc-4aa8-4c19-a244-35c31f9d9b95'),(567,9,584,NULL,170,2,'2022-02-26 12:51:27','2022-02-26 12:51:27','1c1e516c-7e25-49df-896c-a2e875993cd4'),(568,9,584,NULL,265,3,'2022-02-26 12:51:27','2022-02-26 12:51:27','7207bc39-a42e-4c82-a54e-0a48ab6b5224'),(569,9,584,NULL,472,4,'2022-02-26 12:51:27','2022-02-26 12:51:27','f67378ca-b457-42cf-89aa-7ef795401148'),(570,16,586,NULL,81,1,'2022-02-26 12:51:27','2022-02-26 12:51:27','f3275fa7-38dd-403d-bb6c-b5e76360fc5b'),(571,26,588,NULL,395,1,'2022-02-26 12:51:27','2022-02-26 12:51:27','4b453137-2e16-4e88-93e0-5079ce71a147'),(572,40,589,NULL,441,1,'2022-02-26 12:51:27','2022-02-26 12:51:27','35c8bd38-5386-4ce1-bd78-36ac3d331198'),(573,40,589,NULL,440,2,'2022-02-26 12:51:27','2022-02-26 12:51:27','6484863c-81be-451c-b8ef-83a61ec51bce'),(574,40,589,NULL,439,3,'2022-02-26 12:51:27','2022-02-26 12:51:27','c1fa9c59-c25e-4c65-9ac8-d8bb2bd5eab4'),(590,13,602,NULL,26,1,'2022-02-26 12:51:46','2022-02-26 12:51:46','45992add-13c9-4cc6-8716-485ae526752a'),(591,13,602,NULL,25,2,'2022-02-26 12:51:46','2022-02-26 12:51:46','646a8e99-16a1-484e-8220-94c65676d600'),(592,13,602,NULL,24,3,'2022-02-26 12:51:46','2022-02-26 12:51:46','ec526f2e-339b-40e5-8c52-f63e457b428b'),(593,5,603,NULL,39,1,'2022-02-26 12:51:46','2022-02-26 12:51:46','3f370dae-b49d-49ea-94ea-c7840084bd75'),(594,5,603,NULL,147,2,'2022-02-26 12:51:46','2022-02-26 12:51:46','7b2a56dc-03bd-401c-94df-0ea9cdbbc791'),(595,5,603,NULL,149,3,'2022-02-26 12:51:46','2022-02-26 12:51:46','b949f1aa-4592-490d-ad27-7ff146b1536d'),(596,9,604,NULL,44,1,'2022-02-26 12:51:46','2022-02-26 12:51:46','c508eb72-2a69-46c8-b733-98b6d4f1891e'),(597,9,604,NULL,170,2,'2022-02-26 12:51:46','2022-02-26 12:51:46','f34fdbdc-f7bd-4661-b22e-ae02ef3927fa'),(598,9,604,NULL,265,3,'2022-02-26 12:51:46','2022-02-26 12:51:46','fb6458bf-4fd1-41d0-ba18-ab674bd57e59'),(599,9,604,NULL,472,4,'2022-02-26 12:51:46','2022-02-26 12:51:46','dcde75d9-4e89-4db0-b16d-fcc06454e619'),(600,16,606,NULL,81,1,'2022-02-26 12:51:46','2022-02-26 12:51:46','03d61a15-bca3-45a3-8c4e-5b61cec434e9'),(601,26,608,NULL,395,1,'2022-02-26 12:51:46','2022-02-26 12:51:46','f5fc7bd8-254d-41c1-a732-6f0b19799524'),(602,40,609,NULL,441,1,'2022-02-26 12:51:46','2022-02-26 12:51:46','618584e2-c486-4a30-833a-73074fcd8233'),(603,40,609,NULL,440,2,'2022-02-26 12:51:46','2022-02-26 12:51:46','a00074d6-0a16-4bf6-9bba-012fae8a762a'),(604,40,609,NULL,439,3,'2022-02-26 12:51:46','2022-02-26 12:51:46','491cb1ff-f7eb-4372-8bb1-f5638061c373'),(620,13,622,NULL,26,1,'2022-02-26 12:55:28','2022-02-26 12:55:28','23c6c76f-3860-4b36-96e4-f14f650d334f'),(621,13,622,NULL,25,2,'2022-02-26 12:55:28','2022-02-26 12:55:28','39ca94d6-dfe6-4a10-9f84-0cec4f5cc2b8'),(622,13,622,NULL,24,3,'2022-02-26 12:55:28','2022-02-26 12:55:28','2f807e5f-ed84-43c9-9b5f-4708e125e594'),(623,5,623,NULL,39,1,'2022-02-26 12:55:29','2022-02-26 12:55:29','4b471d21-e4e8-4eb8-8241-426c0fba65fb'),(624,5,623,NULL,147,2,'2022-02-26 12:55:29','2022-02-26 12:55:29','82dd633e-ae34-4a14-b0a8-acd7758d63ad'),(625,5,623,NULL,149,3,'2022-02-26 12:55:29','2022-02-26 12:55:29','90b90d6b-c357-470f-842d-abb0941a72b6'),(626,9,624,NULL,44,1,'2022-02-26 12:55:29','2022-02-26 12:55:29','baf05b4a-1598-402c-a86c-1f1e781f4884'),(627,9,624,NULL,170,2,'2022-02-26 12:55:29','2022-02-26 12:55:29','c0abf57f-2032-4ed1-ba8c-88d11c7a08a9'),(628,9,624,NULL,265,3,'2022-02-26 12:55:29','2022-02-26 12:55:29','251f32e8-1223-4326-9749-41a90dc04703'),(629,9,624,NULL,472,4,'2022-02-26 12:55:29','2022-02-26 12:55:29','207bd013-08b9-4cd3-aca1-c5f0c6c49721'),(630,16,626,NULL,81,1,'2022-02-26 12:55:29','2022-02-26 12:55:29','1f16cd8a-d2d7-4043-adf8-dea69f1616c7'),(631,26,628,NULL,395,1,'2022-02-26 12:55:29','2022-02-26 12:55:29','2a188198-1cbc-402c-86a6-8134a63e982d'),(632,40,629,NULL,441,1,'2022-02-26 12:55:29','2022-02-26 12:55:29','2b4ec64e-e8e7-4746-ad5c-5cd9a8aabe5e'),(633,40,629,NULL,440,2,'2022-02-26 12:55:29','2022-02-26 12:55:29','a48ac928-4ba0-4ebe-b535-c2e5ae61e40f'),(634,40,629,NULL,439,3,'2022-02-26 12:55:29','2022-02-26 12:55:29','6764d5f8-c892-46a5-bffb-03328da38192'),(650,13,654,NULL,26,1,'2022-02-26 13:02:39','2022-02-26 13:02:39','b98d36bc-da7e-45ff-adb0-3fa9a7fac410'),(651,13,654,NULL,25,2,'2022-02-26 13:02:39','2022-02-26 13:02:39','150aa8f1-f123-4327-a743-61937695da54'),(652,13,654,NULL,24,3,'2022-02-26 13:02:39','2022-02-26 13:02:39','3a544a5c-2e1e-4686-8452-09c251067aaf'),(653,5,655,NULL,39,1,'2022-02-26 13:02:39','2022-02-26 13:02:39','bc861ce9-6025-4976-8ab3-5f98e2582fb6'),(654,5,655,NULL,147,2,'2022-02-26 13:02:39','2022-02-26 13:02:39','efce53f7-b2fe-4f41-a78b-2c95f4355a64'),(655,5,655,NULL,149,3,'2022-02-26 13:02:39','2022-02-26 13:02:39','3d298d21-499a-4944-a214-9d15b030cb9e'),(656,9,656,NULL,44,1,'2022-02-26 13:02:39','2022-02-26 13:02:39','4648aaca-766c-4857-93de-8870af3a5251'),(657,9,656,NULL,170,2,'2022-02-26 13:02:39','2022-02-26 13:02:39','3e34e1f0-14b5-4974-a79a-ebba2e983937'),(658,9,656,NULL,265,3,'2022-02-26 13:02:39','2022-02-26 13:02:39','1a8b57ba-66c7-440f-98e6-a0ad5be47575'),(659,9,656,NULL,472,4,'2022-02-26 13:02:39','2022-02-26 13:02:39','d9caa710-a3a1-4e87-a79f-b00573d23375'),(660,16,658,NULL,81,1,'2022-02-26 13:02:39','2022-02-26 13:02:39','df3158e8-dc09-497f-afd7-a86b1204fa23'),(661,26,660,NULL,395,1,'2022-02-26 13:02:39','2022-02-26 13:02:39','060bf11b-850f-4be0-998e-06f8ffde6920'),(662,40,662,NULL,441,1,'2022-02-26 13:02:39','2022-02-26 13:02:39','bbbef8a2-9f6c-4c40-ba8e-b6303938c0b8'),(663,40,662,NULL,440,2,'2022-02-26 13:02:39','2022-02-26 13:02:39','569f1609-2fc9-4551-b419-a9e4a30767ad'),(664,40,662,NULL,439,3,'2022-02-26 13:02:39','2022-02-26 13:02:39','8a9f0e20-6166-4d2a-b443-6f32c42790ea'),(680,13,678,NULL,26,1,'2022-02-26 13:02:56','2022-02-26 13:02:56','bd3b77c4-6150-44f4-9798-31e76688b309'),(681,13,678,NULL,25,2,'2022-02-26 13:02:56','2022-02-26 13:02:56','e7105ffd-4f24-4a45-afc3-5c94bed8f0ac'),(682,13,678,NULL,24,3,'2022-02-26 13:02:56','2022-02-26 13:02:56','efccae28-c02e-4d6c-99d8-de151bbe4285'),(683,5,679,NULL,39,1,'2022-02-26 13:02:56','2022-02-26 13:02:56','e1b40f0d-bf92-4d5b-9364-3b2e8d73dde9'),(684,5,679,NULL,147,2,'2022-02-26 13:02:56','2022-02-26 13:02:56','9b1a9dd1-4838-41f1-b742-d99430d2da0f'),(685,5,679,NULL,149,3,'2022-02-26 13:02:56','2022-02-26 13:02:56','d149e72e-e5e6-4c0c-a837-3bc5a49716fa'),(686,9,680,NULL,44,1,'2022-02-26 13:02:56','2022-02-26 13:02:56','fe4c4f5f-03d3-46ea-8310-36ba0adaf933'),(687,9,680,NULL,170,2,'2022-02-26 13:02:56','2022-02-26 13:02:56','54a1b09e-89b3-4772-b593-74b832c6b0c2'),(688,9,680,NULL,265,3,'2022-02-26 13:02:56','2022-02-26 13:02:56','18a838f4-1eee-43b0-9a4b-039b9c6a916e'),(689,9,680,NULL,472,4,'2022-02-26 13:02:56','2022-02-26 13:02:56','2688a5f5-9d07-46b9-bd89-2d6311fba200'),(690,16,682,NULL,81,1,'2022-02-26 13:02:56','2022-02-26 13:02:56','e3efc98f-9ffa-4657-baa0-3669b9d95c52'),(691,26,684,NULL,395,1,'2022-02-26 13:02:57','2022-02-26 13:02:57','6e701d0b-34a6-46fb-ba13-fadf4a1ec324'),(692,40,686,NULL,441,1,'2022-02-26 13:02:57','2022-02-26 13:02:57','5621b070-216f-4408-9a4f-0b7b715b0c60'),(693,40,686,NULL,440,2,'2022-02-26 13:02:57','2022-02-26 13:02:57','d2684a52-befd-4652-b35a-1a3f8458a205'),(694,40,686,NULL,439,3,'2022-02-26 13:02:57','2022-02-26 13:02:57','5acb92e4-f03a-482f-9a68-87675dff3f20'),(710,13,702,NULL,26,1,'2022-02-26 13:03:10','2022-02-26 13:03:10','6ddd618f-7917-44df-a63c-15dc343e2fc0'),(711,13,702,NULL,25,2,'2022-02-26 13:03:10','2022-02-26 13:03:10','4a8cdb06-aba9-493e-9883-78cc06ee8dfb'),(712,13,702,NULL,24,3,'2022-02-26 13:03:10','2022-02-26 13:03:10','d25f8671-75cf-480c-b6ff-845be59eeb0b'),(713,5,703,NULL,39,1,'2022-02-26 13:03:10','2022-02-26 13:03:10','bdecb6af-4652-4637-ae68-0615bb22292b'),(714,5,703,NULL,147,2,'2022-02-26 13:03:10','2022-02-26 13:03:10','0ef252c0-3b8b-4534-8884-0858b4e53e87'),(715,5,703,NULL,149,3,'2022-02-26 13:03:10','2022-02-26 13:03:10','659beb7f-f45b-46be-9bd0-602d34d2e3ce'),(716,9,704,NULL,44,1,'2022-02-26 13:03:10','2022-02-26 13:03:10','25467363-d020-4104-883e-098706788d5c'),(717,9,704,NULL,170,2,'2022-02-26 13:03:10','2022-02-26 13:03:10','474808e0-19d0-4f73-83d6-9f886a5d2367'),(718,9,704,NULL,265,3,'2022-02-26 13:03:10','2022-02-26 13:03:10','bb8769d2-799c-460a-b9bb-f64da239d6d8'),(719,9,704,NULL,472,4,'2022-02-26 13:03:10','2022-02-26 13:03:10','90cabccc-3e96-4c4e-b2b0-7d45eb57f54c'),(720,16,706,NULL,81,1,'2022-02-26 13:03:10','2022-02-26 13:03:10','873d5ab2-e937-48a5-b695-573ed50cee29'),(721,26,708,NULL,395,1,'2022-02-26 13:03:10','2022-02-26 13:03:10','ca609423-fe5f-48c8-acec-e866d0e70279'),(722,40,710,NULL,441,1,'2022-02-26 13:03:10','2022-02-26 13:03:10','6afcdb60-f678-42ee-b3b4-21035b10fb9a'),(723,40,710,NULL,440,2,'2022-02-26 13:03:10','2022-02-26 13:03:10','f4c2eb24-a104-4262-b75a-a6f767439c6b'),(724,40,710,NULL,439,3,'2022-02-26 13:03:10','2022-02-26 13:03:10','3dd148a4-4382-4c8d-a13a-038319468581'),(740,13,726,NULL,26,1,'2022-02-26 13:03:55','2022-02-26 13:03:55','adedec2a-2655-4f7f-8a2e-95c84b5730c7'),(741,13,726,NULL,25,2,'2022-02-26 13:03:55','2022-02-26 13:03:55','6922ad7c-fdec-44ee-bb5d-40b046c84f82'),(742,13,726,NULL,24,3,'2022-02-26 13:03:55','2022-02-26 13:03:55','96e85f27-fa30-4463-8cda-46a728a30857'),(743,5,727,NULL,39,1,'2022-02-26 13:03:55','2022-02-26 13:03:55','e53649b9-306e-4697-80c0-64ca2ae023ef'),(744,5,727,NULL,147,2,'2022-02-26 13:03:55','2022-02-26 13:03:55','327ecf4e-bdbb-42df-ad9f-eab51ac97a52'),(745,5,727,NULL,149,3,'2022-02-26 13:03:55','2022-02-26 13:03:55','c3aa364f-7625-4107-ac52-76fe8232ed1f'),(746,9,728,NULL,44,1,'2022-02-26 13:03:55','2022-02-26 13:03:55','ed6cba62-c3b5-4229-bffe-4c6f4d1c9a7d'),(747,9,728,NULL,170,2,'2022-02-26 13:03:55','2022-02-26 13:03:55','2c2ace54-2dcd-4ab1-a1a4-b14f873dec59'),(748,9,728,NULL,265,3,'2022-02-26 13:03:55','2022-02-26 13:03:55','7f278e87-75e5-4026-8ef3-37d61a8526d2'),(749,9,728,NULL,472,4,'2022-02-26 13:03:55','2022-02-26 13:03:55','e1b01c47-60d2-4e10-a360-244a9309cb86'),(750,16,730,NULL,81,1,'2022-02-26 13:03:55','2022-02-26 13:03:55','c039c4aa-0295-48ca-8781-fe6d5823b600'),(751,26,732,NULL,395,1,'2022-02-26 13:03:55','2022-02-26 13:03:55','2e557d93-511c-48d9-9974-84ac041644fe'),(752,40,734,NULL,441,1,'2022-02-26 13:03:55','2022-02-26 13:03:55','b7744f97-1995-4c09-8bb9-95d7db25ae03'),(753,40,734,NULL,440,2,'2022-02-26 13:03:55','2022-02-26 13:03:55','ba16e416-85c9-4d00-b645-967ae3b4924c'),(754,40,734,NULL,439,3,'2022-02-26 13:03:55','2022-02-26 13:03:55','87d4a5e2-deed-4eed-b1d9-3c83a7d44630');
/*!40000 ALTER TABLE `relations` ENABLE KEYS */;
UNLOCK TABLES;

--
-- Table structure for table `resourcepaths`
--

DROP TABLE IF EXISTS `resourcepaths`;
/*!40101 SET @saved_cs_client     = @@character_set_client */;
/*!40101 SET character_set_client = utf8 */;
CREATE TABLE `resourcepaths` (
  `hash` varchar(255) COLLATE utf8mb3_unicode_ci NOT NULL,
  `path` varchar(255) COLLATE utf8mb3_unicode_ci NOT NULL,
  PRIMARY KEY (`hash`)
) ENGINE=InnoDB DEFAULT CHARSET=utf8mb3 COLLATE=utf8mb3_unicode_ci;
/*!40101 SET character_set_client = @saved_cs_client */;

--
-- Dumping data for table `resourcepaths`
--

LOCK TABLES `resourcepaths` WRITE;
/*!40000 ALTER TABLE `resourcepaths` DISABLE KEYS */;
INSERT INTO `resourcepaths` VALUES ('18770c03','@app/web/assets/velocity/dist'),('1adf38cf','@app/web/assets/fields/dist'),('1db81681','@app/web/assets/dashboard/dist'),('21a4552b','@craft/web/assets/editsection/dist'),('277f2917','@craft/web/assets/cp/dist'),('2acdb4f2','@app/web/assets/fabric/dist'),('2b378b5f','@craft/web/assets/selectize/dist'),('2e04196a','@craft/web/assets/pluginstore/dist'),('36f88dee','@craft/web/assets/timepicker/dist'),('39c40e86','@craft/web/assets/prismjs/dist'),('3c76faf','@craft/web/assets/updateswidget/dist'),('41a9356a','@app/web/assets/jqueryui/dist'),('43515a26','@craft/redactor/assets/redactor-plugins/dist/fullscreen'),('437dd2d1','@app/web/assets/admintable/dist'),('43ccb31d','@craft/redactor/assets/redactor-plugins/dist/video'),('4515b0f4','@craft/web/assets/garnish/dist'),('4cf90dec','@app/web/assets/focusvisible/dist'),('4dbb0a33','@craft/redactor/assets/redactor/dist'),('50259e8f','@app/web/assets/jquerytouchevents/dist'),('536edb40','@app/web/assets/axios/dist'),('549bf30b','@craft/web/assets/admintable/dist'),('554c90aa','@app/web/assets/editsection/dist'),('55fa4ca5','@app/web/assets/vue/dist'),('569f13ac','@craft/web/assets/elementresizedetector/dist'),('57acea66','@storage/rebrand/icon'),('605c4290','@craft/web/assets/fieldsettings/dist'),('651b627','@craft/web/assets/recententries/dist'),('67dc8ac9','@craft/web/assets/assetindexes/dist'),('69362eb9','@craft/web/assets/jquerytouchevents/dist'),('6f697b3d','@app/web/assets/jquerypayment/dist'),('716de7c2','@storage/rebrand/logo'),('7556c5a4','@craft/web/assets/matrix/dist'),('761cb06f','@craft/web/assets/feed/dist'),('77ac0fb1','@app/web/assets/elementresizedetector/dist'),('78f860c7','@app/web/assets/picturefill/dist'),('7cfa9040','@craft/web/assets/findreplace/dist'),('7fa64aed','@app/web/assets/xregexp/dist'),('80928d0','@craft/web/assets/fabric/dist'),('88254fdb','@craft/web/assets/jquerypayment/dist'),('94882b1e','@craft/web/assets/queuemanager/dist'),('9664471c','@app/web/assets/matrixsettings/dist'),('99109311','@craft/web/assets/focusvisible/dist'),('9c2ab26e','@bower/jquery/dist'),('a27a2b52','@app/web/assets/garnish/dist'),('a51ac4b0','@craft/web/assets/sites/dist'),('a69f515f','@craft/web/assets/matrixsettings/dist'),('a7ae1373','@app/web/assets/feed/dist'),('a8b90d90','@craft/web/assets/xregexp/dist'),('aabdb422','@craft/web/assets/velocity/dist'),('aaddda54','@craft/web/assets/craftsupport/dist'),('aadf3691','@craft/web/assets/routes/dist'),('b1b536a8','@craft/web/assets/axios/dist'),('b1c35a12','@craft/web/assets/picturefill/dist'),('b4d597c3','@craft/web/assets/fields/dist'),('b5bb273b','@craft/web/assets/updates/dist'),('b7bcfe44','@craft/web/assets/datepickeri18n/dist'),('b955b233','@craft/web/assets/dashboard/dist'),('ba3e922a','@bower/jquery/dist'),('be9d6c79','@craft/web/assets/vue/dist'),('bed790e7','@craft/web/assets/dbbackup/dist'),('c23ad42f','@craft/web/assets/login/dist'),('c29b4029','@craft/web/assets/editentry/dist'),('c3eaaeb2','@craft/redactor/assets/field/dist'),('c3f87f40','@app/web/assets/recententries/dist'),('c4807e84','@app/web/assets/d3/dist'),('c58d15e6','@app/web/assets/pluginstore/dist'),('d3ad385','@craft/web/assets/d3/dist'),('d40187fb','@craft/web/assets/deprecationerrors/dist'),('da612fe7','@craft/web/assets/fileupload/dist'),('da8b4db3','@app/web/assets/login/dist'),('ddb26f07','@craft/web/assets/plugins/dist'),('deb558cd','@app/web/assets/cp/dist'),('ea7480de','@app/web/assets/selectize/dist'),('eb407940','@app/web/assets/installer/dist'),('eb7ad2d2','@craft/web/assets/generalsettings/dist'),('ed176f11','@app/web/assets/updater/dist'),('ef6b56b2','@storage/rebrand/logo'),('f0011e77','@app/web/assets/fieldsettings/dist'),('f2b44d93','@craft/web/assets/systemmessages/dist'),('f3638d4b','@craft/web/assets/jqueryui/dist'),('f3d091ef','@app/web/assets/craftsupport/dist'),('f4748622','@app/web/assets/datepickeri18n/dist'),('f483c054','@craft/web/assets/utilities/dist'),('f4e93d15','@craft/web/assets/iframeresizer/dist'),('f5bf6afc','@craft/web/assets/clearcaches/dist'),('f668cb41','@app/web/assets/iframeresizer/dist'),('f83c790c','@storage/rebrand/logo'),('fafe7a3a','@app/web/assets/fileupload/dist'),('fd423d2e','@app/web/assets/updateswidget/dist');
/*!40000 ALTER TABLE `resourcepaths` ENABLE KEYS */;
UNLOCK TABLES;

--
-- Table structure for table `revisions`
--

DROP TABLE IF EXISTS `revisions`;
/*!40101 SET @saved_cs_client     = @@character_set_client */;
/*!40101 SET character_set_client = utf8 */;
CREATE TABLE `revisions` (
  `id` int(11) NOT NULL AUTO_INCREMENT,
  `sourceId` int(11) NOT NULL,
  `creatorId` int(11) DEFAULT NULL,
  `num` int(11) NOT NULL,
  `notes` text COLLATE utf8mb3_unicode_ci DEFAULT NULL,
  PRIMARY KEY (`id`),
  UNIQUE KEY `idx_sktckxfldsyqnknjqxhjmuuzbnlfjbxdbgnn` (`sourceId`,`num`),
  KEY `fk_knwywzihuzxqggutzzegwvsfvnwqtycakdhf` (`creatorId`),
  CONSTRAINT `fk_knwywzihuzxqggutzzegwvsfvnwqtycakdhf` FOREIGN KEY (`creatorId`) REFERENCES `users` (`id`) ON DELETE SET NULL,
  CONSTRAINT `fk_uftbxyjhfaflnkuvhomyxwowkgpdkalyyyot` FOREIGN KEY (`sourceId`) REFERENCES `elements` (`id`) ON DELETE CASCADE
) ENGINE=InnoDB AUTO_INCREMENT=55 DEFAULT CHARSET=utf8mb3 COLLATE=utf8mb3_unicode_ci;
/*!40101 SET character_set_client = @saved_cs_client */;

--
-- Dumping data for table `revisions`
--

LOCK TABLES `revisions` WRITE;
/*!40000 ALTER TABLE `revisions` DISABLE KEYS */;
INSERT INTO `revisions` VALUES (1,2,1,1,NULL),(2,2,1,2,NULL),(3,5,1,1,''),(4,2,1,3,'Applied “Draft 1”'),(5,20,1,1,''),(6,22,1,1,''),(7,39,1,1,NULL),(8,44,1,1,NULL),(9,2,1,4,'Applied “Draft 1”'),(10,2,1,5,'Applied “Draft 1”'),(11,2,1,6,'Applied “Draft 1”'),(12,2,1,7,'Applied “Draft 1”'),(13,2,1,8,'Applied “Draft 1”'),(14,2,1,9,''),(15,147,1,1,NULL),(16,149,1,1,NULL),(17,151,1,1,NULL),(18,147,1,2,'Applied “Draft 1”'),(19,149,1,2,'Applied “Draft 1”'),(20,151,1,2,'Applied “Draft 1”'),(21,44,1,2,'Applied “Draft 1”'),(22,170,1,1,''),(23,2,1,10,'Applied “Draft 1”'),(24,39,1,2,'Applied “Draft 1”'),(25,151,1,3,'Applied “Draft 1”'),(26,149,1,3,'Applied “Draft 1”'),(27,147,1,3,'Applied “Draft 1”'),(28,2,1,11,'Applied “Draft 1”'),(29,2,1,12,'Applied “Draft 1”'),(30,265,1,1,NULL),(31,2,1,13,'Applied “Draft 1”'),(32,2,1,14,'Applied “Draft 1”'),(33,2,1,15,'Applied “Draft 1”'),(34,2,1,16,'Applied “Draft 1”'),(35,2,1,17,'Applied “Draft 1”'),(36,2,1,18,'Applied “Draft 1”'),(37,405,1,1,''),(38,404,1,1,''),(39,2,1,19,'Applied “Draft 1”'),(40,2,1,20,'Applied “Draft 1”'),(41,2,1,21,'Applied “Draft 1”'),(42,472,1,1,NULL),(43,2,1,22,'Applied “Draft 1”'),(44,2,1,23,'Applied “Draft 1”'),(45,2,1,24,'Applied “Draft 1”'),(46,2,1,25,'Applied “Draft 1”'),(47,2,1,26,'Applied “Draft 1”'),(48,2,1,27,'Applied “Draft 1”'),(49,2,1,28,'Applied “Draft 1”'),(50,2,1,29,'Applied “Draft 1”'),(51,2,1,30,'Applied “Draft 1”'),(52,2,1,31,'Applied “Draft 1”'),(53,2,1,32,''),(54,2,1,33,'Applied “Draft 1”');
/*!40000 ALTER TABLE `revisions` ENABLE KEYS */;
UNLOCK TABLES;

--
-- Table structure for table `searchindex`
--

DROP TABLE IF EXISTS `searchindex`;
/*!40101 SET @saved_cs_client     = @@character_set_client */;
/*!40101 SET character_set_client = utf8 */;
CREATE TABLE `searchindex` (
  `elementId` int(11) NOT NULL,
  `attribute` varchar(25) COLLATE utf8mb3_unicode_ci NOT NULL,
  `fieldId` int(11) NOT NULL,
  `siteId` int(11) NOT NULL,
  `keywords` text COLLATE utf8mb3_unicode_ci NOT NULL,
  PRIMARY KEY (`elementId`,`attribute`,`fieldId`,`siteId`),
  FULLTEXT KEY `idx_eubarzmsrxqikcfrtqcohlyvsmbkgcthmnro` (`keywords`)
) ENGINE=MyISAM DEFAULT CHARSET=utf8mb3 COLLATE=utf8mb3_unicode_ci;
/*!40101 SET character_set_client = @saved_cs_client */;

--
-- Dumping data for table `searchindex`
--

LOCK TABLES `searchindex` WRITE;
/*!40000 ALTER TABLE `searchindex` DISABLE KEYS */;
INSERT INTO `searchindex` VALUES (1,'username',0,1,' dene '),(1,'firstname',0,1,''),(1,'lastname',0,1,''),(1,'fullname',0,1,''),(1,'email',0,1,' dene designedbydash co uk '),(1,'slug',0,1,''),(2,'title',0,1,' home '),(2,'slug',0,1,' home '),(5,'slug',0,1,' contact '),(5,'title',0,1,' contact '),(10,'slug',0,1,''),(13,'slug',0,1,''),(14,'filename',0,1,' protilinglogo svg '),(14,'extension',0,1,' svg '),(14,'kind',0,1,' image '),(14,'slug',0,1,''),(14,'title',0,1,' pro tiling logo '),(15,'filename',0,1,' protiling8 png '),(15,'extension',0,1,' png '),(15,'kind',0,1,' image '),(15,'slug',0,1,''),(15,'title',0,1,' pro tiling8 '),(51,'slug',0,1,''),(52,'slug',0,1,''),(53,'slug',0,1,''),(20,'slug',0,1,' about us '),(20,'title',0,1,' about us '),(22,'title',0,1,' portfolio '),(22,'slug',0,1,' portfolio '),(50,'slug',0,1,''),(24,'extension',0,1,' jpg '),(24,'kind',0,1,' image '),(24,'slug',0,1,''),(24,'title',0,1,' pexels joey 342800 '),(25,'extension',0,1,' jpg '),(25,'kind',0,1,' image '),(25,'slug',0,1,''),(25,'title',0,1,' pexels karolina grabowska 4239013 '),(26,'extension',0,1,' jpg '),(26,'kind',0,1,' image '),(26,'slug',0,1,''),(26,'title',0,1,' pexels monstera 6373479 '),(26,'filename',0,1,' pexels monstera 6373479 jpg '),(25,'filename',0,1,' pexels karolina grabowska 4239013 jpg '),(24,'filename',0,1,' pexels joey 342800 jpg '),(36,'slug',0,1,''),(37,'slug',0,1,''),(38,'slug',0,1,''),(39,'title',0,1,' business feature 1 '),(39,'slug',0,1,' business feature 1 '),(41,'slug',0,1,''),(42,'slug',0,1,''),(43,'slug',0,1,''),(44,'title',0,1,' contact page link '),(44,'slug',0,1,' contact page link '),(60,'filename',0,1,' caartqxsdwz jpg '),(60,'extension',0,1,' jpg '),(60,'kind',0,1,' image '),(60,'slug',0,1,''),(60,'title',0,1,' ca art q xs dwz '),(61,'filename',0,1,' czck2mvmngl jpg '),(61,'extension',0,1,' jpg '),(61,'kind',0,1,' image '),(61,'slug',0,1,''),(61,'title',0,1,' c zc k2 mv mng l '),(62,'filename',0,1,' czcdceruvfq jpg '),(62,'extension',0,1,' jpg '),(62,'kind',0,1,' image '),(62,'slug',0,1,''),(62,'title',0,1,' c zc d ceruv fq '),(63,'filename',0,1,' czpcg8isy4d jpg '),(63,'extension',0,1,' jpg '),(63,'kind',0,1,' image '),(63,'slug',0,1,''),(63,'title',0,1,' czpcg8 is y4d '),(64,'filename',0,1,' czadkk6moc jpg '),(64,'extension',0,1,' jpg '),(64,'kind',0,1,' image '),(64,'slug',0,1,''),(64,'title',0,1,' cza dkk6 moc '),(65,'filename',0,1,' cyhxheemahh jpg '),(65,'extension',0,1,' jpg '),(65,'kind',0,1,' image '),(65,'slug',0,1,''),(65,'title',0,1,' c yh xhee m ah h '),(66,'filename',0,1,' cx33oygm8ap jpg '),(66,'extension',0,1,' jpg '),(66,'kind',0,1,' image '),(66,'slug',0,1,''),(66,'title',0,1,' cx33 o yg m8 ap '),(67,'filename',0,1,' cxqnmczsbpg jpg '),(67,'extension',0,1,' jpg '),(67,'kind',0,1,' image '),(67,'slug',0,1,''),(67,'title',0,1,' c xq nm c zsbpg '),(68,'filename',0,1,' cwyyj64mdcd jpg '),(68,'extension',0,1,' jpg '),(68,'kind',0,1,' image '),(68,'slug',0,1,''),(68,'title',0,1,' cwy yj64 md cd '),(81,'filename',0,1,' pexels nugroho wahyu 3148596 jpg '),(81,'extension',0,1,' jpg '),(81,'kind',0,1,' image '),(81,'slug',0,1,''),(81,'title',0,1,' pexels nugroho wahyu 3148596 '),(121,'slug',0,1,''),(122,'slug',0,1,''),(147,'slug',0,1,' business feature 2 '),(147,'title',0,1,' business feature 2 '),(149,'slug',0,1,' business feature 3 '),(149,'title',0,1,' business feature 3 '),(151,'slug',0,1,' business feature 4 '),(151,'title',0,1,' business feature 4 '),(181,'filename',0,1,' like png '),(181,'slug',0,1,''),(181,'kind',0,1,' image '),(181,'extension',0,1,' png '),(167,'filename',0,1,' pexels kinga longa 1652544 jpg '),(167,'extension',0,1,' jpg '),(167,'kind',0,1,' image '),(167,'slug',0,1,''),(167,'title',0,1,' pexels kinga longa 1652544 '),(170,'slug',0,1,' about us page link '),(170,'title',0,1,' about us page link '),(171,'filename',0,1,' pexels henry co 1144871 jpg '),(171,'extension',0,1,' jpg '),(171,'kind',0,1,' image '),(171,'slug',0,1,''),(171,'title',0,1,' pexels henry co 1144871 '),(181,'title',0,1,' like '),(184,'filename',0,1,' clock png '),(184,'extension',0,1,' png '),(184,'kind',0,1,' image '),(184,'slug',0,1,''),(184,'title',0,1,' clock '),(187,'filename',0,1,' clipart1696957 png '),(187,'extension',0,1,' png '),(187,'kind',0,1,' image '),(187,'slug',0,1,''),(187,'title',0,1,' clipart1696957 '),(191,'filename',0,1,' stopwatch png '),(189,'filename',0,1,' star png '),(189,'extension',0,1,' png '),(189,'kind',0,1,' image '),(189,'slug',0,1,''),(189,'title',0,1,' star '),(191,'extension',0,1,' png '),(191,'kind',0,1,' image '),(191,'slug',0,1,''),(191,'title',0,1,' stopwatch '),(210,'filename',0,1,' canuyoantin jpg '),(210,'extension',0,1,' jpg '),(210,'kind',0,1,' image '),(210,'slug',0,1,''),(210,'title',0,1,' ca nuyoa ntin '),(211,'filename',0,1,' canuxmssgnf jpg '),(211,'extension',0,1,' jpg '),(211,'kind',0,1,' image '),(211,'slug',0,1,''),(211,'title',0,1,' ca nux m ss gn f '),(212,'filename',0,1,' canuxz3nodg jpg '),(212,'extension',0,1,' jpg '),(212,'kind',0,1,' image '),(212,'slug',0,1,''),(212,'title',0,1,' ca nuxz3 nodg '),(213,'filename',0,1,' canuxnqp17p jpg '),(213,'extension',0,1,' jpg '),(213,'kind',0,1,' image '),(213,'slug',0,1,''),(213,'title',0,1,' ca nux nq p17 p '),(214,'filename',0,1,' canuxomvb5z jpg '),(214,'extension',0,1,' jpg '),(214,'kind',0,1,' image '),(214,'slug',0,1,''),(214,'title',0,1,' ca nux o mvb5 z '),(215,'filename',0,1,' canux5mm3no jpg '),(215,'extension',0,1,' jpg '),(215,'kind',0,1,' image '),(215,'slug',0,1,''),(215,'title',0,1,' ca nux5m m3 no '),(216,'filename',0,1,' canujoonucc jpg '),(216,'extension',0,1,' jpg '),(216,'kind',0,1,' image '),(216,'slug',0,1,''),(216,'title',0,1,' ca nujoo n uc c '),(217,'filename',0,1,' canukjor5kl jpg '),(217,'extension',0,1,' jpg '),(217,'kind',0,1,' image '),(217,'slug',0,1,''),(217,'title',0,1,' ca nuk j or5 kl '),(218,'filename',0,1,' canujx5preo jpg '),(218,'extension',0,1,' jpg '),(218,'kind',0,1,' image '),(218,'slug',0,1,''),(218,'title',0,1,' ca nuj x5 pre o '),(219,'filename',0,1,' canuo6jvl0y jpg '),(219,'extension',0,1,' jpg '),(219,'kind',0,1,' image '),(219,'slug',0,1,''),(219,'title',0,1,' ca nuo6 jv l0 y '),(220,'filename',0,1,' canurngok2q jpg '),(220,'extension',0,1,' jpg '),(220,'kind',0,1,' image '),(220,'slug',0,1,''),(220,'title',0,1,' ca nurn go k2q '),(221,'filename',0,1,' canume6txeu jpg '),(221,'extension',0,1,' jpg '),(221,'kind',0,1,' image '),(221,'slug',0,1,''),(221,'title',0,1,' ca num e6t xeu '),(222,'filename',0,1,' canuntgkey1 jpg '),(222,'extension',0,1,' jpg '),(222,'kind',0,1,' image '),(222,'slug',0,1,''),(222,'title',0,1,' ca nun tgk ey1 '),(223,'filename',0,1,' canut14kwe7 jpg '),(223,'extension',0,1,' jpg '),(223,'kind',0,1,' image '),(223,'slug',0,1,''),(223,'title',0,1,' ca nut14 k we7 '),(224,'filename',0,1,' canuurbsphb jpg '),(224,'extension',0,1,' jpg '),(224,'kind',0,1,' image '),(224,'slug',0,1,''),(224,'title',0,1,' ca nuur bsph b '),(225,'filename',0,1,' canurlya6hc jpg '),(225,'extension',0,1,' jpg '),(225,'kind',0,1,' image '),(225,'slug',0,1,''),(225,'title',0,1,' ca nur ly a6 hc '),(226,'filename',0,1,' canuodytcls jpg '),(226,'extension',0,1,' jpg '),(226,'kind',0,1,' image '),(226,'slug',0,1,''),(226,'title',0,1,' ca nuo dyt cls '),(227,'filename',0,1,' canujaqgfzt jpg '),(227,'extension',0,1,' jpg '),(227,'kind',0,1,' image '),(227,'slug',0,1,''),(227,'title',0,1,' ca nuja qg fzt '),(228,'filename',0,1,' canunqlq7za jpg '),(228,'extension',0,1,' jpg '),(228,'kind',0,1,' image '),(228,'slug',0,1,''),(228,'title',0,1,' ca nunqlq7za '),(229,'filename',0,1,' canuoqfpwrc jpg '),(229,'extension',0,1,' jpg '),(229,'kind',0,1,' image '),(229,'slug',0,1,''),(229,'title',0,1,' ca nuo qf pw rc '),(230,'filename',0,1,' canundluitd jpg '),(230,'extension',0,1,' jpg '),(230,'kind',0,1,' image '),(230,'slug',0,1,''),(230,'title',0,1,' ca nun dluitd '),(231,'filename',0,1,' canun50iote jpg '),(231,'extension',0,1,' jpg '),(231,'kind',0,1,' image '),(231,'slug',0,1,''),(231,'title',0,1,' ca nun50 io te '),(232,'filename',0,1,' canuqo6pspm jpg '),(232,'extension',0,1,' jpg '),(232,'kind',0,1,' image '),(232,'slug',0,1,''),(232,'title',0,1,' ca nuqo6 p spm '),(233,'filename',0,1,' canuqc1nrxr jpg '),(233,'extension',0,1,' jpg '),(233,'kind',0,1,' image '),(233,'slug',0,1,''),(233,'title',0,1,' ca nuqc1 nr xr '),(234,'filename',0,1,' canuqwwmlzw jpg '),(234,'extension',0,1,' jpg '),(234,'kind',0,1,' image '),(234,'slug',0,1,''),(234,'title',0,1,' ca nuq ww mlzw '),(235,'filename',0,1,' cans3c9rwr7 jpg '),(235,'extension',0,1,' jpg '),(235,'kind',0,1,' image '),(235,'slug',0,1,''),(235,'title',0,1,' ca ns3 c9rwr7 '),(236,'filename',0,1,' calwridncna jpg '),(236,'extension',0,1,' jpg '),(236,'kind',0,1,' image '),(236,'slug',0,1,''),(236,'title',0,1,' ca l wrid nc na '),(237,'filename',0,1,' cz4knloqasm jpg '),(237,'extension',0,1,' jpg '),(237,'kind',0,1,' image '),(237,'slug',0,1,''),(237,'title',0,1,' cz4k nl oqas m '),(238,'filename',0,1,' bbtwjvqh ta jpg '),(238,'extension',0,1,' jpg '),(238,'kind',0,1,' image '),(238,'slug',0,1,''),(238,'title',0,1,' bbt wj vqh ta '),(239,'filename',0,1,' bv5mykhblst jpg '),(239,'extension',0,1,' jpg '),(239,'kind',0,1,' image '),(239,'slug',0,1,''),(239,'title',0,1,' bv5 myk h bls t '),(264,'filename',0,1,' pexels i jpg '),(264,'kind',0,1,' image '),(264,'extension',0,1,' jpg '),(264,'slug',0,1,''),(264,'title',0,1,' pexels i '),(265,'slug',0,1,' portfolio block '),(265,'title',0,1,' portfolio block '),(299,'filename',0,1,' caqttbaiiei jpg '),(299,'extension',0,1,' jpg '),(299,'kind',0,1,' image '),(299,'slug',0,1,''),(299,'title',0,1,' ca qt tba i ie i '),(300,'filename',0,1,' caqtgqar4ir jpg '),(300,'extension',0,1,' jpg '),(300,'kind',0,1,' image '),(300,'slug',0,1,''),(300,'title',0,1,' ca q tg q ar4 ir '),(301,'filename',0,1,' caqtehuvt4u jpg '),(301,'extension',0,1,' jpg '),(301,'kind',0,1,' image '),(301,'slug',0,1,''),(301,'title',0,1,' ca q tehuv t4u '),(302,'filename',0,1,' caqtvaslgky jpg '),(302,'extension',0,1,' jpg '),(302,'kind',0,1,' image '),(302,'slug',0,1,''),(302,'title',0,1,' ca qt va slg ky '),(303,'filename',0,1,' caqtbepod4 jpg '),(303,'extension',0,1,' jpg '),(303,'kind',0,1,' image '),(303,'slug',0,1,''),(303,'title',0,1,' ca q tb ep od4 '),(304,'filename',0,1,' caqtfopnw jpg '),(304,'extension',0,1,' jpg '),(304,'kind',0,1,' image '),(304,'slug',0,1,''),(304,'title',0,1,' ca q tfop nw '),(305,'filename',0,1,' caqtbeophbd jpg '),(305,'extension',0,1,' jpg '),(305,'kind',0,1,' image '),(305,'slug',0,1,''),(305,'title',0,1,' ca q tbe oph bd '),(306,'filename',0,1,' caqtwvfkk n jpg '),(306,'extension',0,1,' jpg '),(306,'kind',0,1,' image '),(306,'slug',0,1,''),(306,'title',0,1,' ca qt wv f kk n '),(307,'filename',0,1,' caqtbhdrwxl jpg '),(307,'extension',0,1,' jpg '),(307,'kind',0,1,' image '),(307,'slug',0,1,''),(307,'title',0,1,' ca q tb hdr wxl '),(308,'filename',0,1,' caqtahpfhtr jpg '),(308,'extension',0,1,' jpg '),(308,'kind',0,1,' image '),(308,'slug',0,1,''),(308,'title',0,1,' ca q tahp fhtr '),(309,'filename',0,1,' caqtuxxoxbt jpg '),(309,'extension',0,1,' jpg '),(309,'kind',0,1,' image '),(309,'slug',0,1,''),(309,'title',0,1,' ca qt uxx ox bt '),(310,'filename',0,1,' caqtufiq6t8 jpg '),(310,'extension',0,1,' jpg '),(310,'kind',0,1,' image '),(310,'slug',0,1,''),(310,'title',0,1,' ca qtu fiq6t8 '),(311,'filename',0,1,' caqtn3zp6wd jpg '),(311,'extension',0,1,' jpg '),(311,'kind',0,1,' image '),(311,'slug',0,1,''),(311,'title',0,1,' ca qtn3z p6w d '),(312,'filename',0,1,' caqtlw m6yi jpg '),(312,'extension',0,1,' jpg '),(312,'kind',0,1,' image '),(312,'slug',0,1,''),(312,'title',0,1,' ca qt lw m6 yi '),(313,'filename',0,1,' caqtntuve m jpg '),(313,'extension',0,1,' jpg '),(313,'kind',0,1,' image '),(313,'slug',0,1,''),(313,'title',0,1,' ca qtnt uv e m '),(314,'filename',0,1,' caqtrr0tzwd jpg '),(314,'extension',0,1,' jpg '),(314,'kind',0,1,' image '),(314,'slug',0,1,''),(314,'title',0,1,' ca qtrr0t zwd '),(315,'filename',0,1,' caqtn rmlke jpg '),(315,'extension',0,1,' jpg '),(315,'kind',0,1,' image '),(315,'slug',0,1,''),(315,'title',0,1,' ca qtn r ml ke '),(316,'filename',0,1,' caqtqqml1 h jpg '),(316,'extension',0,1,' jpg '),(316,'kind',0,1,' image '),(316,'slug',0,1,''),(316,'title',0,1,' ca qt qq ml1 h '),(317,'filename',0,1,' caqth9hsoar jpg '),(317,'extension',0,1,' jpg '),(317,'kind',0,1,' image '),(317,'slug',0,1,''),(317,'title',0,1,' ca qth9hsoar '),(318,'filename',0,1,' caqtkzkp db jpg '),(318,'extension',0,1,' jpg '),(318,'kind',0,1,' image '),(318,'slug',0,1,''),(318,'title',0,1,' ca qtkz kp db '),(319,'filename',0,1,' caqthcmguvd jpg '),(319,'extension',0,1,' jpg '),(319,'kind',0,1,' image '),(319,'slug',0,1,''),(319,'title',0,1,' ca qth cmg uv d '),(320,'filename',0,1,' caqtlanssjf jpg '),(320,'extension',0,1,' jpg '),(320,'kind',0,1,' image '),(320,'slug',0,1,''),(320,'title',0,1,' ca qt lanssj f '),(321,'filename',0,1,' caqti0trkpm jpg '),(321,'extension',0,1,' jpg '),(321,'kind',0,1,' image '),(321,'slug',0,1,''),(321,'title',0,1,' ca qti0tr kpm '),(322,'filename',0,1,' caqtdjzqa7s jpg '),(322,'extension',0,1,' jpg '),(322,'kind',0,1,' image '),(322,'slug',0,1,''),(322,'title',0,1,' ca qtd jzqa7 s '),(323,'filename',0,1,' caqtskpp9ff jpg '),(323,'extension',0,1,' jpg '),(323,'kind',0,1,' image '),(323,'slug',0,1,''),(323,'title',0,1,' ca qts kp p9ff '),(324,'filename',0,1,' caqtsh6ojlg jpg '),(324,'extension',0,1,' jpg '),(324,'kind',0,1,' image '),(324,'slug',0,1,''),(324,'title',0,1,' ca qt sh6 o jlg '),(325,'filename',0,1,' canbbmis14g jpg '),(325,'extension',0,1,' jpg '),(325,'kind',0,1,' image '),(325,'slug',0,1,''),(325,'title',0,1,' ca nb bm is14g '),(326,'filename',0,1,' cahctlpibpu jpg '),(326,'extension',0,1,' jpg '),(326,'kind',0,1,' image '),(326,'slug',0,1,''),(326,'title',0,1,' ca hc tlp ibpu '),(327,'filename',0,1,' cz f1iyipp0 jpg '),(327,'extension',0,1,' jpg '),(327,'kind',0,1,' image '),(327,'slug',0,1,''),(327,'title',0,1,' cz f1 iy ipp0 '),(328,'filename',0,1,' czm5h4ti4z jpg '),(328,'extension',0,1,' jpg '),(328,'kind',0,1,' image '),(328,'slug',0,1,''),(328,'title',0,1,' c zm5h4t i4 z '),(362,'slug',0,1,''),(405,'slug',0,1,' kitchen project '),(404,'slug',0,1,' testimonials '),(404,'title',0,1,' testimonials '),(405,'title',0,1,' kitchen project '),(395,'filename',0,1,' pexels daria shevtsova 1583653 jpg '),(395,'extension',0,1,' jpg '),(395,'kind',0,1,' image '),(395,'slug',0,1,''),(395,'title',0,1,' pexels daria shevtsova 1583653 '),(406,'slug',0,1,''),(438,'slug',0,1,''),(406,'kind',0,1,' image '),(406,'extension',0,1,' jpg '),(406,'filename',0,1,' pexels pixabay 279648 jpg '),(406,'title',0,1,' pexels pixabay 279648 '),(441,'slug',0,1,''),(441,'title',0,1,' pexels vedanti 242616 '),(439,'slug',0,1,''),(440,'title',0,1,' pexels pixabay 279648 '),(440,'slug',0,1,''),(439,'kind',0,1,' image '),(439,'extension',0,1,' jpg '),(439,'filename',0,1,' pexels philipp deus 2233992 jpg '),(440,'kind',0,1,' image '),(440,'extension',0,1,' jpg '),(440,'filename',0,1,' pexels pixabay 279648 jpg '),(441,'kind',0,1,' image '),(441,'extension',0,1,' jpg '),(441,'filename',0,1,' pexels vedanti 242616 jpg '),(439,'title',0,1,' pexels philipp deus 2233992 '),(443,'slug',0,1,''),(471,'filename',0,1,' pexels mitchell luo 3707669 jpg '),(471,'extension',0,1,' jpg '),(471,'kind',0,1,' image '),(471,'slug',0,1,''),(471,'title',0,1,' pexels mitchell luo 3707669 '),(472,'slug',0,1,' testimonial page '),(472,'title',0,1,' testimonial page '),(560,'slug',0,1,''),(651,'slug',0,1,''),(652,'slug',0,1,'');
/*!40000 ALTER TABLE `searchindex` ENABLE KEYS */;
UNLOCK TABLES;

--
-- Table structure for table `sections`
--

DROP TABLE IF EXISTS `sections`;
/*!40101 SET @saved_cs_client     = @@character_set_client */;
/*!40101 SET character_set_client = utf8 */;
CREATE TABLE `sections` (
  `id` int(11) NOT NULL AUTO_INCREMENT,
  `structureId` int(11) DEFAULT NULL,
  `name` varchar(255) COLLATE utf8mb3_unicode_ci NOT NULL,
  `handle` varchar(255) COLLATE utf8mb3_unicode_ci NOT NULL,
  `type` enum('single','channel','structure') COLLATE utf8mb3_unicode_ci NOT NULL DEFAULT 'channel',
  `enableVersioning` tinyint(1) NOT NULL DEFAULT 0,
  `propagationMethod` varchar(255) COLLATE utf8mb3_unicode_ci NOT NULL DEFAULT 'all',
  `defaultPlacement` enum('beginning','end') COLLATE utf8mb3_unicode_ci NOT NULL DEFAULT 'end',
  `previewTargets` text COLLATE utf8mb3_unicode_ci DEFAULT NULL,
  `dateCreated` datetime NOT NULL,
  `dateUpdated` datetime NOT NULL,
  `dateDeleted` datetime DEFAULT NULL,
  `uid` char(36) COLLATE utf8mb3_unicode_ci NOT NULL DEFAULT '0',
  PRIMARY KEY (`id`),
  KEY `idx_gabbraendcuyofmgqlvdicewdsfzxfsrsvlv` (`handle`),
  KEY `idx_qtxdoeqcincqmjjtmhafkcrtppstrekxgcdq` (`name`),
  KEY `idx_ymyoqvxuqrmgzmmuxttborbrrsxhsexeznzd` (`structureId`),
  KEY `idx_iwfwcssvpfheobhndvjbzovmaegzsvuywkhq` (`dateDeleted`),
  CONSTRAINT `fk_tfltusmtlcxxnpjrmextyeijscnuekllwksv` FOREIGN KEY (`structureId`) REFERENCES `structures` (`id`) ON DELETE SET NULL
) ENGINE=InnoDB AUTO_INCREMENT=6 DEFAULT CHARSET=utf8mb3 COLLATE=utf8mb3_unicode_ci;
/*!40101 SET character_set_client = @saved_cs_client */;

--
-- Dumping data for table `sections`
--

LOCK TABLES `sections` WRITE;
/*!40000 ALTER TABLE `sections` DISABLE KEYS */;
INSERT INTO `sections` VALUES (1,1,'Pages','pages','structure',1,'all','end',NULL,'2022-02-19 14:26:20','2022-02-19 14:26:20',NULL,'cbf3800a-f50c-4b4f-8b1c-30cfc66edb25'),(2,NULL,'Home','home','single',1,'all','end',NULL,'2022-02-19 14:28:34','2022-02-19 14:28:34',NULL,'2a228bbd-71b6-4867-baf1-e4a7bcb17b2d'),(3,NULL,'Features','features','channel',1,'all','end',NULL,'2022-02-19 14:53:24','2022-02-19 14:53:24',NULL,'bcd15103-454c-4f79-a346-b9627704710c'),(4,NULL,'Feature Pages','featurePages','channel',1,'all','end',NULL,'2022-02-19 15:34:11','2022-02-19 15:34:11',NULL,'0bff018e-5871-462b-a2d0-404b19107f70'),(5,2,'Portfolio','portfolio','structure',1,'all','end','[{\"label\":\"Primary entry page\",\"urlFormat\":\"{url}\",\"refresh\":\"1\"}]','2022-02-26 11:12:49','2022-02-26 11:12:49',NULL,'35d54df4-4bf2-4070-8661-e0abbb64f186');
/*!40000 ALTER TABLE `sections` ENABLE KEYS */;
UNLOCK TABLES;

--
-- Table structure for table `sections_sites`
--

DROP TABLE IF EXISTS `sections_sites`;
/*!40101 SET @saved_cs_client     = @@character_set_client */;
/*!40101 SET character_set_client = utf8 */;
CREATE TABLE `sections_sites` (
  `id` int(11) NOT NULL AUTO_INCREMENT,
  `sectionId` int(11) NOT NULL,
  `siteId` int(11) NOT NULL,
  `hasUrls` tinyint(1) NOT NULL DEFAULT 1,
  `uriFormat` text COLLATE utf8mb3_unicode_ci DEFAULT NULL,
  `template` varchar(500) COLLATE utf8mb3_unicode_ci DEFAULT NULL,
  `enabledByDefault` tinyint(1) NOT NULL DEFAULT 1,
  `dateCreated` datetime NOT NULL,
  `dateUpdated` datetime NOT NULL,
  `uid` char(36) COLLATE utf8mb3_unicode_ci NOT NULL DEFAULT '0',
  PRIMARY KEY (`id`),
  UNIQUE KEY `idx_kjlcpanrnegsduhrtulrvsubsudqpxivtpse` (`sectionId`,`siteId`),
  KEY `idx_cvrnphfadggeqxydgwoobdxczbvigodtahmu` (`siteId`),
  CONSTRAINT `fk_oofpbiefypyvgpuxpilrlzukcoklmkcvzbqv` FOREIGN KEY (`sectionId`) REFERENCES `sections` (`id`) ON DELETE CASCADE,
  CONSTRAINT `fk_uqfrwkgulumdlujfooiapkolxaeglyozvuwt` FOREIGN KEY (`siteId`) REFERENCES `sites` (`id`) ON DELETE CASCADE ON UPDATE CASCADE
) ENGINE=InnoDB AUTO_INCREMENT=6 DEFAULT CHARSET=utf8mb3 COLLATE=utf8mb3_unicode_ci;
/*!40101 SET character_set_client = @saved_cs_client */;

--
-- Dumping data for table `sections_sites`
--

LOCK TABLES `sections_sites` WRITE;
/*!40000 ALTER TABLE `sections_sites` DISABLE KEYS */;
INSERT INTO `sections_sites` VALUES (1,1,1,1,'{slug}','_landing/pages',1,'2022-02-19 14:26:20','2022-02-19 14:26:53','977d092d-1ee6-4f30-b41b-0bda69735e80'),(2,2,1,1,'__home__','_landing/home',1,'2022-02-19 14:28:34','2022-02-19 14:28:34','97f3be61-cf1d-4352-96a0-b60df052452d'),(3,3,1,0,NULL,NULL,1,'2022-02-19 14:53:24','2022-02-19 14:53:24','c63aef0d-a371-4d95-ac8f-d810c38b0c4b'),(4,4,1,0,NULL,NULL,1,'2022-02-19 15:34:11','2022-02-19 15:34:11','cbaf299a-1792-4b9d-a8f0-fa49e1070637'),(5,5,1,1,'portfolio/{slug}','portfolio/_entry',1,'2022-02-26 11:12:49','2022-02-26 11:12:49','196ae170-e26d-4478-8e10-a777d005bda3');
/*!40000 ALTER TABLE `sections_sites` ENABLE KEYS */;
UNLOCK TABLES;

--
-- Table structure for table `sequences`
--

DROP TABLE IF EXISTS `sequences`;
/*!40101 SET @saved_cs_client     = @@character_set_client */;
/*!40101 SET character_set_client = utf8 */;
CREATE TABLE `sequences` (
  `name` varchar(255) COLLATE utf8mb3_unicode_ci NOT NULL,
  `next` int(11) unsigned NOT NULL DEFAULT 1,
  PRIMARY KEY (`name`)
) ENGINE=InnoDB DEFAULT CHARSET=utf8mb3 COLLATE=utf8mb3_unicode_ci;
/*!40101 SET character_set_client = @saved_cs_client */;

--
-- Dumping data for table `sequences`
--

LOCK TABLES `sequences` WRITE;
/*!40000 ALTER TABLE `sequences` DISABLE KEYS */;
/*!40000 ALTER TABLE `sequences` ENABLE KEYS */;
UNLOCK TABLES;

--
-- Table structure for table `sessions`
--

DROP TABLE IF EXISTS `sessions`;
/*!40101 SET @saved_cs_client     = @@character_set_client */;
/*!40101 SET character_set_client = utf8 */;
CREATE TABLE `sessions` (
  `id` int(11) NOT NULL AUTO_INCREMENT,
  `userId` int(11) NOT NULL,
  `token` char(100) COLLATE utf8mb3_unicode_ci NOT NULL,
  `dateCreated` datetime NOT NULL,
  `dateUpdated` datetime NOT NULL,
  `uid` char(36) COLLATE utf8mb3_unicode_ci NOT NULL DEFAULT '0',
  PRIMARY KEY (`id`),
  KEY `idx_fuitmfrqhdjtnnmlchrkpyrwadqzbbhbtaav` (`uid`),
  KEY `idx_slrqwqmsmaiinmftoqzskayzmqlxitslczxn` (`token`),
  KEY `idx_fhctyasspqmknmwzwgmmcroznednxpjjzotk` (`dateUpdated`),
  KEY `idx_hyblnaogasuaggyfedjmnikkieeduqpvquvl` (`userId`),
  CONSTRAINT `fk_dakspiwolzupsuhubxghddzkwyngjdajfkkc` FOREIGN KEY (`userId`) REFERENCES `users` (`id`) ON DELETE CASCADE
) ENGINE=InnoDB AUTO_INCREMENT=9 DEFAULT CHARSET=utf8mb3 COLLATE=utf8mb3_unicode_ci;
/*!40101 SET character_set_client = @saved_cs_client */;

--
-- Dumping data for table `sessions`
--

LOCK TABLES `sessions` WRITE;
/*!40000 ALTER TABLE `sessions` DISABLE KEYS */;
/*!40000 ALTER TABLE `sessions` ENABLE KEYS */;
UNLOCK TABLES;

--
-- Table structure for table `shunnedmessages`
--

DROP TABLE IF EXISTS `shunnedmessages`;
/*!40101 SET @saved_cs_client     = @@character_set_client */;
/*!40101 SET character_set_client = utf8 */;
CREATE TABLE `shunnedmessages` (
  `id` int(11) NOT NULL AUTO_INCREMENT,
  `userId` int(11) NOT NULL,
  `message` varchar(255) COLLATE utf8mb3_unicode_ci NOT NULL,
  `expiryDate` datetime DEFAULT NULL,
  `dateCreated` datetime NOT NULL,
  `dateUpdated` datetime NOT NULL,
  `uid` char(36) COLLATE utf8mb3_unicode_ci NOT NULL DEFAULT '0',
  PRIMARY KEY (`id`),
  UNIQUE KEY `idx_khskwcumgdppxgzeegskncjxgjfoktvouwuz` (`userId`,`message`),
  CONSTRAINT `fk_ylkeyixzolcbukxsmrrbloqmjcrvukpsrhns` FOREIGN KEY (`userId`) REFERENCES `users` (`id`) ON DELETE CASCADE
) ENGINE=InnoDB DEFAULT CHARSET=utf8mb3 COLLATE=utf8mb3_unicode_ci;
/*!40101 SET character_set_client = @saved_cs_client */;

--
-- Dumping data for table `shunnedmessages`
--

LOCK TABLES `shunnedmessages` WRITE;
/*!40000 ALTER TABLE `shunnedmessages` DISABLE KEYS */;
/*!40000 ALTER TABLE `shunnedmessages` ENABLE KEYS */;
UNLOCK TABLES;

--
-- Table structure for table `sitegroups`
--

DROP TABLE IF EXISTS `sitegroups`;
/*!40101 SET @saved_cs_client     = @@character_set_client */;
/*!40101 SET character_set_client = utf8 */;
CREATE TABLE `sitegroups` (
  `id` int(11) NOT NULL AUTO_INCREMENT,
  `name` varchar(255) COLLATE utf8mb3_unicode_ci NOT NULL,
  `dateCreated` datetime NOT NULL,
  `dateUpdated` datetime NOT NULL,
  `dateDeleted` datetime DEFAULT NULL,
  `uid` char(36) COLLATE utf8mb3_unicode_ci NOT NULL DEFAULT '0',
  PRIMARY KEY (`id`),
  KEY `idx_iouuzifxkkdnndzofduywbrofygdatjnbhww` (`name`)
) ENGINE=InnoDB AUTO_INCREMENT=2 DEFAULT CHARSET=utf8mb3 COLLATE=utf8mb3_unicode_ci;
/*!40101 SET character_set_client = @saved_cs_client */;

--
-- Dumping data for table `sitegroups`
--

LOCK TABLES `sitegroups` WRITE;
/*!40000 ALTER TABLE `sitegroups` DISABLE KEYS */;
INSERT INTO `sitegroups` VALUES (1,'Main Site Group','2022-02-19 14:10:02','2022-02-20 18:36:10',NULL,'801564a7-4e36-4e62-b7fb-57b457cad0fa');
/*!40000 ALTER TABLE `sitegroups` ENABLE KEYS */;
UNLOCK TABLES;

--
-- Table structure for table `sites`
--

DROP TABLE IF EXISTS `sites`;
/*!40101 SET @saved_cs_client     = @@character_set_client */;
/*!40101 SET character_set_client = utf8 */;
CREATE TABLE `sites` (
  `id` int(11) NOT NULL AUTO_INCREMENT,
  `groupId` int(11) NOT NULL,
  `primary` tinyint(1) NOT NULL,
  `enabled` tinyint(1) NOT NULL DEFAULT 1,
  `name` varchar(255) COLLATE utf8mb3_unicode_ci NOT NULL,
  `handle` varchar(255) COLLATE utf8mb3_unicode_ci NOT NULL,
  `language` varchar(12) COLLATE utf8mb3_unicode_ci NOT NULL,
  `hasUrls` tinyint(1) NOT NULL DEFAULT 0,
  `baseUrl` varchar(255) COLLATE utf8mb3_unicode_ci DEFAULT NULL,
  `sortOrder` smallint(6) unsigned DEFAULT NULL,
  `dateCreated` datetime NOT NULL,
  `dateUpdated` datetime NOT NULL,
  `dateDeleted` datetime DEFAULT NULL,
  `uid` char(36) COLLATE utf8mb3_unicode_ci NOT NULL DEFAULT '0',
  PRIMARY KEY (`id`),
  KEY `idx_nkrocghhombfbrsdpsfvezpkijmpzytdziah` (`dateDeleted`),
  KEY `idx_vkldsubwahqwynqvkvzqtfsmesvkfsvmivhh` (`handle`),
  KEY `idx_hvzlslsnscjbgavotjswtcqtuvphddztwsql` (`sortOrder`),
  KEY `fk_fycxeizfxrccbsnlsiyaxseeqbibnfmygfcl` (`groupId`),
  CONSTRAINT `fk_fycxeizfxrccbsnlsiyaxseeqbibnfmygfcl` FOREIGN KEY (`groupId`) REFERENCES `sitegroups` (`id`) ON DELETE CASCADE
) ENGINE=InnoDB AUTO_INCREMENT=2 DEFAULT CHARSET=utf8mb3 COLLATE=utf8mb3_unicode_ci;
/*!40101 SET character_set_client = @saved_cs_client */;

--
-- Dumping data for table `sites`
--

LOCK TABLES `sites` WRITE;
/*!40000 ALTER TABLE `sites` DISABLE KEYS */;
INSERT INTO `sites` VALUES (1,1,1,1,'$SITE_NAME','default','en',1,'$PRIMARY_SITE_URL',1,'2022-02-19 14:10:02','2022-02-20 18:37:14',NULL,'343ac0fe-b939-40b9-9fdc-dcd4900a6e22');
/*!40000 ALTER TABLE `sites` ENABLE KEYS */;
UNLOCK TABLES;

--
-- Table structure for table `structureelements`
--

DROP TABLE IF EXISTS `structureelements`;
/*!40101 SET @saved_cs_client     = @@character_set_client */;
/*!40101 SET character_set_client = utf8 */;
CREATE TABLE `structureelements` (
  `id` int(11) NOT NULL AUTO_INCREMENT,
  `structureId` int(11) NOT NULL,
  `elementId` int(11) DEFAULT NULL,
  `root` int(11) unsigned DEFAULT NULL,
  `lft` int(11) unsigned NOT NULL,
  `rgt` int(11) unsigned NOT NULL,
  `level` smallint(6) unsigned NOT NULL,
  `dateCreated` datetime NOT NULL,
  `dateUpdated` datetime NOT NULL,
  `uid` char(36) COLLATE utf8mb3_unicode_ci NOT NULL DEFAULT '0',
  PRIMARY KEY (`id`),
  UNIQUE KEY `idx_akkdvuirdrjzjnxuotbhinbogeakcaxumpwv` (`structureId`,`elementId`),
  KEY `idx_ofnhqgbpklqxvxkadomcrlvnrwesjvpwfweb` (`root`),
  KEY `idx_mjpqbvnndxllwmxpbovqvkzzsfbigbbtishn` (`lft`),
  KEY `idx_lidjiziqudwhsntfhqowlhlgurbmdoencgen` (`rgt`),
  KEY `idx_elaajpifbmawbmgaqebktdldmogpvroiblda` (`level`),
  KEY `idx_ektmhdctiserbbzmgimoomvhsocllldpjxjd` (`elementId`),
  CONSTRAINT `fk_pqeyprrusifmvvzheqtscpgayetryjebsdbn` FOREIGN KEY (`structureId`) REFERENCES `structures` (`id`) ON DELETE CASCADE,
  CONSTRAINT `fk_vczzkmwcbhedpoldziefktfpclwmuqvhfema` FOREIGN KEY (`elementId`) REFERENCES `elements` (`id`) ON DELETE CASCADE
) ENGINE=InnoDB AUTO_INCREMENT=8 DEFAULT CHARSET=utf8mb3 COLLATE=utf8mb3_unicode_ci;
/*!40101 SET character_set_client = @saved_cs_client */;

--
-- Dumping data for table `structureelements`
--

LOCK TABLES `structureelements` WRITE;
/*!40000 ALTER TABLE `structureelements` DISABLE KEYS */;
INSERT INTO `structureelements` VALUES (1,1,NULL,1,1,10,0,'2022-02-19 21:54:12','2022-02-26 11:07:59','b2ed6e35-b35a-4497-8433-284afeb8d94f'),(2,1,5,1,6,7,1,'2022-02-19 21:54:12','2022-02-20 12:56:49','3b8825cd-d558-4076-8e1b-cf968a28d0be'),(3,1,20,1,2,3,1,'2022-02-20 12:56:22','2022-02-20 12:56:49','26eccbb5-b609-4526-9395-b418ecf4a131'),(4,1,22,1,4,5,1,'2022-02-20 12:56:32','2022-02-20 12:56:49','f2a45373-bf97-42bd-87f5-b2140d23fa47'),(5,1,404,1,8,9,1,'2022-02-26 11:07:59','2022-02-26 11:07:59','c2854c01-b2ee-4f93-a60b-e413986861b0'),(6,2,NULL,6,1,4,0,'2022-02-26 11:21:59','2022-02-26 11:21:59','b80741ac-3605-4a12-9f95-5fe91e199730'),(7,2,405,6,2,3,1,'2022-02-26 11:21:59','2022-02-26 11:21:59','bccd54bc-a719-488c-9c1c-251f1a520a1d');
/*!40000 ALTER TABLE `structureelements` ENABLE KEYS */;
UNLOCK TABLES;

--
-- Table structure for table `structures`
--

DROP TABLE IF EXISTS `structures`;
/*!40101 SET @saved_cs_client     = @@character_set_client */;
/*!40101 SET character_set_client = utf8 */;
CREATE TABLE `structures` (
  `id` int(11) NOT NULL AUTO_INCREMENT,
  `maxLevels` smallint(6) unsigned DEFAULT NULL,
  `dateCreated` datetime NOT NULL,
  `dateUpdated` datetime NOT NULL,
  `dateDeleted` datetime DEFAULT NULL,
  `uid` char(36) COLLATE utf8mb3_unicode_ci NOT NULL DEFAULT '0',
  PRIMARY KEY (`id`),
  KEY `idx_tetquvzhxdqysraedgqdsjxzbqkpxyggzmtf` (`dateDeleted`)
) ENGINE=InnoDB AUTO_INCREMENT=3 DEFAULT CHARSET=utf8mb3 COLLATE=utf8mb3_unicode_ci;
/*!40101 SET character_set_client = @saved_cs_client */;

--
-- Dumping data for table `structures`
--

LOCK TABLES `structures` WRITE;
/*!40000 ALTER TABLE `structures` DISABLE KEYS */;
INSERT INTO `structures` VALUES (1,NULL,'2022-02-19 14:26:20','2022-02-19 14:26:20',NULL,'85d51b1a-b768-4209-80ec-8d15c78c449c'),(2,NULL,'2022-02-26 11:12:49','2022-02-26 11:12:49',NULL,'f8e06427-ab66-46ff-8556-e13c6293562d');
/*!40000 ALTER TABLE `structures` ENABLE KEYS */;
UNLOCK TABLES;

--
-- Table structure for table `systemmessages`
--

DROP TABLE IF EXISTS `systemmessages`;
/*!40101 SET @saved_cs_client     = @@character_set_client */;
/*!40101 SET character_set_client = utf8 */;
CREATE TABLE `systemmessages` (
  `id` int(11) NOT NULL AUTO_INCREMENT,
  `language` varchar(255) COLLATE utf8mb3_unicode_ci NOT NULL,
  `key` varchar(255) COLLATE utf8mb3_unicode_ci NOT NULL,
  `subject` text COLLATE utf8mb3_unicode_ci NOT NULL,
  `body` text COLLATE utf8mb3_unicode_ci NOT NULL,
  `dateCreated` datetime NOT NULL,
  `dateUpdated` datetime NOT NULL,
  `uid` char(36) COLLATE utf8mb3_unicode_ci NOT NULL DEFAULT '0',
  PRIMARY KEY (`id`),
  UNIQUE KEY `idx_zczrnceoemjjxrvzailzjjrfbzmhscnnhagc` (`key`,`language`),
  KEY `idx_lvidudmdlasrefhuyxuzpdycezmxlvumpgyc` (`language`)
) ENGINE=InnoDB DEFAULT CHARSET=utf8mb3 COLLATE=utf8mb3_unicode_ci;
/*!40101 SET character_set_client = @saved_cs_client */;

--
-- Dumping data for table `systemmessages`
--

LOCK TABLES `systemmessages` WRITE;
/*!40000 ALTER TABLE `systemmessages` DISABLE KEYS */;
/*!40000 ALTER TABLE `systemmessages` ENABLE KEYS */;
UNLOCK TABLES;

--
-- Table structure for table `taggroups`
--

DROP TABLE IF EXISTS `taggroups`;
/*!40101 SET @saved_cs_client     = @@character_set_client */;
/*!40101 SET character_set_client = utf8 */;
CREATE TABLE `taggroups` (
  `id` int(11) NOT NULL AUTO_INCREMENT,
  `name` varchar(255) COLLATE utf8mb3_unicode_ci NOT NULL,
  `handle` varchar(255) COLLATE utf8mb3_unicode_ci NOT NULL,
  `fieldLayoutId` int(11) DEFAULT NULL,
  `dateCreated` datetime NOT NULL,
  `dateUpdated` datetime NOT NULL,
  `dateDeleted` datetime DEFAULT NULL,
  `uid` char(36) COLLATE utf8mb3_unicode_ci NOT NULL DEFAULT '0',
  PRIMARY KEY (`id`),
  KEY `idx_ujdzqipjankhrjhooicnefnfepsksosmcocp` (`name`),
  KEY `idx_hsspajzfokgmalaxlvrecryzmtthqracrtck` (`handle`),
  KEY `idx_pvyrlqbfrvizelrjawevvysixzrtnpwzghoe` (`dateDeleted`),
  KEY `fk_fljbuxvmhprlkyjoyawzsvmgsvnsogrqxdef` (`fieldLayoutId`),
  CONSTRAINT `fk_fljbuxvmhprlkyjoyawzsvmgsvnsogrqxdef` FOREIGN KEY (`fieldLayoutId`) REFERENCES `fieldlayouts` (`id`) ON DELETE SET NULL
) ENGINE=InnoDB DEFAULT CHARSET=utf8mb3 COLLATE=utf8mb3_unicode_ci;
/*!40101 SET character_set_client = @saved_cs_client */;

--
-- Dumping data for table `taggroups`
--

LOCK TABLES `taggroups` WRITE;
/*!40000 ALTER TABLE `taggroups` DISABLE KEYS */;
/*!40000 ALTER TABLE `taggroups` ENABLE KEYS */;
UNLOCK TABLES;

--
-- Table structure for table `tags`
--

DROP TABLE IF EXISTS `tags`;
/*!40101 SET @saved_cs_client     = @@character_set_client */;
/*!40101 SET character_set_client = utf8 */;
CREATE TABLE `tags` (
  `id` int(11) NOT NULL,
  `groupId` int(11) NOT NULL,
  `deletedWithGroup` tinyint(1) DEFAULT NULL,
  `dateCreated` datetime NOT NULL,
  `dateUpdated` datetime NOT NULL,
  `uid` char(36) COLLATE utf8mb3_unicode_ci NOT NULL DEFAULT '0',
  PRIMARY KEY (`id`),
  KEY `idx_dazjllndyhwwodwcmhbmbzzrzpxoqsuljsis` (`groupId`),
  CONSTRAINT `fk_obhudlunjlboddigbdarlrihrlhyscgbdmrt` FOREIGN KEY (`groupId`) REFERENCES `taggroups` (`id`) ON DELETE CASCADE,
  CONSTRAINT `fk_xhyeycntiwpbxgksmrvhogubuhwsbycfonea` FOREIGN KEY (`id`) REFERENCES `elements` (`id`) ON DELETE CASCADE
) ENGINE=InnoDB DEFAULT CHARSET=utf8mb3 COLLATE=utf8mb3_unicode_ci;
/*!40101 SET character_set_client = @saved_cs_client */;

--
-- Dumping data for table `tags`
--

LOCK TABLES `tags` WRITE;
/*!40000 ALTER TABLE `tags` DISABLE KEYS */;
/*!40000 ALTER TABLE `tags` ENABLE KEYS */;
UNLOCK TABLES;

--
-- Table structure for table `templatecacheelements`
--

DROP TABLE IF EXISTS `templatecacheelements`;
/*!40101 SET @saved_cs_client     = @@character_set_client */;
/*!40101 SET character_set_client = utf8 */;
CREATE TABLE `templatecacheelements` (
  `id` int(11) NOT NULL AUTO_INCREMENT,
  `cacheId` int(11) NOT NULL,
  `elementId` int(11) NOT NULL,
  PRIMARY KEY (`id`),
  KEY `idx_ttlnmrzqogsjupjfvozvvyrbtvfiwkvbwlda` (`cacheId`),
  KEY `idx_sofnijvozkibltqbtoqsftcpmcvhkymofcmb` (`elementId`),
  CONSTRAINT `fk_wzeaqwobjotogueemsconcpmpupcrqnicork` FOREIGN KEY (`cacheId`) REFERENCES `templatecaches` (`id`) ON DELETE CASCADE,
  CONSTRAINT `fk_yjtyexunkaarikjnejspuarfimcbiuogtheh` FOREIGN KEY (`elementId`) REFERENCES `elements` (`id`) ON DELETE CASCADE
) ENGINE=InnoDB DEFAULT CHARSET=utf8mb3 COLLATE=utf8mb3_unicode_ci;
/*!40101 SET character_set_client = @saved_cs_client */;

--
-- Dumping data for table `templatecacheelements`
--

LOCK TABLES `templatecacheelements` WRITE;
/*!40000 ALTER TABLE `templatecacheelements` DISABLE KEYS */;
/*!40000 ALTER TABLE `templatecacheelements` ENABLE KEYS */;
UNLOCK TABLES;

--
-- Table structure for table `templatecachequeries`
--

DROP TABLE IF EXISTS `templatecachequeries`;
/*!40101 SET @saved_cs_client     = @@character_set_client */;
/*!40101 SET character_set_client = utf8 */;
CREATE TABLE `templatecachequeries` (
  `id` int(11) NOT NULL AUTO_INCREMENT,
  `cacheId` int(11) NOT NULL,
  `type` varchar(255) COLLATE utf8mb3_unicode_ci NOT NULL,
  `query` longtext COLLATE utf8mb3_unicode_ci NOT NULL,
  PRIMARY KEY (`id`),
  KEY `idx_gjcpuhjjsnpslsjaccdsvcbqwygcpstugetv` (`cacheId`),
  KEY `idx_higkwbwdffkckkyezugqytamesmbyqpjvpqy` (`type`),
  CONSTRAINT `fk_mgkiszdiknnyrlvioluiwcqwfmharqptmfth` FOREIGN KEY (`cacheId`) REFERENCES `templatecaches` (`id`) ON DELETE CASCADE
) ENGINE=InnoDB DEFAULT CHARSET=utf8mb3 COLLATE=utf8mb3_unicode_ci;
/*!40101 SET character_set_client = @saved_cs_client */;

--
-- Dumping data for table `templatecachequeries`
--

LOCK TABLES `templatecachequeries` WRITE;
/*!40000 ALTER TABLE `templatecachequeries` DISABLE KEYS */;
/*!40000 ALTER TABLE `templatecachequeries` ENABLE KEYS */;
UNLOCK TABLES;

--
-- Table structure for table `templatecaches`
--

DROP TABLE IF EXISTS `templatecaches`;
/*!40101 SET @saved_cs_client     = @@character_set_client */;
/*!40101 SET character_set_client = utf8 */;
CREATE TABLE `templatecaches` (
  `id` int(11) NOT NULL AUTO_INCREMENT,
  `siteId` int(11) NOT NULL,
  `cacheKey` varchar(255) COLLATE utf8mb3_unicode_ci NOT NULL,
  `path` varchar(255) COLLATE utf8mb3_unicode_ci DEFAULT NULL,
  `expiryDate` datetime NOT NULL,
  `body` mediumtext COLLATE utf8mb3_unicode_ci NOT NULL,
  PRIMARY KEY (`id`),
  KEY `idx_swwxnvysdiclkbfkanqxpcsgrdxphabxmnuc` (`cacheKey`,`siteId`,`expiryDate`,`path`),
  KEY `idx_hubsbkxwxldocqumqmlefyebtidretjgwhde` (`cacheKey`,`siteId`,`expiryDate`),
  KEY `idx_onkplittutmciiuzsqfdcfcojmkeyrlngfkl` (`siteId`),
  CONSTRAINT `fk_iztgqwpmetblsyuxfluzihlwrsnjxzwgryeg` FOREIGN KEY (`siteId`) REFERENCES `sites` (`id`) ON DELETE CASCADE ON UPDATE CASCADE
) ENGINE=InnoDB DEFAULT CHARSET=utf8mb3 COLLATE=utf8mb3_unicode_ci;
/*!40101 SET character_set_client = @saved_cs_client */;

--
-- Dumping data for table `templatecaches`
--

LOCK TABLES `templatecaches` WRITE;
/*!40000 ALTER TABLE `templatecaches` DISABLE KEYS */;
/*!40000 ALTER TABLE `templatecaches` ENABLE KEYS */;
UNLOCK TABLES;

--
-- Table structure for table `tokens`
--

DROP TABLE IF EXISTS `tokens`;
/*!40101 SET @saved_cs_client     = @@character_set_client */;
/*!40101 SET character_set_client = utf8 */;
CREATE TABLE `tokens` (
  `id` int(11) NOT NULL AUTO_INCREMENT,
  `token` char(32) COLLATE utf8mb3_unicode_ci NOT NULL,
  `route` text COLLATE utf8mb3_unicode_ci DEFAULT NULL,
  `usageLimit` tinyint(3) unsigned DEFAULT NULL,
  `usageCount` tinyint(3) unsigned DEFAULT NULL,
  `expiryDate` datetime NOT NULL,
  `dateCreated` datetime NOT NULL,
  `dateUpdated` datetime NOT NULL,
  `uid` char(36) COLLATE utf8mb3_unicode_ci NOT NULL DEFAULT '0',
  PRIMARY KEY (`id`),
  UNIQUE KEY `idx_njaiyqtrlzqwwfmqkxmemgvumkmybgulwhct` (`token`),
  KEY `idx_pypratocxqfcwaytjwjwaqaaspcjwefqlnky` (`expiryDate`)
) ENGINE=InnoDB DEFAULT CHARSET=utf8mb3 COLLATE=utf8mb3_unicode_ci;
/*!40101 SET character_set_client = @saved_cs_client */;

--
-- Dumping data for table `tokens`
--

LOCK TABLES `tokens` WRITE;
/*!40000 ALTER TABLE `tokens` DISABLE KEYS */;
/*!40000 ALTER TABLE `tokens` ENABLE KEYS */;
UNLOCK TABLES;

--
-- Table structure for table `usergroups`
--

DROP TABLE IF EXISTS `usergroups`;
/*!40101 SET @saved_cs_client     = @@character_set_client */;
/*!40101 SET character_set_client = utf8 */;
CREATE TABLE `usergroups` (
  `id` int(11) NOT NULL AUTO_INCREMENT,
  `name` varchar(255) COLLATE utf8mb3_unicode_ci NOT NULL,
  `handle` varchar(255) COLLATE utf8mb3_unicode_ci NOT NULL,
  `description` text COLLATE utf8mb3_unicode_ci DEFAULT NULL,
  `dateCreated` datetime NOT NULL,
  `dateUpdated` datetime NOT NULL,
  `uid` char(36) COLLATE utf8mb3_unicode_ci NOT NULL DEFAULT '0',
  PRIMARY KEY (`id`),
  KEY `idx_hgjbizlpilkhicmjnrymsxbsmofpyxlqccvs` (`handle`),
  KEY `idx_rkoldxznwsdqaqpdlbsacusuqwnskyryaakh` (`name`)
) ENGINE=InnoDB DEFAULT CHARSET=utf8mb3 COLLATE=utf8mb3_unicode_ci;
/*!40101 SET character_set_client = @saved_cs_client */;

--
-- Dumping data for table `usergroups`
--

LOCK TABLES `usergroups` WRITE;
/*!40000 ALTER TABLE `usergroups` DISABLE KEYS */;
/*!40000 ALTER TABLE `usergroups` ENABLE KEYS */;
UNLOCK TABLES;

--
-- Table structure for table `usergroups_users`
--

DROP TABLE IF EXISTS `usergroups_users`;
/*!40101 SET @saved_cs_client     = @@character_set_client */;
/*!40101 SET character_set_client = utf8 */;
CREATE TABLE `usergroups_users` (
  `id` int(11) NOT NULL AUTO_INCREMENT,
  `groupId` int(11) NOT NULL,
  `userId` int(11) NOT NULL,
  `dateCreated` datetime NOT NULL,
  `dateUpdated` datetime NOT NULL,
  `uid` char(36) COLLATE utf8mb3_unicode_ci NOT NULL DEFAULT '0',
  PRIMARY KEY (`id`),
  UNIQUE KEY `idx_pdgpixpjesuhvwmqypyypdzhpjiiwzuarswo` (`groupId`,`userId`),
  KEY `idx_qqnznpnxjawylvhkjdpwrlohmubxltjupgfu` (`userId`),
  CONSTRAINT `fk_aslwtzqdistumqnxlfiaqrjcgybpdjrcuzai` FOREIGN KEY (`userId`) REFERENCES `users` (`id`) ON DELETE CASCADE,
  CONSTRAINT `fk_fhxjhwvkzdodlppwjtsokiltuhsjwsaafbag` FOREIGN KEY (`groupId`) REFERENCES `usergroups` (`id`) ON DELETE CASCADE
) ENGINE=InnoDB DEFAULT CHARSET=utf8mb3 COLLATE=utf8mb3_unicode_ci;
/*!40101 SET character_set_client = @saved_cs_client */;

--
-- Dumping data for table `usergroups_users`
--

LOCK TABLES `usergroups_users` WRITE;
/*!40000 ALTER TABLE `usergroups_users` DISABLE KEYS */;
/*!40000 ALTER TABLE `usergroups_users` ENABLE KEYS */;
UNLOCK TABLES;

--
-- Table structure for table `userpermissions`
--

DROP TABLE IF EXISTS `userpermissions`;
/*!40101 SET @saved_cs_client     = @@character_set_client */;
/*!40101 SET character_set_client = utf8 */;
CREATE TABLE `userpermissions` (
  `id` int(11) NOT NULL AUTO_INCREMENT,
  `name` varchar(255) COLLATE utf8mb3_unicode_ci NOT NULL,
  `dateCreated` datetime NOT NULL,
  `dateUpdated` datetime NOT NULL,
  `uid` char(36) COLLATE utf8mb3_unicode_ci NOT NULL DEFAULT '0',
  PRIMARY KEY (`id`),
  UNIQUE KEY `idx_tqbwspeyuxnsnjtgcygbebxeglmppoeqnrck` (`name`)
) ENGINE=InnoDB DEFAULT CHARSET=utf8mb3 COLLATE=utf8mb3_unicode_ci;
/*!40101 SET character_set_client = @saved_cs_client */;

--
-- Dumping data for table `userpermissions`
--

LOCK TABLES `userpermissions` WRITE;
/*!40000 ALTER TABLE `userpermissions` DISABLE KEYS */;
/*!40000 ALTER TABLE `userpermissions` ENABLE KEYS */;
UNLOCK TABLES;

--
-- Table structure for table `userpermissions_usergroups`
--

DROP TABLE IF EXISTS `userpermissions_usergroups`;
/*!40101 SET @saved_cs_client     = @@character_set_client */;
/*!40101 SET character_set_client = utf8 */;
CREATE TABLE `userpermissions_usergroups` (
  `id` int(11) NOT NULL AUTO_INCREMENT,
  `permissionId` int(11) NOT NULL,
  `groupId` int(11) NOT NULL,
  `dateCreated` datetime NOT NULL,
  `dateUpdated` datetime NOT NULL,
  `uid` char(36) COLLATE utf8mb3_unicode_ci NOT NULL DEFAULT '0',
  PRIMARY KEY (`id`),
  UNIQUE KEY `idx_wrordbzkdaroncmcytadfjfnpbscsdlyoepk` (`permissionId`,`groupId`),
  KEY `idx_vhmlibeotidvejeskbmhyzijfrswqakdeqru` (`groupId`),
  CONSTRAINT `fk_hcuptvqwkhhqhyhwrkguswsqvjselrausdjx` FOREIGN KEY (`permissionId`) REFERENCES `userpermissions` (`id`) ON DELETE CASCADE,
  CONSTRAINT `fk_jgtqsdislkdcrabilateujljiraklfpzkzca` FOREIGN KEY (`groupId`) REFERENCES `usergroups` (`id`) ON DELETE CASCADE
) ENGINE=InnoDB DEFAULT CHARSET=utf8mb3 COLLATE=utf8mb3_unicode_ci;
/*!40101 SET character_set_client = @saved_cs_client */;

--
-- Dumping data for table `userpermissions_usergroups`
--

LOCK TABLES `userpermissions_usergroups` WRITE;
/*!40000 ALTER TABLE `userpermissions_usergroups` DISABLE KEYS */;
/*!40000 ALTER TABLE `userpermissions_usergroups` ENABLE KEYS */;
UNLOCK TABLES;

--
-- Table structure for table `userpermissions_users`
--

DROP TABLE IF EXISTS `userpermissions_users`;
/*!40101 SET @saved_cs_client     = @@character_set_client */;
/*!40101 SET character_set_client = utf8 */;
CREATE TABLE `userpermissions_users` (
  `id` int(11) NOT NULL AUTO_INCREMENT,
  `permissionId` int(11) NOT NULL,
  `userId` int(11) NOT NULL,
  `dateCreated` datetime NOT NULL,
  `dateUpdated` datetime NOT NULL,
  `uid` char(36) COLLATE utf8mb3_unicode_ci NOT NULL DEFAULT '0',
  PRIMARY KEY (`id`),
  UNIQUE KEY `idx_hdfhqcnqzbutxyfffshiegflaznwinycunat` (`permissionId`,`userId`),
  KEY `idx_vbvylafdxbzxttanmbdtgmalmfhmvogzwjbl` (`userId`),
  CONSTRAINT `fk_eqijwutyurgnjcwewunewnkoscfkpyqetgiw` FOREIGN KEY (`userId`) REFERENCES `users` (`id`) ON DELETE CASCADE,
  CONSTRAINT `fk_zkgqyptbnvmmuwvdxtyxohdivxixvnxedgcy` FOREIGN KEY (`permissionId`) REFERENCES `userpermissions` (`id`) ON DELETE CASCADE
) ENGINE=InnoDB DEFAULT CHARSET=utf8mb3 COLLATE=utf8mb3_unicode_ci;
/*!40101 SET character_set_client = @saved_cs_client */;

--
-- Dumping data for table `userpermissions_users`
--

LOCK TABLES `userpermissions_users` WRITE;
/*!40000 ALTER TABLE `userpermissions_users` DISABLE KEYS */;
/*!40000 ALTER TABLE `userpermissions_users` ENABLE KEYS */;
UNLOCK TABLES;

--
-- Table structure for table `userpreferences`
--

DROP TABLE IF EXISTS `userpreferences`;
/*!40101 SET @saved_cs_client     = @@character_set_client */;
/*!40101 SET character_set_client = utf8 */;
CREATE TABLE `userpreferences` (
  `userId` int(11) NOT NULL AUTO_INCREMENT,
  `preferences` text COLLATE utf8mb3_unicode_ci DEFAULT NULL,
  PRIMARY KEY (`userId`),
  CONSTRAINT `fk_kmxvnjjqtcsvulryvfxumypcoonqyfentkjw` FOREIGN KEY (`userId`) REFERENCES `users` (`id`) ON DELETE CASCADE
) ENGINE=InnoDB AUTO_INCREMENT=2 DEFAULT CHARSET=utf8mb3 COLLATE=utf8mb3_unicode_ci;
/*!40101 SET character_set_client = @saved_cs_client */;

--
-- Dumping data for table `userpreferences`
--

LOCK TABLES `userpreferences` WRITE;
/*!40000 ALTER TABLE `userpreferences` DISABLE KEYS */;
INSERT INTO `userpreferences` VALUES (1,'{\"language\":\"en-US\"}');
/*!40000 ALTER TABLE `userpreferences` ENABLE KEYS */;
UNLOCK TABLES;

--
-- Table structure for table `users`
--

DROP TABLE IF EXISTS `users`;
/*!40101 SET @saved_cs_client     = @@character_set_client */;
/*!40101 SET character_set_client = utf8 */;
CREATE TABLE `users` (
  `id` int(11) NOT NULL,
  `username` varchar(100) COLLATE utf8mb3_unicode_ci NOT NULL,
  `photoId` int(11) DEFAULT NULL,
  `firstName` varchar(100) COLLATE utf8mb3_unicode_ci DEFAULT NULL,
  `lastName` varchar(100) COLLATE utf8mb3_unicode_ci DEFAULT NULL,
  `email` varchar(255) COLLATE utf8mb3_unicode_ci NOT NULL,
  `password` varchar(255) COLLATE utf8mb3_unicode_ci DEFAULT NULL,
  `admin` tinyint(1) NOT NULL DEFAULT 0,
  `locked` tinyint(1) NOT NULL DEFAULT 0,
  `suspended` tinyint(1) NOT NULL DEFAULT 0,
  `pending` tinyint(1) NOT NULL DEFAULT 0,
  `lastLoginDate` datetime DEFAULT NULL,
  `lastLoginAttemptIp` varchar(45) COLLATE utf8mb3_unicode_ci DEFAULT NULL,
  `invalidLoginWindowStart` datetime DEFAULT NULL,
  `invalidLoginCount` tinyint(3) unsigned DEFAULT NULL,
  `lastInvalidLoginDate` datetime DEFAULT NULL,
  `lockoutDate` datetime DEFAULT NULL,
  `hasDashboard` tinyint(1) NOT NULL DEFAULT 0,
  `verificationCode` varchar(255) COLLATE utf8mb3_unicode_ci DEFAULT NULL,
  `verificationCodeIssuedDate` datetime DEFAULT NULL,
  `unverifiedEmail` varchar(255) COLLATE utf8mb3_unicode_ci DEFAULT NULL,
  `passwordResetRequired` tinyint(1) NOT NULL DEFAULT 0,
  `lastPasswordChangeDate` datetime DEFAULT NULL,
  `dateCreated` datetime NOT NULL,
  `dateUpdated` datetime NOT NULL,
  `uid` char(36) COLLATE utf8mb3_unicode_ci NOT NULL DEFAULT '0',
  PRIMARY KEY (`id`),
  KEY `idx_gpvnxhefxwoyfwmyttzsyzxypjvkygejkven` (`uid`),
  KEY `idx_tyymuwdntaovhskjyemgouuulpupqqmdsphj` (`verificationCode`),
  KEY `idx_xvqvqranbcpeamqhybzehhmvufaroutnpwtu` (`email`),
  KEY `idx_fvpygngqcypkmjoimdmmqdqtnobugdgqhqcd` (`username`),
  KEY `fk_hwgbhjzxehqqhzmqytlahkzjlnoiykropcux` (`photoId`),
  CONSTRAINT `fk_hwgbhjzxehqqhzmqytlahkzjlnoiykropcux` FOREIGN KEY (`photoId`) REFERENCES `assets` (`id`) ON DELETE SET NULL,
  CONSTRAINT `fk_ogwjvohiicryrkxsppcvhbvbtmergjraxdop` FOREIGN KEY (`id`) REFERENCES `elements` (`id`) ON DELETE CASCADE
) ENGINE=InnoDB DEFAULT CHARSET=utf8mb3 COLLATE=utf8mb3_unicode_ci;
/*!40101 SET character_set_client = @saved_cs_client */;

--
-- Dumping data for table `users`
--

LOCK TABLES `users` WRITE;
/*!40000 ALTER TABLE `users` DISABLE KEYS */;
INSERT INTO `users` VALUES (1,'dene',NULL,NULL,NULL,'dene@designedbydash.co.uk','$2y$13$T5Kk7TVhey2Csd9G9g7JHeURr4Lza2JgDF.SY34vz0378nx.U6CtC',1,0,0,0,'2022-02-26 11:04:52',NULL,NULL,NULL,'2022-02-19 21:43:51',NULL,1,NULL,NULL,NULL,0,'2022-02-19 14:10:03','2022-02-19 14:10:03','2022-02-26 11:04:52','12945d0e-d92c-45f7-aa4e-a0a698697f67');
/*!40000 ALTER TABLE `users` ENABLE KEYS */;
UNLOCK TABLES;

--
-- Table structure for table `volumefolders`
--

DROP TABLE IF EXISTS `volumefolders`;
/*!40101 SET @saved_cs_client     = @@character_set_client */;
/*!40101 SET character_set_client = utf8 */;
CREATE TABLE `volumefolders` (
  `id` int(11) NOT NULL AUTO_INCREMENT,
  `parentId` int(11) DEFAULT NULL,
  `volumeId` int(11) DEFAULT NULL,
  `name` varchar(255) COLLATE utf8mb3_unicode_ci NOT NULL,
  `path` varchar(255) COLLATE utf8mb3_unicode_ci DEFAULT NULL,
  `dateCreated` datetime NOT NULL,
  `dateUpdated` datetime NOT NULL,
  `uid` char(36) COLLATE utf8mb3_unicode_ci NOT NULL DEFAULT '0',
  PRIMARY KEY (`id`),
  UNIQUE KEY `idx_khtfemwhqsjkxttfeoldvjefwliocetcharf` (`name`,`parentId`,`volumeId`),
  KEY `idx_dsexxtczqjmdqnnupulorpwvfigzrujxkoam` (`parentId`),
  KEY `idx_exfwlzjiykawbrjoykdtlakgnsxunknfcmjr` (`volumeId`),
  CONSTRAINT `fk_dgesxiqaxbfmhtlnjrvjlkpiftnbymsjylap` FOREIGN KEY (`parentId`) REFERENCES `volumefolders` (`id`) ON DELETE CASCADE,
  CONSTRAINT `fk_szngmklhkmyibeiicmmsnlhfnwnpqlpaaqyi` FOREIGN KEY (`volumeId`) REFERENCES `volumes` (`id`) ON DELETE CASCADE
) ENGINE=InnoDB AUTO_INCREMENT=15 DEFAULT CHARSET=utf8mb3 COLLATE=utf8mb3_unicode_ci;
/*!40101 SET character_set_client = @saved_cs_client */;

--
-- Dumping data for table `volumefolders`
--

LOCK TABLES `volumefolders` WRITE;
/*!40000 ALTER TABLE `volumefolders` DISABLE KEYS */;
INSERT INTO `volumefolders` VALUES (1,NULL,1,'Uploads','','2022-02-19 15:09:17','2022-02-19 15:09:17','9f9d2b9d-72d7-4c1b-8d32-c91800e728ba'),(2,NULL,NULL,'Temporary source',NULL,'2022-02-19 22:46:36','2022-02-19 22:46:36','c1c7f995-6494-4921-b70d-cfe315d4d7aa'),(3,2,NULL,'user_1','user_1/','2022-02-19 22:46:36','2022-02-19 22:46:36','73c2596e-8fb9-4def-8e96-db5030b4e242'),(4,1,1,'branding','branding/','2022-02-20 12:39:16','2022-02-20 12:39:16','1d513329-aebb-4c97-a24a-68bc5515ec5d'),(5,1,1,'features','features/','2022-02-20 13:07:09','2022-02-20 13:07:09','d4e94b55-62e5-44fc-90bc-3c996b9dca8d'),(6,1,1,'backgrounds','backgrounds/','2022-02-20 13:07:58','2022-02-20 13:07:58','43d36091-3b11-4766-8400-3048ab8d2ea6'),(7,1,1,'blocks','blocks/','2022-02-20 13:13:18','2022-02-20 13:13:18','08255584-7427-4d4a-aa3a-2f04a6bb3764'),(8,7,1,'slideshow','blocks/slideshow/','2022-02-20 13:13:18','2022-02-20 13:13:18','20618e43-ee01-46bf-94ae-13b27f3a1ffd'),(9,7,1,'imageText','blocks/imageText/','2022-02-20 13:14:24','2022-02-20 13:14:24','184b1a8f-f65f-4ddf-bff3-edc21e18a54b'),(10,1,1,'instagram','instagram/','2022-02-20 13:19:35','2022-02-20 13:19:35','80ac9b92-e927-4d98-bd70-7b7172cd99b2'),(11,7,1,'centralText','blocks/centralText/','2022-02-21 22:04:59','2022-02-21 22:04:59','83bcd799-9548-4296-92ad-c80a1879da0b'),(12,1,1,'portfolio','portfolio/','2022-02-26 11:21:59','2022-02-26 11:21:59','8c3fc27f-df40-44e8-b427-68babc6ff2ea'),(13,12,1,'lead-images','portfolio/lead-images/','2022-02-26 11:21:59','2022-02-26 11:21:59','909440a0-0381-41af-9c63-43c3e4aadbc7'),(14,7,1,'central-slideshow','blocks/central-slideshow/','2022-02-26 11:54:56','2022-02-26 11:54:56','660b283b-818b-4bc1-b401-80460c625835');
/*!40000 ALTER TABLE `volumefolders` ENABLE KEYS */;
UNLOCK TABLES;

--
-- Table structure for table `volumes`
--

DROP TABLE IF EXISTS `volumes`;
/*!40101 SET @saved_cs_client     = @@character_set_client */;
/*!40101 SET character_set_client = utf8 */;
CREATE TABLE `volumes` (
  `id` int(11) NOT NULL AUTO_INCREMENT,
  `fieldLayoutId` int(11) DEFAULT NULL,
  `name` varchar(255) COLLATE utf8mb3_unicode_ci NOT NULL,
  `handle` varchar(255) COLLATE utf8mb3_unicode_ci NOT NULL,
  `type` varchar(255) COLLATE utf8mb3_unicode_ci NOT NULL,
  `hasUrls` tinyint(1) NOT NULL DEFAULT 1,
  `url` varchar(255) COLLATE utf8mb3_unicode_ci DEFAULT NULL,
  `titleTranslationMethod` varchar(255) COLLATE utf8mb3_unicode_ci NOT NULL DEFAULT 'site',
  `titleTranslationKeyFormat` text COLLATE utf8mb3_unicode_ci DEFAULT NULL,
  `settings` text COLLATE utf8mb3_unicode_ci DEFAULT NULL,
  `sortOrder` smallint(6) unsigned DEFAULT NULL,
  `dateCreated` datetime NOT NULL,
  `dateUpdated` datetime NOT NULL,
  `dateDeleted` datetime DEFAULT NULL,
  `uid` char(36) COLLATE utf8mb3_unicode_ci NOT NULL DEFAULT '0',
  PRIMARY KEY (`id`),
  KEY `idx_veqckmikrormhuyizuquvjjufctjssponkxd` (`name`),
  KEY `idx_vlzbdemfkdfberjsgxcfkmamoirwfrsjaygm` (`handle`),
  KEY `idx_ywgdizydkjknjdpnqontxzozrqpiopoamcup` (`fieldLayoutId`),
  KEY `idx_uwzgobdycrpdagyvydvhnlvyxnexiafulnkn` (`dateDeleted`),
  CONSTRAINT `fk_bfhxpgzzcxuazgvwaphkonzhejpnurdvfcpq` FOREIGN KEY (`fieldLayoutId`) REFERENCES `fieldlayouts` (`id`) ON DELETE SET NULL
) ENGINE=InnoDB AUTO_INCREMENT=2 DEFAULT CHARSET=utf8mb3 COLLATE=utf8mb3_unicode_ci;
/*!40101 SET character_set_client = @saved_cs_client */;

--
-- Dumping data for table `volumes`
--

LOCK TABLES `volumes` WRITE;
/*!40000 ALTER TABLE `volumes` DISABLE KEYS */;
INSERT INTO `volumes` VALUES (1,7,'Uploads','uploads','craft\\volumes\\Local',1,'/uploads','site',NULL,'{\"path\":\"uploads/\"}',1,'2022-02-19 15:09:17','2022-02-20 12:41:50',NULL,'800c016b-2fa3-4b15-a888-4e0d4da70c32');
/*!40000 ALTER TABLE `volumes` ENABLE KEYS */;
UNLOCK TABLES;

--
-- Table structure for table `widgets`
--

DROP TABLE IF EXISTS `widgets`;
/*!40101 SET @saved_cs_client     = @@character_set_client */;
/*!40101 SET character_set_client = utf8 */;
CREATE TABLE `widgets` (
  `id` int(11) NOT NULL AUTO_INCREMENT,
  `userId` int(11) NOT NULL,
  `type` varchar(255) COLLATE utf8mb3_unicode_ci NOT NULL,
  `sortOrder` smallint(6) unsigned DEFAULT NULL,
  `colspan` tinyint(3) DEFAULT NULL,
  `settings` text COLLATE utf8mb3_unicode_ci DEFAULT NULL,
  `enabled` tinyint(1) NOT NULL DEFAULT 1,
  `dateCreated` datetime NOT NULL,
  `dateUpdated` datetime NOT NULL,
  `uid` char(36) COLLATE utf8mb3_unicode_ci NOT NULL DEFAULT '0',
  PRIMARY KEY (`id`),
  KEY `idx_ucmizvmfyqlebgtlgextxbzykecgztyuabvr` (`userId`),
  CONSTRAINT `fk_rbhwyvhywyianofwnifiqcckhxajdtlsncvg` FOREIGN KEY (`userId`) REFERENCES `users` (`id`) ON DELETE CASCADE
) ENGINE=InnoDB AUTO_INCREMENT=5 DEFAULT CHARSET=utf8mb3 COLLATE=utf8mb3_unicode_ci;
/*!40101 SET character_set_client = @saved_cs_client */;

--
-- Dumping data for table `widgets`
--

LOCK TABLES `widgets` WRITE;
/*!40000 ALTER TABLE `widgets` DISABLE KEYS */;
INSERT INTO `widgets` VALUES (1,1,'craft\\widgets\\RecentEntries',1,NULL,'{\"siteId\":1,\"section\":\"*\",\"limit\":10}',1,'2022-02-19 14:19:44','2022-02-19 14:19:44','86cc0f13-44c9-4ff3-a5a0-d7f168a2e9bf'),(2,1,'craft\\widgets\\CraftSupport',2,NULL,'[]',1,'2022-02-19 14:19:44','2022-02-19 14:19:44','64a80f16-06e6-484e-a0c0-1151a1bac3de'),(3,1,'craft\\widgets\\Updates',3,NULL,'[]',1,'2022-02-19 14:19:44','2022-02-19 14:19:44','2131b2af-ff67-4823-b607-c494d09a81b9'),(4,1,'craft\\widgets\\Feed',4,NULL,'{\"url\":\"https://craftcms.com/news.rss\",\"title\":\"Craft News\",\"limit\":5}',1,'2022-02-19 14:19:44','2022-02-19 14:19:44','91b0e623-a9be-45d5-a10f-ca8f43eab0fc');
/*!40000 ALTER TABLE `widgets` ENABLE KEYS */;
UNLOCK TABLES;
/*!40103 SET TIME_ZONE=@OLD_TIME_ZONE */;

/*!40101 SET SQL_MODE=@OLD_SQL_MODE */;
/*!40014 SET FOREIGN_KEY_CHECKS=@OLD_FOREIGN_KEY_CHECKS */;
/*!40014 SET UNIQUE_CHECKS=@OLD_UNIQUE_CHECKS */;
/*!40101 SET CHARACTER_SET_CLIENT=@OLD_CHARACTER_SET_CLIENT */;
/*!40101 SET CHARACTER_SET_RESULTS=@OLD_CHARACTER_SET_RESULTS */;
/*!40101 SET COLLATION_CONNECTION=@OLD_COLLATION_CONNECTION */;
/*!40111 SET SQL_NOTES=@OLD_SQL_NOTES */;

-- Dump completed on 2022-02-26 18:15:21
